{"type": "FeatureCollection", "features": [{"type": "Feature", "geometry": {"type": "Polygon", "coordinates": [[[96.690987, 27.662832], [96.683739, 27.668501], [96.652405, 27.673368], [96.632919, 27.684227], [96.622581, 27.698261], [96.619926, 27.708893], [96.62429, 27.71982], [96.638336, 27.729208], [96.643509, 27.737461], [96.634682, 27.749781], [96.617004, 27.765619], [96.616302, 27.773457], [96.624115, 27.784019], [96.638313, 27.803225], [96.638092, 27.814634], [96.633919, 27.826979], [96.62281, 27.835394], [96.623871, 27.847704], [96.617561, 27.857166], [96.602867, 27.856125], [96.589622, 27.852861], [96.576355, 27.862535], [96.554367, 27.885542], [96.532448, 27.900259], [96.513893, 27.905306], [96.485229, 27.908817], [96.434601, 27.913578], [96.420097, 27.922848], [96.411812, 27.935093], [96.400131, 27.957001], [96.395447, 27.974558], [96.374565, 27.997417], [96.337631, 28.022448], [96.291428, 28.061356], [96.276947, 28.079914], [96.276619, 28.090809], [96.283112, 28.095831], [96.305939, 28.105375], [96.319839, 28.117907], [96.330856, 28.130733], [96.33091, 28.140038], [96.329544, 28.147419], [96.339165, 28.171768], [96.339111, 28.184702], [96.32724, 28.200926], [96.314911, 28.218227], [96.301506, 28.236156], [96.29908, 28.248816], [96.298607, 28.267479], [96.305359, 28.283331], [96.314934, 28.298374], [96.338051, 28.327534], [96.340744, 28.339149], [96.332176, 28.353991], [96.314934, 28.365072], [96.303169, 28.377213], [96.30957, 28.381842], [96.315323, 28.38842], [96.319878, 28.38616], [96.330513, 28.387779], [96.361847, 28.393751], [96.370941, 28.3943], [96.374847, 28.38727], [96.380013, 28.364092], [96.392151, 28.36265], [96.399406, 28.3445], [96.412712, 28.346731], [96.422859, 28.350971], [96.426987, 28.36343], [96.428726, 28.372511], [96.429932, 28.38105], [96.430519, 28.386091], [96.431999, 28.391731], [96.439148, 28.40103], [96.446983, 28.407171], [96.453827, 28.415649], [96.458267, 28.419222], [96.469727, 28.42281], [96.479988, 28.42461], [96.496727, 28.423559], [96.506287, 28.420061], [96.510262, 28.418308], [96.520142, 28.42334], [96.533859, 28.434641], [96.551132, 28.442223], [96.559532, 28.45303], [96.57959, 28.463093], [96.598663, 28.46623], [96.621422, 28.464401], [96.639183, 28.46413], [96.660088, 28.466351], [96.664566, 28.465771], [96.6754, 28.45676], [96.68145, 28.451202], [96.687347, 28.44828], [96.7062, 28.437469], [96.716873, 28.432949], [96.733986, 28.43079], [96.739967, 28.427233], [96.751053, 28.421713], [96.757492, 28.41543], [96.763161, 28.404219], [96.767326, 28.3897], [96.770683, 28.38076], [96.774376, 28.374071], [96.782578, 28.37039], [96.797089, 28.370501], [96.811569, 28.368101], [96.826477, 28.367203], [96.852219, 28.368361], [96.862488, 28.378309], [96.869568, 28.38084], [96.880013, 28.38279], [96.893951, 28.386141], [96.898666, 28.3859], [96.90419, 28.37991], [96.910286, 28.371401], [96.91996, 28.36335], [96.919777, 28.359221], [96.920898, 28.352188], [96.925903, 28.34503], [96.942291, 28.34206], [96.952766, 28.339951], [96.961937, 28.332029], [96.97406, 28.32369], [96.979736, 28.322281], [96.986992, 28.322191], [96.996498, 28.316231], [97.004288, 28.31838], [97.02269, 28.32626], [97.027153, 28.330061], [97.036369, 28.338673], [97.041351, 28.349211], [97.045326, 28.354111], [97.051819, 28.358068], [97.061111, 28.35832], [97.066132, 28.35951], [97.0793, 28.365089], [97.092567, 28.369692], [97.094917, 28.368773], [97.098251, 28.367472], [97.104187, 28.362982], [97.112793, 28.35891], [97.120956, 28.357988], [97.125938, 28.35622], [97.129807, 28.35141], [97.138992, 28.34437], [97.151993, 28.33403], [97.158806, 28.326941], [97.165367, 28.313011], [97.169373, 28.302252], [97.17392, 28.299061], [97.178001, 28.2973], [97.183037, 28.296322], [97.192596, 28.294401], [97.202736, 28.295601], [97.214027, 28.299051], [97.224243, 28.299891], [97.22802, 28.294453], [97.234192, 28.28079], [97.241241, 28.275131], [97.254433, 28.276468], [97.268127, 28.278261], [97.282066, 28.27626], [97.292572, 28.270639], [97.306328, 28.263968], [97.307663, 28.258101], [97.313042, 28.251831], [97.322029, 28.251881], [97.327377, 28.25082], [97.333771, 28.24778], [97.341713, 28.24217], [97.349503, 28.235813], [97.351357, 28.234301], [97.356888, 28.2332], [97.36499, 28.23159], [97.374657, 28.225601], [97.377007, 28.223419], [97.381248, 28.219469], [97.389679, 28.21236], [97.400566, 28.2005], [97.400421, 28.19351], [97.392227, 28.1912], [97.387192, 28.19451], [97.382233, 28.19655], [97.372017, 28.200399], [97.363571, 28.196468], [97.361778, 28.193159], [97.35923, 28.18845], [97.351837, 28.18154], [97.34127, 28.172251], [97.330803, 28.162971], [97.327057, 28.15431], [97.324699, 28.14823], [97.326706, 28.14164], [97.331703, 28.135721], [97.334953, 28.131269], [97.335075, 28.131105], [97.340027, 28.12455], [97.339012, 28.119541], [97.327217, 28.109461], [97.317482, 28.100996], [97.31694, 28.100519], [97.310211, 28.09325], [97.308113, 28.085728], [97.307747, 28.077101], [97.31179, 28.06995], [97.318863, 28.06706], [97.331673, 28.065363], [97.345329, 28.066591], [97.3498, 28.06699], [97.356758, 28.06761], [97.366043, 28.068098], [97.37352, 28.070238], [97.373993, 28.062592], [97.371834, 28.058945], [97.367973, 28.052429], [97.377068, 28.039091], [97.382187, 28.04019], [97.389763, 28.03739], [97.398567, 28.034111], [97.405617, 28.030048], [97.41156, 28.027271], [97.415161, 28.02408], [97.413948, 28.019239], [97.411629, 28.015141], [97.402222, 28.01302], [97.401428, 28.012941], [97.391212, 28.01193], [97.38884, 28.006201], [97.383308, 27.993671], [97.382767, 27.992451], [97.378067, 27.986151], [97.378151, 27.981791], [97.37822, 27.9785], [97.37854, 27.963211], [97.375618, 27.944389], [97.382683, 27.93611], [97.387657, 27.930731], [97.387688, 27.9266], [97.381073, 27.92112], [97.378563, 27.918011], [97.379791, 27.912588], [97.38755, 27.903681], [97.389023, 27.896379], [97.378479, 27.89311], [97.371353, 27.88693], [97.364799, 27.88513], [97.350006, 27.891338], [97.343521, 27.89406], [97.335579, 27.893169], [97.321167, 27.889511], [97.322853, 27.903419], [97.323936, 27.91186], [97.322166, 27.916201], [97.314743, 27.925192], [97.308708, 27.92996], [97.301743, 27.92708], [97.288109, 27.92178], [97.280746, 27.91955], [97.256477, 27.909531], [97.2472, 27.90391], [97.241241, 27.895451], [97.236771, 27.889938], [97.226471, 27.88216], [97.220497, 27.87739], [97.21244, 27.872], [97.20256, 27.864403], [97.195602, 27.8564], [97.195435, 27.856236], [97.193611, 27.855202], [97.191856, 27.852751], [97.189491, 27.850451], [97.18792, 27.847601], [97.186981, 27.8459], [97.181831, 27.841751], [97.180527, 27.841162], [97.174446, 27.838423], [97.167809, 27.83626], [97.168678, 27.83086], [97.163971, 27.826771], [97.16288, 27.824608], [97.160347, 27.822592], [97.15226, 27.819201], [97.144287, 27.816961], [97.137352, 27.815062], [97.133942, 27.806471], [97.127876, 27.801071], [97.124283, 27.7985], [97.114891, 27.795933], [97.102463, 27.793421], [97.098396, 27.78857], [97.09964, 27.784405], [97.100113, 27.782803], [97.104767, 27.775188], [97.101196, 27.767231], [97.098076, 27.75728], [97.09642, 27.749929], [97.091423, 27.748461], [97.086281, 27.75041], [97.082352, 27.7519], [97.067543, 27.759722], [97.062012, 27.75745], [97.056557, 27.752029], [97.04808, 27.749338], [97.037361, 27.752161], [97.028572, 27.749121], [97.015747, 27.740631], [97.013222, 27.735361], [97.010323, 27.7255], [97.005501, 27.71549], [97.003227, 27.71047], [97.001457, 27.7082], [96.997208, 27.70274], [96.988838, 27.696899], [96.984848, 27.69099], [96.982559, 27.67977], [96.978302, 27.671873], [96.9776, 27.671923], [96.958656, 27.67428], [96.948769, 27.671429], [96.942322, 27.66745], [96.938873, 27.66074], [96.935226, 27.65984], [96.928963, 27.656033], [96.92701, 27.641901], [96.925568, 27.640202], [96.920303, 27.632671], [96.919449, 27.631451], [96.913086, 27.627489], [96.912086, 27.627232], [96.900581, 27.624269], [96.889641, 27.62995], [96.886986, 27.632332], [96.865158, 27.63921], [96.859703, 27.63773], [96.852669, 27.632273], [96.833778, 27.637001], [96.829689, 27.640911], [96.822472, 27.640369], [96.81665, 27.641298], [96.811111, 27.639601], [96.806129, 27.640619], [96.79512, 27.64797], [96.786377, 27.650513], [96.783081, 27.648628], [96.777687, 27.639158], [96.777046, 27.63155], [96.772102, 27.62421], [96.768646, 27.62509], [96.760201, 27.629311], [96.75032, 27.64057], [96.736198, 27.649462], [96.730583, 27.655188], [96.713997, 27.656288], [96.70916, 27.65848], [96.70356, 27.66823], [96.69825, 27.665293], [96.691498, 27.66287], [96.690987, 27.662832]]]}, "properties": {"name": "Anjaw", "state": "Arunachal Pradesh"}}, {"type": "Feature", "geometry": {"type": "Polygon", "coordinates": [[[97.058899, 27.114071], [97.052582, 27.118931], [97.047913, 27.123741], [97.04554, 27.12682], [97.042, 27.131269], [97.035011, 27.13711], [97.03022, 27.141741], [97.020996, 27.145451], [97.013153, 27.146881], [97.006813, 27.14983], [96.999001, 27.15395], [96.992561, 27.161221], [96.984657, 27.16671], [96.973511, 27.171053], [96.96373, 27.17259], [96.955261, 27.173681], [96.944679, 27.174051], [96.928017, 27.175133], [96.918411, 27.175489], [96.902733, 27.180779], [96.896896, 27.183361], [96.882973, 27.190519], [96.875633, 27.19356], [96.866226, 27.19969], [96.864021, 27.206902], [96.863579, 27.2122], [96.863373, 27.21924], [96.866257, 27.223619], [96.8741, 27.22669], [96.880318, 27.23077], [96.885201, 27.232599], [96.890007, 27.23687], [96.891403, 27.24091], [96.892693, 27.247631], [96.887039, 27.25473], [96.887909, 27.25939], [96.888779, 27.263599], [96.885101, 27.26796], [96.875076, 27.26716], [96.866226, 27.269051], [96.861717, 27.272511], [96.855667, 27.28031], [96.853783, 27.29067], [96.851776, 27.300411], [96.849747, 27.30628], [96.836258, 27.310541], [96.831253, 27.31464], [96.824867, 27.320471], [96.821602, 27.32445], [96.817101, 27.32954], [96.812759, 27.336418], [96.808632, 27.344921], [96.805847, 27.35043], [96.802361, 27.354431], [96.79483, 27.35648], [96.785316, 27.35881], [96.779602, 27.362101], [96.772957, 27.36496], [96.759796, 27.363291], [96.754196, 27.36277], [96.747757, 27.364031], [96.740692, 27.36446], [96.728447, 27.372391], [96.722519, 27.376951], [96.712547, 27.38073], [96.708763, 27.375191], [96.706383, 27.371161], [96.699097, 27.365561], [96.693741, 27.365519], [96.683167, 27.36894], [96.676193, 27.370899], [96.670158, 27.372301], [96.660843, 27.371389], [96.656036, 27.368921], [96.646118, 27.36783], [96.639137, 27.36924], [96.630371, 27.37183], [96.620483, 27.37282], [96.612541, 27.36937], [96.610771, 27.367308], [96.60894, 27.365183], [96.602608, 27.360718], [96.602516, 27.360651], [96.598297, 27.356451], [96.597939, 27.3515], [96.599014, 27.348925], [96.600807, 27.344631], [96.597206, 27.343008], [96.596321, 27.342609], [96.591667, 27.340851], [96.585922, 27.33684], [96.579918, 27.333651], [96.575439, 27.329191], [96.565987, 27.32666], [96.561829, 27.325253], [96.556213, 27.32062], [96.550461, 27.31472], [96.545273, 27.309723], [96.537598, 27.304298], [96.530746, 27.29805], [96.522331, 27.29397], [96.517036, 27.300579], [96.51181, 27.30405], [96.505386, 27.3076], [96.500031, 27.309361], [96.494026, 27.306261], [96.486031, 27.305231], [96.479179, 27.308081], [96.470749, 27.312462], [96.466667, 27.31105], [96.461586, 27.309111], [96.452507, 27.309801], [96.446136, 27.310301], [96.439766, 27.31036], [96.433487, 27.30994], [96.424957, 27.306141], [96.416092, 27.299892], [96.408623, 27.29995], [96.401733, 27.298561], [96.391571, 27.29458], [96.382797, 27.29752], [96.373703, 27.298931], [96.36412, 27.300161], [96.361519, 27.29406], [96.357887, 27.291658], [96.355202, 27.289883], [96.348076, 27.288462], [96.347717, 27.288391], [96.341187, 27.29158], [96.335747, 27.29594], [96.320396, 27.298019], [96.310837, 27.30204], [96.303307, 27.299223], [96.290428, 27.294071], [96.282173, 27.28602], [96.278656, 27.279383], [96.267433, 27.27784], [96.254211, 27.280981], [96.241386, 27.28429], [96.234329, 27.28488], [96.227097, 27.2806], [96.218109, 27.269581], [96.205856, 27.26613], [96.196327, 27.26519], [96.194069, 27.263453], [96.191879, 27.26177], [96.185204, 27.256634], [96.182098, 27.25425], [96.181168, 27.254261], [96.163689, 27.25448], [96.150406, 27.24951], [96.114502, 27.233311], [96.099022, 27.231409], [96.092133, 27.226671], [96.087311, 27.218599], [96.086388, 27.217051], [96.085159, 27.216778], [96.068977, 27.21319], [96.057281, 27.202791], [96.03643, 27.196051], [96.029793, 27.18779], [96.027, 27.179018], [96.022987, 27.166389], [96.016937, 27.154791], [96.004318, 27.140442], [96.00325, 27.139332], [95.989586, 27.125191], [95.979187, 27.110729], [95.973892, 27.102013], [95.971939, 27.098791], [95.963066, 27.08198], [95.957123, 27.06822], [95.945969, 27.05971], [95.940277, 27.055773], [95.936249, 27.052992], [95.923187, 27.048901], [95.91581, 27.045321], [95.909233, 27.0403], [95.900688, 27.03178], [95.889183, 27.027851], [95.877136, 27.020498], [95.867477, 27.022341], [95.857773, 27.02236], [95.837967, 27.01531], [95.82798, 27.018051], [95.8153, 27.022221], [95.807938, 27.020451], [95.804863, 27.011999], [95.779648, 26.98999], [95.772942, 26.982531], [95.771729, 26.978642], [95.767059, 26.972891], [95.76088, 26.963989], [95.761581, 26.959261], [95.763687, 26.944981], [95.760567, 26.942011], [95.756737, 26.94022], [95.752548, 26.930231], [95.754547, 26.925001], [95.757248, 26.920401], [95.758133, 26.9149], [95.754997, 26.907888], [95.745079, 26.9009], [95.735962, 26.89271], [95.730812, 26.887491], [95.72113, 26.883631], [95.712479, 26.884308], [95.711563, 26.88438], [95.711418, 26.88443], [95.703491, 26.88719], [95.698593, 26.89521], [95.692276, 26.89992], [95.687988, 26.901894], [95.690758, 26.903196], [95.697617, 26.917177], [95.696777, 26.941431], [95.696854, 26.943836], [95.68544, 26.961372], [95.685722, 26.968443], [95.684532, 26.984488], [95.663086, 26.9848], [95.646355, 26.990139], [95.634575, 27.010563], [95.632446, 27.026358], [95.653351, 27.062765], [95.652466, 27.080267], [95.642586, 27.099585], [95.648094, 27.110949], [95.661469, 27.120512], [95.667213, 27.124619], [95.670364, 27.133469], [95.674423, 27.149561], [95.675674, 27.167765], [95.67186, 27.178226], [95.6605, 27.185776], [95.65097, 27.190701], [95.643959, 27.199131], [95.645149, 27.20776], [95.644226, 27.214821], [95.638779, 27.228252], [95.637001, 27.23691], [95.679207, 27.25392], [95.679398, 27.256163], [95.684418, 27.25741], [95.695427, 27.258148], [95.701881, 27.25564], [95.715492, 27.2591], [95.721077, 27.257601], [95.725487, 27.25923], [95.73188, 27.266541], [95.736389, 27.26675], [95.739929, 27.26989], [95.757011, 27.274351], [95.784683, 27.279131], [95.790802, 27.28546], [95.800758, 27.2887], [95.80629, 27.29174], [95.806503, 27.288012], [95.808487, 27.28544], [95.810196, 27.28092], [95.837936, 27.287071], [95.850227, 27.29315], [95.860466, 27.29421], [95.861923, 27.29003], [95.860641, 27.283421], [95.860847, 27.279793], [95.86544, 27.276682], [95.872383, 27.266911], [95.877602, 27.267408], [95.882431, 27.266941], [95.887657, 27.263321], [95.893967, 27.263012], [95.898109, 27.264311], [95.901161, 27.276388], [95.904289, 27.27986], [95.904533, 27.28624], [95.90239, 27.28783], [95.906433, 27.29188], [95.912292, 27.29314], [95.918747, 27.299223], [95.940567, 27.309589], [95.963219, 27.317068], [95.965569, 27.321663], [95.962608, 27.324331], [95.967857, 27.32457], [95.969032, 27.328409], [95.968712, 27.331831], [95.978043, 27.332691], [95.984207, 27.334341], [95.972282, 27.334629], [95.970016, 27.336981], [95.974213, 27.339361], [95.977341, 27.3423], [95.993683, 27.35144], [95.994873, 27.360241], [95.996971, 27.36348], [96.002113, 27.364128], [96.003143, 27.36446], [96.013199, 27.364031], [96.018356, 27.367901], [96.020912, 27.37126], [96.014946, 27.37546], [96.010567, 27.381283], [96.008369, 27.387211], [96.002052, 27.393499], [96.000069, 27.39757], [96.001007, 27.403473], [95.994591, 27.412359], [95.990936, 27.414572], [95.991226, 27.419399], [95.989456, 27.421721], [95.979523, 27.42185], [95.978073, 27.425331], [95.980927, 27.426123], [95.980232, 27.43022], [95.977829, 27.432291], [95.977783, 27.435499], [95.973297, 27.43675], [95.971779, 27.43037], [95.968033, 27.42412], [95.967033, 27.436661], [95.963577, 27.43548], [95.961052, 27.428711], [95.957291, 27.43288], [95.952972, 27.433281], [95.950523, 27.437241], [95.953506, 27.440771], [95.953072, 27.443451], [95.94989, 27.445021], [95.943001, 27.44639], [95.933273, 27.446688], [95.916847, 27.443159], [95.911171, 27.43996], [95.907967, 27.43264], [95.906128, 27.423269], [95.900101, 27.411331], [95.893059, 27.40604], [95.891876, 27.409781], [95.894257, 27.414383], [95.894379, 27.418289], [95.89003, 27.426411], [95.88942, 27.431629], [95.890373, 27.439671], [95.888657, 27.444071], [95.882591, 27.44408], [95.875771, 27.435358], [95.864906, 27.429012], [95.863243, 27.424858], [95.864227, 27.421318], [95.866669, 27.41921], [95.867332, 27.41715], [95.857956, 27.420681], [95.857613, 27.42482], [95.855736, 27.42767], [95.849342, 27.430321], [95.849472, 27.43491], [95.852913, 27.444759], [95.855171, 27.447371], [95.859558, 27.449053], [95.863792, 27.45203], [95.859459, 27.46261], [95.861168, 27.466299], [95.866066, 27.469023], [95.876259, 27.471109], [95.878433, 27.475601], [95.881256, 27.487421], [95.879158, 27.49267], [95.879051, 27.499191], [95.880463, 27.501101], [95.886047, 27.503563], [95.889641, 27.506168], [95.887108, 27.511271], [95.881798, 27.515091], [95.878479, 27.519831], [95.880806, 27.522511], [95.879921, 27.529791], [95.881439, 27.545832], [95.881332, 27.55323], [96.001663, 27.565821], [96.004898, 27.562931], [96.018761, 27.57332], [96.026161, 27.57748], [96.035431, 27.586201], [96.04406, 27.59293], [96.050507, 27.594641], [96.056427, 27.59922], [96.059357, 27.606451], [96.064491, 27.612652], [96.076118, 27.61417], [96.09259, 27.617611], [96.105942, 27.621889], [96.11142, 27.621861], [96.11235, 27.622082], [96.128792, 27.625999], [96.130768, 27.622858], [96.136223, 27.62158], [96.137917, 27.61825], [96.133476, 27.615801], [96.135803, 27.61286], [96.143227, 27.613571], [96.163933, 27.60762], [96.170189, 27.60355], [96.173103, 27.6045], [96.174683, 27.60129], [96.184883, 27.596731], [96.192017, 27.5961], [96.19558, 27.594961], [96.200043, 27.58976], [96.202988, 27.5907], [96.206627, 27.58732], [96.211273, 27.586441], [96.212906, 27.584051], [96.219032, 27.583948], [96.223579, 27.580261], [96.22805, 27.574951], [96.234543, 27.57332], [96.240562, 27.573999], [96.245926, 27.57041], [96.256096, 27.57107], [96.262741, 27.569901], [96.267563, 27.570181], [96.271759, 27.564751], [96.27932, 27.56592], [96.286133, 27.563028], [96.29229, 27.562401], [96.299026, 27.565323], [96.310806, 27.57284], [96.317101, 27.578793], [96.331039, 27.586241], [96.334457, 27.59123], [96.336487, 27.59593], [96.337463, 27.60128], [96.3396, 27.605341], [96.347107, 27.60927], [96.351646, 27.61311], [96.355103, 27.63151], [96.371651, 27.64937], [96.375999, 27.65193], [96.381432, 27.647591], [96.387016, 27.64584], [96.391487, 27.649731], [96.397057, 27.65246], [96.397377, 27.655701], [96.414452, 27.6565], [96.416206, 27.658298], [96.422798, 27.658043], [96.426003, 27.655479], [96.43399, 27.656431], [96.436028, 27.659121], [96.43914, 27.658121], [96.443039, 27.659561], [96.447388, 27.659241], [96.45034, 27.65213], [96.454536, 27.650831], [96.455803, 27.64831], [96.462029, 27.648821], [96.46743, 27.650171], [96.472336, 27.64959], [96.476852, 27.652971], [96.483612, 27.653273], [96.490837, 27.652288], [96.49437, 27.6506], [96.506271, 27.64908], [96.511986, 27.65045], [96.51458, 27.649529], [96.522568, 27.64398], [96.530067, 27.651461], [96.534103, 27.654051], [96.54631, 27.654671], [96.553047, 27.654181], [96.561798, 27.65803], [96.569878, 27.664263], [96.585533, 27.66354], [96.591782, 27.660662], [96.59977, 27.661539], [96.607048, 27.654289], [96.61235, 27.654181], [96.611732, 27.650698], [96.617378, 27.645672], [96.62883, 27.63924], [96.637192, 27.638639], [96.644402, 27.63559], [96.661728, 27.641479], [96.669876, 27.649879], [96.672798, 27.655081], [96.680077, 27.657471], [96.685829, 27.662441], [96.690987, 27.662832], [96.691498, 27.66287], [96.69825, 27.665293], [96.70356, 27.66823], [96.70916, 27.65848], [96.713997, 27.656288], [96.730583, 27.655188], [96.736198, 27.649462], [96.75032, 27.64057], [96.760201, 27.629311], [96.768646, 27.62509], [96.772102, 27.62421], [96.777046, 27.63155], [96.777687, 27.639158], [96.783081, 27.648628], [96.786377, 27.650513], [96.79512, 27.64797], [96.806129, 27.640619], [96.811111, 27.639601], [96.81665, 27.641298], [96.822472, 27.640369], [96.829689, 27.640911], [96.833778, 27.637001], [96.852669, 27.632273], [96.859703, 27.63773], [96.865158, 27.63921], [96.886986, 27.632332], [96.889641, 27.62995], [96.900581, 27.624269], [96.897583, 27.620802], [96.897781, 27.618141], [96.899101, 27.600458], [96.899223, 27.59363], [96.903, 27.589899], [96.910118, 27.589922], [96.914032, 27.58843], [96.914093, 27.584393], [96.913246, 27.576302], [96.914223, 27.567291], [96.915428, 27.56045], [96.91581, 27.558283], [96.920349, 27.55562], [96.924538, 27.55126], [96.92865, 27.542311], [96.93364, 27.53722], [96.937683, 27.53006], [96.936386, 27.523251], [96.933502, 27.515711], [96.930817, 27.511881], [96.92572, 27.50304], [96.92186, 27.499367], [96.920769, 27.497221], [96.913857, 27.488413], [96.913651, 27.487869], [96.911217, 27.481522], [96.910812, 27.4746], [96.910927, 27.468019], [96.91185, 27.462709], [96.917557, 27.45886], [96.925926, 27.45645], [96.933342, 27.450512], [96.937027, 27.43959], [96.941391, 27.42695], [96.948891, 27.42094], [96.965523, 27.415359], [96.968933, 27.401821], [96.97554, 27.396002], [96.969009, 27.386271], [96.971741, 27.37895], [96.976967, 27.376751], [96.981979, 27.373711], [96.985046, 27.36261], [96.98954, 27.358521], [96.997467, 27.355101], [96.998428, 27.350868], [97.000267, 27.33996], [97.003342, 27.329941], [97.009552, 27.325649], [97.016869, 27.32008], [97.040329, 27.307859], [97.043587, 27.289751], [97.051643, 27.286503], [97.056671, 27.285641], [97.058853, 27.276798], [97.063316, 27.272249], [97.068512, 27.267521], [97.073669, 27.261881], [97.081841, 27.253868], [97.089371, 27.25082], [97.094078, 27.24789], [97.09597, 27.241211], [97.095146, 27.22143], [97.100502, 27.214979], [97.108047, 27.2131], [97.116699, 27.209221], [97.120239, 27.20459], [97.123901, 27.199871], [97.125687, 27.192389], [97.127296, 27.185171], [97.133591, 27.18096], [97.140312, 27.177469], [97.149918, 27.178341], [97.152893, 27.168411], [97.155998, 27.16218], [97.167206, 27.155479], [97.172157, 27.14436], [97.171738, 27.13681], [97.166252, 27.132561], [97.165901, 27.132292], [97.155907, 27.126381], [97.152367, 27.119671], [97.150116, 27.111521], [97.146935, 27.104033], [97.146431, 27.10284], [97.139946, 27.10129], [97.130989, 27.103741], [97.122337, 27.11202], [97.114693, 27.11993], [97.108559, 27.12126], [97.099213, 27.11857], [97.089256, 27.11384], [97.084282, 27.11195], [97.079102, 27.10998], [97.071518, 27.109171], [97.063019, 27.111082], [97.062683, 27.11116], [97.058899, 27.114071]]]}, "properties": {"name": "Changlang", "state": "Arunachal Pradesh"}}, {"type": "Feature", "geometry": {"type": "Polygon", "coordinates": [[[95.388947, 28.743771], [95.379257, 28.75589], [95.373596, 28.767031], [95.373146, 28.771561], [95.376717, 28.780081], [95.362076, 28.78931], [95.359947, 28.79512], [95.36042, 28.80061], [95.358139, 28.801571], [95.357521, 28.806671], [95.35289, 28.820421], [95.354736, 28.82543], [95.352348, 28.827881], [95.34565, 28.828371], [95.342766, 28.831011], [95.340431, 28.835508], [95.337837, 28.83692], [95.329666, 28.836128], [95.327293, 28.838171], [95.326317, 28.843561], [95.323433, 28.845501], [95.322342, 28.852791], [95.327103, 28.855911], [95.321037, 28.86437], [95.322403, 28.876381], [95.315353, 28.8881], [95.324623, 28.893972], [95.325119, 28.896481], [95.32222, 28.904753], [95.324371, 28.90851], [95.31739, 28.911831], [95.327156, 28.92095], [95.326942, 28.92329], [95.323196, 28.931721], [95.311546, 28.936081], [95.311859, 28.941971], [95.306541, 28.944738], [95.305046, 28.947849], [95.306793, 28.952353], [95.306061, 28.95619], [95.298721, 28.958538], [95.294708, 28.954712], [95.282356, 28.94849], [95.271812, 28.947041], [95.268143, 28.946991], [95.263, 28.94832], [95.254913, 28.952972], [95.254608, 28.95755], [95.258827, 28.963963], [95.260727, 28.965542], [95.259789, 28.967388], [95.255783, 28.969339], [95.254387, 28.971701], [95.254967, 28.98048], [95.254433, 28.98237], [95.243889, 28.989229], [95.242432, 29.00242], [95.250732, 29.004978], [95.254616, 29.008631], [95.264252, 29.02656], [95.269737, 29.02796], [95.274849, 29.03051], [95.276657, 29.03417], [95.274368, 29.04558], [95.270767, 29.04682], [95.267563, 29.049608], [95.272377, 29.058613], [95.277878, 29.05953], [95.286186, 29.06222], [95.297501, 29.06319], [95.30275, 29.06292], [95.308708, 29.059311], [95.318268, 29.055071], [95.331123, 29.051451], [95.34549, 29.04611], [95.373871, 29.04129], [95.384636, 29.03804], [95.399963, 29.0354], [95.410133, 29.034121], [95.416512, 29.03816], [95.421547, 29.04121], [95.429359, 29.041281], [95.438713, 29.037203], [95.447426, 29.036013], [95.454338, 29.036991], [95.459267, 29.0431], [95.464859, 29.054611], [95.470207, 29.0609], [95.47403, 29.065929], [95.482986, 29.071131], [95.485893, 29.07625], [95.48909, 29.089741], [95.491928, 29.10918], [95.491867, 29.12368], [95.494987, 29.1353], [95.49633, 29.14031], [95.503532, 29.14299], [95.513817, 29.13892], [95.527786, 29.134743], [95.538277, 29.130569], [95.546806, 29.128651], [95.546562, 29.14575], [95.547081, 29.151333], [95.546799, 29.15871], [95.546303, 29.16807], [95.545319, 29.18058], [95.545052, 29.181751], [95.541557, 29.19698], [95.537178, 29.208242], [95.53772, 29.214001], [95.545029, 29.21559], [95.560356, 29.216532], [95.57972, 29.217373], [95.5858, 29.217993], [95.585609, 29.228161], [95.587631, 29.242373], [95.593033, 29.25423], [95.598732, 29.261862], [95.605103, 29.26247], [95.620621, 29.25495], [95.631218, 29.249048], [95.638023, 29.24984], [95.642883, 29.256029], [95.652283, 29.26049], [95.660233, 29.265228], [95.673233, 29.271099], [95.683151, 29.277281], [95.692253, 29.286522], [95.697342, 29.294588], [95.701897, 29.300421], [95.706337, 29.30068], [95.715172, 29.2983], [95.727051, 29.302469], [95.7435, 29.31625], [95.745407, 29.329121], [95.765099, 29.344591], [95.772949, 29.351841], [95.777626, 29.3564], [95.783096, 29.35638], [95.786957, 29.347361], [95.791023, 29.337898], [95.796486, 29.33633], [95.802567, 29.339373], [95.803497, 29.340075], [95.810081, 29.34507], [95.819252, 29.352051], [95.826813, 29.355711], [95.840302, 29.353743], [95.848259, 29.35866], [95.85894, 29.36751], [95.875237, 29.38558], [95.880852, 29.391491], [95.889313, 29.391361], [95.899269, 29.389753], [95.909592, 29.38809], [95.935379, 29.384251], [95.957108, 29.382668], [95.965897, 29.38739], [95.977966, 29.40045], [95.98719, 29.406872], [95.993187, 29.41044], [96.002487, 29.412071], [96.014526, 29.42135], [96.025551, 29.43343], [96.034721, 29.442989], [96.044067, 29.45047], [96.055603, 29.45841], [96.06945, 29.462273], [96.080536, 29.463345], [96.087189, 29.461611], [96.092819, 29.45643], [96.101181, 29.445311], [96.113197, 29.427509], [96.123947, 29.41762], [96.139236, 29.407791], [96.149986, 29.39926], [96.157776, 29.383101], [96.163803, 29.37668], [96.175247, 29.364531], [96.180321, 29.355501], [96.185783, 29.344481], [96.185112, 29.3391], [96.183083, 29.309252], [96.1884, 29.30463], [96.197197, 29.298103], [96.203239, 29.293619], [96.207542, 29.281771], [96.210052, 29.27486], [96.226196, 29.259809], [96.234169, 29.24346], [96.243568, 29.235123], [96.250839, 29.233238], [96.265717, 29.236551], [96.266136, 29.236521], [96.282799, 29.235331], [96.292999, 29.235788], [96.293472, 29.236349], [96.312607, 29.2591], [96.32016, 29.26165], [96.345337, 29.267351], [96.350746, 29.271891], [96.358383, 29.281542], [96.363152, 29.285631], [96.369026, 29.286301], [96.374977, 29.28373], [96.375488, 29.283197], [96.375763, 29.282917], [96.382088, 29.276381], [96.387543, 29.263821], [96.392807, 29.2565], [96.391769, 29.246172], [96.388672, 29.236652], [96.387711, 29.233711], [96.380211, 29.22658], [96.371368, 29.218031], [96.369354, 29.213799], [96.366333, 29.20746], [96.363029, 29.1984], [96.358498, 29.181629], [96.346359, 29.17103], [96.332558, 29.169531], [96.310043, 29.168501], [96.30764, 29.16839], [96.306412, 29.16794], [96.290581, 29.162148], [96.272461, 29.160681], [96.266701, 29.161091], [96.260201, 29.16016], [96.255516, 29.154171], [96.248901, 29.150171], [96.238777, 29.148487], [96.238083, 29.148371], [96.22776, 29.146379], [96.217499, 29.1381], [96.215088, 29.133251], [96.208687, 29.12071], [96.205032, 29.114441], [96.200333, 29.10593], [96.185623, 29.09462], [96.17981, 29.0921], [96.169502, 29.087631], [96.16317, 29.086739], [96.15554, 29.085661], [96.124207, 29.080669], [96.114502, 29.077602], [96.136711, 29.06447], [96.150391, 29.053141], [96.160843, 29.03651], [96.165207, 29.020109], [96.168831, 29.01288], [96.175613, 29.003469], [96.180229, 28.999411], [96.184853, 28.988119], [96.184547, 28.977779], [96.180443, 28.96854], [96.162201, 28.959681], [96.155167, 28.955603], [96.15406, 28.94651], [96.150337, 28.94313], [96.145248, 28.937489], [96.155342, 28.928329], [96.162979, 28.92206], [96.165573, 28.91404], [96.166527, 28.90593], [96.174728, 28.904261], [96.185997, 28.91201], [96.204651, 28.919161], [96.215469, 28.9233], [96.228149, 28.929331], [96.248299, 28.942841], [96.255653, 28.959251], [96.260651, 28.965139], [96.268196, 28.971291], [96.281868, 28.98369], [96.286591, 28.99202], [96.293701, 28.99873], [96.301079, 29.002241], [96.309128, 29.00559], [96.314117, 29.008478], [96.321533, 29.01277], [96.337288, 29.024521], [96.341393, 29.027901], [96.346703, 29.032269], [96.357407, 29.034241], [96.368736, 29.03495], [96.388962, 29.034142], [96.404411, 29.03536], [96.420868, 29.037001], [96.435791, 29.037588], [96.438553, 29.038521], [96.449799, 29.042311], [96.450012, 29.042393], [96.458893, 29.04583], [96.464928, 29.052267], [96.466583, 29.054028], [96.469437, 29.055677], [96.477158, 29.060141], [96.479858, 29.061203], [96.491631, 29.06584], [96.500313, 29.070902], [96.508156, 29.073778], [96.518623, 29.078451], [96.5252, 29.079281], [96.511696, 29.05261], [96.505409, 29.041891], [96.498833, 29.03133], [96.492813, 29.02033], [96.488579, 29.010481], [96.484253, 29.005342], [96.477402, 28.99404], [96.481163, 28.982309], [96.481384, 28.981613], [96.481537, 28.981138], [96.484329, 28.972841], [96.487526, 28.96534], [96.493248, 28.96232], [96.493668, 28.962397], [96.500763, 28.96369], [96.513359, 28.97032], [96.518829, 28.970989], [96.521217, 28.96521], [96.522636, 28.955481], [96.523666, 28.948009], [96.530296, 28.93697], [96.535477, 28.93], [96.537926, 28.923199], [96.538727, 28.920982], [96.536873, 28.90966], [96.536079, 28.897171], [96.537453, 28.884121], [96.542259, 28.87921], [96.546867, 28.8745], [96.55265, 28.86409], [96.5532, 28.8631], [96.553818, 28.862425], [96.559769, 28.85593], [96.562859, 28.84799], [96.566978, 28.841921], [96.575859, 28.83049], [96.584259, 28.82152], [96.595146, 28.815201], [96.603836, 28.80442], [96.608383, 28.798071], [96.611237, 28.790041], [96.615997, 28.77858], [96.615517, 28.76482], [96.613617, 28.759798], [96.609436, 28.753382], [96.59816, 28.73802], [96.585938, 28.721588], [96.572327, 28.71471], [96.560013, 28.711863], [96.532227, 28.711498], [96.527206, 28.710218], [96.522369, 28.708981], [96.508026, 28.70112], [96.498413, 28.69257], [96.49057, 28.688498], [96.484322, 28.688299], [96.47274, 28.68821], [96.470543, 28.684551], [96.474251, 28.680313], [96.474991, 28.67947], [96.478401, 28.672878], [96.483932, 28.66526], [96.486816, 28.65877], [96.49115, 28.650723], [96.491592, 28.649948], [96.495163, 28.643761], [96.494057, 28.638191], [96.48423, 28.63154], [96.472893, 28.622473], [96.45826, 28.613871], [96.444443, 28.605989], [96.439369, 28.600811], [96.435028, 28.596991], [96.42807, 28.587141], [96.422501, 28.58503], [96.415077, 28.58843], [96.407356, 28.594433], [96.400917, 28.594311], [96.39994, 28.590441], [96.406151, 28.57789], [96.4067, 28.571501], [96.406609, 28.564041], [96.400772, 28.56237], [96.394218, 28.562698], [96.386368, 28.56366], [96.370796, 28.564152], [96.367973, 28.563532], [96.347359, 28.576286], [96.286201, 28.597313], [96.232681, 28.620251], [96.179161, 28.645098], [96.152397, 28.654654], [96.123726, 28.654654], [96.072121, 28.654654], [96.010956, 28.650831], [95.944061, 28.641275], [95.903923, 28.625984], [95.873337, 28.610693], [95.848488, 28.610693], [95.817909, 28.610693], [95.789238, 28.606871], [95.775856, 28.593491], [95.752922, 28.593491], [95.705139, 28.608782], [95.674553, 28.614515], [95.649704, 28.624075], [95.624855, 28.652742], [95.580894, 28.690971], [95.554138, 28.708174], [95.50444, 28.717731], [95.464302, 28.729198], [95.408867, 28.74449], [95.388947, 28.743771]]]}, "properties": {"name": "Dibang Valley", "state": "Arunachal Pradesh"}}, {"type": "Feature", "geometry": {"type": "Polygon", "coordinates": [[[93.271019, 27.595371], [93.27253, 27.594221], [93.280937, 27.590981], [93.284737, 27.58876], [93.281441, 27.58353], [93.280487, 27.580648], [93.281197, 27.579731], [93.284546, 27.578951], [93.298248, 27.5805], [93.299622, 27.579931], [93.302551, 27.576271], [93.30603, 27.57398], [93.311493, 27.568548], [93.321533, 27.567101], [93.325623, 27.563221], [93.327438, 27.559032], [93.330063, 27.55612], [93.330696, 27.5536], [93.328987, 27.55048], [93.327896, 27.549801], [93.322502, 27.54944], [93.318802, 27.54574], [93.317757, 27.53787], [93.316101, 27.535412], [93.310799, 27.531771], [93.305527, 27.52935], [93.299156, 27.527821], [93.295273, 27.525801], [93.294563, 27.524643], [93.296501, 27.522129], [93.300186, 27.521111], [93.302811, 27.515841], [93.304947, 27.509531], [93.304993, 27.507471], [93.306976, 27.506788], [93.310791, 27.507261], [93.31234, 27.505503], [93.312431, 27.503201], [93.313789, 27.501301], [93.31485, 27.497412], [93.316399, 27.496099], [93.315971, 27.493511], [93.319977, 27.491001], [93.319107, 27.485441], [93.319672, 27.479582], [93.321442, 27.475691], [93.322319, 27.469891], [93.326202, 27.466011], [93.326859, 27.464392], [93.325012, 27.460331], [93.324371, 27.453318], [93.322243, 27.452391], [93.320351, 27.449409], [93.318291, 27.44836], [93.315163, 27.44491], [93.318268, 27.44446], [93.320396, 27.44315], [93.328407, 27.445532], [93.330276, 27.44548], [93.33194, 27.444618], [93.338333, 27.434771], [93.343086, 27.433701], [93.351501, 27.42691], [93.361862, 27.423681], [93.368279, 27.418253], [93.36998, 27.413671], [93.36895, 27.41165], [93.36895, 27.4035], [93.372147, 27.395521], [93.373016, 27.38871], [93.368271, 27.38129], [93.372261, 27.373159], [93.363342, 27.368292], [93.357841, 27.366562], [93.342537, 27.35955], [93.339722, 27.356901], [93.337921, 27.357821], [93.328339, 27.35622], [93.322327, 27.354259], [93.315811, 27.3494], [93.312233, 27.348761], [93.307098, 27.346169], [93.305107, 27.344481], [93.30043, 27.33614], [93.295761, 27.332899], [93.289833, 27.3311], [93.291122, 27.32686], [93.291969, 27.315611], [93.295067, 27.313911], [93.295502, 27.31024], [93.295189, 27.308281], [93.293091, 27.307461], [93.294899, 27.3046], [93.29364, 27.30191], [93.294777, 27.29233], [93.288147, 27.287201], [93.281227, 27.28532], [93.27726, 27.282721], [93.27285, 27.281321], [93.26973, 27.278671], [93.264473, 27.278191], [93.258263, 27.276388], [93.253838, 27.273331], [93.251633, 27.268028], [93.247986, 27.2672], [93.246582, 27.266171], [93.245438, 27.266378], [93.243126, 27.263571], [93.237389, 27.25923], [93.233887, 27.257101], [93.230797, 27.256512], [93.226791, 27.25276], [93.225441, 27.252411], [93.232033, 27.245781], [93.233749, 27.240749], [93.230423, 27.24124], [93.228897, 27.23814], [93.226852, 27.238941], [93.224907, 27.238741], [93.22435, 27.236731], [93.224823, 27.234671], [93.223427, 27.233181], [93.222801, 27.230131], [93.226257, 27.224701], [93.225296, 27.222971], [93.222168, 27.22048], [93.220337, 27.217371], [93.221138, 27.213531], [93.220528, 27.210079], [93.221893, 27.206991], [93.221649, 27.205379], [93.224808, 27.20344], [93.22657, 27.201391], [93.229126, 27.20043], [93.235611, 27.202461], [93.249252, 27.204479], [93.255188, 27.208641], [93.262421, 27.21176], [93.264908, 27.21265], [93.273453, 27.21302], [93.279556, 27.20948], [93.283157, 27.201691], [93.285728, 27.20079], [93.29039, 27.195471], [93.300453, 27.18885], [93.301117, 27.184792], [93.30024, 27.18162], [93.302368, 27.180653], [93.305801, 27.1763], [93.309601, 27.175581], [93.310043, 27.174261], [93.294922, 27.165239], [93.291969, 27.16437], [93.283752, 27.164961], [93.282608, 27.16301], [93.279083, 27.16235], [93.273987, 27.159653], [93.27298, 27.156879], [93.270683, 27.15572], [93.26265, 27.15637], [93.250542, 27.15678], [93.245407, 27.15601], [93.23719, 27.14782], [93.229477, 27.142509], [93.225639, 27.141281], [93.216599, 27.140661], [93.213226, 27.13744], [93.211212, 27.13283], [93.213509, 27.11849], [93.216087, 27.11615], [93.220947, 27.115881], [93.230026, 27.111511], [93.233521, 27.111521], [93.242989, 27.113331], [93.256989, 27.110031], [93.259926, 27.11009], [93.272667, 27.10544], [93.27874, 27.09869], [93.283722, 27.094181], [93.284996, 27.09395], [93.284943, 27.09115], [93.286331, 27.08741], [93.287613, 27.08708], [93.293808, 27.07987], [93.296837, 27.078329], [93.300171, 27.078119], [93.304947, 27.081251], [93.307602, 27.07988], [93.313286, 27.081331], [93.319763, 27.072401], [93.323753, 27.06399], [93.33004, 27.06027], [93.337593, 27.047281], [93.337837, 27.044861], [93.339531, 27.042181], [93.342926, 27.041849], [93.343712, 27.0403], [93.343338, 27.0387], [93.340927, 27.034378], [93.343666, 27.02607], [93.341736, 27.018709], [93.34446, 27.01585], [93.345047, 27.01292], [93.341873, 27.010941], [93.340347, 27.00897], [93.339912, 27.005663], [93.34066, 27.003229], [93.347191, 26.994612], [93.36161, 26.983973], [93.369888, 26.983181], [93.386177, 26.985731], [93.386986, 26.98288], [93.380829, 26.9806], [93.381348, 26.97681], [93.387672, 26.974503], [93.390732, 26.96003], [93.374237, 26.960381], [93.347939, 26.963242], [93.266853, 26.956001], [93.222389, 26.949141], [93.18428, 26.93874], [93.108963, 26.92728], [93.091873, 26.915541], [93.076363, 26.919941], [93.06884, 26.92421], [93.060173, 26.921181], [93.038208, 26.917881], [93.019371, 26.91683], [92.997437, 26.930349], [92.995796, 26.930321], [92.993759, 26.931787], [92.986687, 26.93383], [92.982719, 26.93594], [92.980698, 26.935621], [92.972977, 26.940821], [92.961617, 26.945881], [92.951363, 26.94891], [92.93277, 26.95694], [92.926407, 26.960661], [92.921661, 26.961908], [92.91777, 26.964241], [92.914948, 26.969761], [92.916679, 26.984652], [92.899773, 26.996262], [92.890289, 26.999821], [92.88752, 27.000221], [92.883377, 27.00234], [92.872437, 27.0077], [92.836586, 27.01355], [92.824417, 27.01848], [92.785271, 27.03068], [92.769096, 27.033041], [92.727509, 27.0284], [92.713676, 27.026091], [92.702316, 27.02758], [92.682388, 27.03174], [92.658928, 27.038521], [92.657021, 27.03759], [92.65049, 27.024778], [92.639099, 27.018539], [92.635582, 27.025223], [92.623932, 27.02994], [92.605171, 27.045431], [92.597763, 27.05419], [92.590179, 27.080231], [92.59185, 27.08666], [92.600197, 27.09827], [92.594147, 27.105791], [92.595596, 27.107311], [92.601791, 27.109301], [92.601532, 27.121], [92.60688, 27.126692], [92.606781, 27.1373], [92.607872, 27.14142], [92.613426, 27.145201], [92.617073, 27.14731], [92.624489, 27.150011], [92.628777, 27.149912], [92.632233, 27.148743], [92.637703, 27.15144], [92.649803, 27.153111], [92.657471, 27.157303], [92.663147, 27.15855], [92.670418, 27.16258], [92.674858, 27.162128], [92.678032, 27.16494], [92.682869, 27.16643], [92.687927, 27.16695], [92.697166, 27.17382], [92.716667, 27.177151], [92.725197, 27.18218], [92.728729, 27.185381], [92.73671, 27.18882], [92.738716, 27.191759], [92.742531, 27.193001], [92.746513, 27.19562], [92.749878, 27.196569], [92.764641, 27.19696], [92.768311, 27.195431], [92.781609, 27.18231], [92.798866, 27.182631], [92.812088, 27.179251], [92.816193, 27.179211], [92.832329, 27.18878], [92.855377, 27.194361], [92.864296, 27.19507], [92.869263, 27.199331], [92.875549, 27.20182], [92.893837, 27.20602], [92.899803, 27.20962], [92.902946, 27.215191], [92.903053, 27.221291], [92.897041, 27.234859], [92.895287, 27.25001], [92.897697, 27.25116], [92.899361, 27.25423], [92.894058, 27.259901], [92.896126, 27.267721], [92.888039, 27.272079], [92.885529, 27.27693], [92.889229, 27.278671], [92.890091, 27.282398], [92.888153, 27.285841], [92.883926, 27.287621], [92.878403, 27.28857], [92.877098, 27.291599], [92.874016, 27.293812], [92.871361, 27.292261], [92.847412, 27.29073], [92.844566, 27.303989], [92.832756, 27.31241], [92.829201, 27.3132], [92.820847, 27.318069], [92.819099, 27.32128], [92.809151, 27.32901], [92.806847, 27.333273], [92.808907, 27.33564], [92.808746, 27.33795], [92.805351, 27.345181], [92.799797, 27.35148], [92.801559, 27.35236], [92.80336, 27.350519], [92.806557, 27.350851], [92.806137, 27.35339], [92.804161, 27.35696], [92.806198, 27.360188], [92.814507, 27.35601], [92.815659, 27.359671], [92.81498, 27.36417], [92.815796, 27.367559], [92.813759, 27.369221], [92.813393, 27.37355], [92.814507, 27.37842], [92.815948, 27.380461], [92.822258, 27.378401], [92.823563, 27.382111], [92.822868, 27.386568], [92.820976, 27.391109], [92.822113, 27.403473], [92.821396, 27.41045], [92.818367, 27.4175], [92.815727, 27.415201], [92.812393, 27.41724], [92.804672, 27.4202], [92.808121, 27.42288], [92.812256, 27.424561], [92.812782, 27.428061], [92.808067, 27.428928], [92.806679, 27.43189], [92.809013, 27.43449], [92.806366, 27.43622], [92.806923, 27.440479], [92.806076, 27.444021], [92.802933, 27.447781], [92.801086, 27.45208], [92.804146, 27.45363], [92.80484, 27.4582], [92.802788, 27.465931], [92.803162, 27.471041], [92.804703, 27.473022], [92.807716, 27.47484], [92.809303, 27.47797], [92.810638, 27.48525], [92.810547, 27.491991], [92.813278, 27.507931], [92.81189, 27.517481], [92.81456, 27.519081], [92.813606, 27.52515], [92.809761, 27.52335], [92.809486, 27.526239], [92.80706, 27.528709], [92.805679, 27.53301], [92.802521, 27.53499], [92.799057, 27.53871], [92.796547, 27.54435], [92.789871, 27.555], [92.783539, 27.55728], [92.779739, 27.55588], [92.771278, 27.550211], [92.750168, 27.552219], [92.738083, 27.555691], [92.73275, 27.55542], [92.729332, 27.55665], [92.718307, 27.55714], [92.715981, 27.55611], [92.712463, 27.55291], [92.708427, 27.55283], [92.70459, 27.54957], [92.697487, 27.548599], [92.692673, 27.544621], [92.684013, 27.54196], [92.678276, 27.538351], [92.665283, 27.536711], [92.65712, 27.526239], [92.646576, 27.535931], [92.643433, 27.543381], [92.642853, 27.552959], [92.64756, 27.571623], [92.646172, 27.576891], [92.650391, 27.581341], [92.652977, 27.586182], [92.65683, 27.58828], [92.675507, 27.605511], [92.68, 27.60627], [92.69117, 27.617701], [92.695557, 27.61799], [92.70845, 27.629261], [92.709068, 27.634081], [92.714088, 27.640471], [92.716972, 27.64777], [92.71917, 27.646801], [92.719513, 27.643101], [92.720818, 27.639971], [92.73185, 27.631969], [92.737526, 27.626831], [92.74453, 27.623152], [92.748306, 27.622648], [92.758522, 27.636681], [92.763687, 27.641123], [92.765846, 27.6464], [92.76696, 27.646912], [92.768707, 27.645201], [92.770859, 27.644451], [92.772957, 27.647341], [92.777916, 27.644621], [92.790527, 27.643221], [92.796997, 27.643869], [92.802689, 27.64551], [92.806221, 27.647322], [92.808617, 27.645941], [92.81208, 27.63755], [92.819313, 27.641239], [92.827209, 27.64715], [92.832642, 27.64786], [92.835388, 27.645611], [92.838997, 27.64616], [92.84478, 27.645851], [92.853127, 27.647942], [92.857216, 27.646921], [92.860931, 27.644979], [92.863083, 27.641821], [92.869057, 27.6366], [92.888893, 27.62129], [92.895447, 27.610653], [92.906479, 27.60461], [92.913803, 27.604481], [92.919449, 27.599211], [92.928291, 27.595251], [92.928787, 27.591671], [92.932503, 27.591051], [92.935913, 27.59263], [92.939781, 27.584471], [92.943138, 27.583061], [92.950447, 27.57723], [92.96019, 27.576509], [92.96476, 27.56983], [92.971336, 27.565121], [92.978889, 27.562731], [92.984238, 27.5634], [92.989487, 27.568331], [92.996307, 27.572269], [93.001907, 27.578451], [93.004593, 27.5798], [93.006889, 27.582069], [93.010406, 27.583679], [93.011353, 27.58717], [93.015671, 27.59248], [93.01577, 27.59528], [93.017036, 27.597158], [93.025887, 27.601509], [93.028946, 27.60384], [93.030838, 27.608421], [93.030647, 27.613878], [93.034172, 27.61688], [93.034119, 27.621941], [93.035431, 27.625957], [93.038658, 27.63265], [93.040222, 27.63798], [93.04422, 27.642981], [93.055099, 27.650431], [93.064636, 27.648861], [93.069412, 27.648941], [93.078926, 27.65122], [93.081207, 27.654341], [93.083191, 27.66305], [93.090439, 27.666813], [93.094177, 27.67248], [93.097549, 27.67852], [93.099533, 27.679331], [93.101547, 27.682859], [93.11216, 27.68615], [93.113571, 27.68586], [93.113861, 27.6891], [93.115318, 27.69199], [93.129326, 27.70282], [93.134682, 27.709558], [93.136673, 27.71118], [93.138206, 27.711411], [93.140793, 27.71699], [93.140686, 27.72901], [93.14431, 27.734541], [93.148483, 27.73868], [93.150452, 27.73966], [93.158058, 27.740191], [93.165329, 27.741859], [93.180702, 27.738701], [93.184937, 27.740028], [93.194992, 27.73901], [93.204018, 27.74028], [93.207748, 27.74189], [93.203926, 27.73563], [93.20256, 27.73111], [93.203217, 27.72921], [93.222839, 27.717421], [93.223122, 27.714668], [93.220528, 27.709148], [93.217522, 27.706091], [93.21096, 27.696541], [93.206902, 27.696751], [93.209328, 27.691999], [93.206352, 27.68722], [93.205078, 27.6859], [93.202217, 27.685249], [93.198563, 27.6796], [93.194321, 27.677429], [93.200676, 27.672798], [93.204353, 27.66564], [93.212097, 27.660671], [93.212517, 27.657871], [93.227913, 27.649509], [93.226936, 27.642801], [93.227676, 27.63941], [93.232193, 27.63059], [93.234596, 27.629572], [93.234123, 27.623541], [93.23703, 27.620169], [93.238617, 27.616261], [93.238571, 27.61536], [93.237038, 27.614611], [93.236259, 27.612591], [93.234161, 27.610628], [93.230568, 27.609081], [93.229088, 27.607052], [93.229691, 27.60585], [93.241478, 27.605949], [93.244789, 27.601101], [93.252113, 27.598101], [93.256607, 27.596661], [93.261383, 27.596291], [93.266136, 27.59786], [93.269096, 27.59684], [93.271019, 27.595371]]]}, "properties": {"name": "East Kameng", "state": "Arunachal Pradesh"}}, {"type": "Feature", "geometry": {"type": "Polygon", "coordinates": [[[95.515953, 27.881788], [95.384338, 27.842022], [95.316559, 27.87113], [95.308472, 27.867821], [95.292549, 27.86499], [95.236542, 27.848351], [95.194862, 27.83445], [95.051826, 27.79023], [95.048866, 27.786461], [95.038757, 27.777731], [95.031219, 27.774771], [95.01915, 27.772499], [94.997879, 27.77655], [94.987038, 27.770851], [94.930031, 27.756731], [94.883942, 27.74206], [94.860863, 27.739479], [94.858246, 27.741678], [94.858063, 27.745687], [94.862053, 27.746519], [94.865913, 27.74563], [94.860443, 27.754181], [94.860031, 27.757368], [94.860397, 27.760948], [94.862892, 27.764669], [94.863777, 27.76755], [94.865738, 27.77017], [94.868896, 27.772541], [94.869392, 27.776051], [94.868477, 27.77902], [94.871132, 27.779251], [94.875366, 27.781401], [94.874268, 27.78373], [94.875923, 27.784731], [94.880333, 27.784601], [94.882011, 27.78734], [94.88549, 27.78816], [94.887367, 27.790781], [94.887711, 27.7948], [94.889671, 27.799891], [94.894241, 27.800562], [94.896919, 27.80475], [94.899277, 27.80921], [94.896896, 27.811413], [94.891907, 27.813431], [94.897316, 27.822611], [94.901688, 27.82637], [94.902069, 27.83252], [94.910248, 27.837221], [94.905289, 27.843201], [94.906326, 27.84586], [94.912636, 27.847431], [94.91745, 27.85017], [94.921753, 27.854731], [94.926369, 27.85677], [94.930099, 27.86047], [94.926323, 27.863899], [94.922096, 27.863981], [94.914963, 27.862329], [94.910309, 27.863331], [94.9076, 27.867689], [94.90966, 27.87388], [94.906609, 27.883739], [94.912727, 27.885481], [94.915543, 27.888], [94.921577, 27.890362], [94.925407, 27.892851], [94.923866, 27.897701], [94.926086, 27.902052], [94.928001, 27.90926], [94.938591, 27.92152], [94.941902, 27.926632], [94.947899, 27.940821], [94.947067, 27.945841], [94.947136, 27.952553], [94.954483, 27.959011], [94.956429, 27.96867], [94.955147, 27.974951], [94.957527, 27.97747], [94.957748, 27.98011], [94.957893, 27.984179], [94.951256, 27.985371], [94.948257, 27.987551], [94.947868, 27.99024], [94.944, 27.991371], [94.941147, 27.993141], [94.928398, 27.99575], [94.922302, 28.000601], [94.900909, 27.99885], [94.896736, 27.997961], [94.893631, 28.000002], [94.883003, 28.000023], [94.881203, 28.003578], [94.885422, 28.013309], [94.887238, 28.01535], [94.893898, 28.017641], [94.898277, 28.019972], [94.902542, 28.023352], [94.906708, 28.03487], [94.910446, 28.038231], [94.928596, 28.047701], [94.931091, 28.050951], [94.930496, 28.053423], [94.924812, 28.058281], [94.924301, 28.058945], [94.920853, 28.06344], [94.917007, 28.064857], [94.915291, 28.0683], [94.900688, 28.079672], [94.916008, 28.09436], [94.92868, 28.09971], [94.932732, 28.10523], [94.934418, 28.109671], [94.937576, 28.112749], [94.941513, 28.115141], [94.943771, 28.11804], [94.946457, 28.12709], [94.949547, 28.131969], [94.937637, 28.140471], [94.931717, 28.14781], [94.917656, 28.149311], [94.913231, 28.151939], [94.91246, 28.15608], [94.908699, 28.161869], [94.909737, 28.168173], [94.909813, 28.17889], [94.914757, 28.199053], [94.913033, 28.203821], [94.909683, 28.208521], [94.902603, 28.21372], [94.897667, 28.219271], [94.89093, 28.23], [94.881371, 28.23535], [94.888367, 28.23875], [94.89312, 28.23797], [94.896393, 28.235811], [94.899261, 28.23501], [94.903267, 28.23741], [94.906349, 28.240721], [94.913567, 28.240831], [94.919487, 28.242083], [94.937141, 28.243361], [94.935417, 28.247259], [94.936203, 28.25407], [94.934013, 28.258831], [94.925148, 28.268169], [94.92321, 28.27243], [94.920776, 28.27541], [94.921043, 28.28134], [94.922737, 28.287991], [94.922386, 28.297091], [94.915886, 28.301481], [94.913017, 28.305443], [94.91333, 28.31299], [94.907883, 28.323441], [94.904793, 28.327108], [94.9039, 28.332001], [94.901497, 28.338091], [94.898613, 28.340549], [94.898018, 28.34654], [94.892097, 28.348459], [94.889458, 28.353621], [94.888733, 28.35857], [94.890068, 28.36268], [94.88726, 28.376841], [94.88176, 28.393579], [94.878616, 28.408022], [94.875908, 28.41185], [94.869431, 28.41572], [94.856987, 28.415871], [94.840027, 28.417641], [94.828613, 28.421068], [94.819221, 28.421751], [94.814247, 28.425289], [94.810318, 28.42618], [94.806053, 28.422392], [94.799141, 28.422861], [94.788826, 28.425541], [94.775452, 28.426991], [94.76329, 28.425741], [94.760612, 28.434198], [94.746941, 28.45616], [94.745773, 28.459881], [94.75174, 28.468931], [94.751358, 28.473942], [94.750252, 28.479881], [94.741356, 28.500322], [94.746437, 28.50629], [94.746986, 28.521339], [94.747696, 28.52331], [94.755157, 28.53068], [94.758301, 28.5359], [94.758537, 28.53739], [94.758942, 28.539993], [94.777657, 28.544487], [94.80677, 28.552639], [94.820747, 28.554968], [94.839378, 28.554968], [94.856842, 28.547981], [94.870819, 28.534006], [94.877808, 28.525854], [94.88945, 28.525854], [94.899933, 28.528185], [94.912743, 28.532843], [94.926712, 28.539829], [94.937195, 28.551474], [94.943016, 28.56312], [94.952332, 28.560789], [94.960487, 28.547981], [94.97213, 28.531677], [94.982613, 28.518867], [94.997749, 28.502565], [95.014053, 28.495579], [95.026863, 28.497908], [95.042, 28.504892], [95.052483, 28.511881], [95.065292, 28.511881], [95.081589, 28.504892], [95.090912, 28.487427], [95.102554, 28.476948], [95.103714, 28.461805], [95.103714, 28.444342], [95.101387, 28.42804], [95.08625, 28.417557], [95.073441, 28.407078], [95.072273, 28.39776], [95.079262, 28.387281], [95.088577, 28.379128], [95.101387, 28.365154], [95.110703, 28.353512], [95.120018, 28.33604], [95.120018, 28.31974], [95.120018, 28.299944], [95.108376, 28.290627], [95.107208, 28.270832], [95.107208, 28.254528], [95.109543, 28.237061], [95.11187, 28.226582], [95.12468, 28.210276], [95.133995, 28.204456], [95.147972, 28.204456], [95.160774, 28.200962], [95.167763, 28.190481], [95.18174, 28.168356], [95.195709, 28.149723], [95.208519, 28.14856], [95.22599, 28.149723], [95.2388, 28.162535], [95.281883, 28.177671], [95.298187, 28.196304], [95.29702, 28.209114], [95.30867, 28.221924], [95.323807, 28.223087], [95.336617, 28.226582], [95.338943, 28.234732], [95.338943, 28.256857], [95.337784, 28.273161], [95.344765, 28.280148], [95.359909, 28.280148], [95.377373, 28.280148], [95.396004, 28.299944], [95.406487, 28.315083], [95.409241, 28.31937], [95.411247, 28.319571], [95.415413, 28.316408], [95.435738, 28.318041], [95.438332, 28.31439], [95.446579, 28.30806], [95.450409, 28.30101], [95.450523, 28.29328], [95.457222, 28.2875], [95.461227, 28.282391], [95.462807, 28.277901], [95.462059, 28.268801], [95.463791, 28.26523], [95.466408, 28.26289], [95.47361, 28.268101], [95.477516, 28.269131], [95.480133, 28.27253], [95.486633, 28.275909], [95.492981, 28.274321], [95.512497, 28.27776], [95.527557, 28.285089], [95.532318, 28.28627], [95.534271, 28.288761], [95.536301, 28.289921], [95.541946, 28.283939], [95.542572, 28.279053], [95.549477, 28.279169], [95.550751, 28.277891], [95.550232, 28.272051], [95.55294, 28.268], [95.562256, 28.262341], [95.564636, 28.258751], [95.565002, 28.23926], [95.561577, 28.210159], [95.560783, 28.172018], [95.564369, 28.151043], [95.565628, 28.146952], [95.568787, 28.143009], [95.570457, 28.13542], [95.570236, 28.128469], [95.571281, 28.116381], [95.569763, 28.10626], [95.568871, 28.08272], [95.564606, 28.058945], [95.56282, 28.049011], [95.559708, 28.03966], [95.55423, 28.03265], [95.548737, 28.02799], [95.545631, 28.022381], [95.542007, 28.00971], [95.539566, 28.00552], [95.534943, 27.99453], [95.508263, 27.97295], [95.50502, 27.96867], [95.504318, 27.962069], [95.501587, 27.956188], [95.500343, 27.95055], [95.508957, 27.93556], [95.511063, 27.928701], [95.51638, 27.916468], [95.517273, 27.906038], [95.520088, 27.8908], [95.515953, 27.881788]]]}, "properties": {"name": "East Siang", "state": "Arunachal Pradesh"}}, {"type": "Feature", "geometry": {"type": "Polygon", "coordinates": [[[93.910591, 28.028866], [93.869469, 28.02529], [93.842796, 28.003468], [93.820976, 27.959824], [93.820976, 27.928303], [93.811279, 27.911331], [93.77491, 27.896782], [93.719139, 27.89436], [93.687622, 27.889509], [93.656097, 27.860413], [93.634277, 27.828894], [93.607605, 27.81192], [93.573662, 27.809496], [93.544563, 27.794947], [93.525169, 27.773125], [93.517891, 27.746454], [93.481522, 27.719782], [93.454849, 27.712509], [93.428177, 27.712509], [93.411209, 27.695536], [93.399086, 27.671289], [93.391731, 27.641867], [93.370323, 27.641867], [93.329605, 27.639153], [93.307892, 27.629654], [93.284821, 27.616081], [93.271019, 27.595371], [93.269096, 27.59684], [93.266136, 27.59786], [93.261383, 27.596291], [93.256607, 27.596661], [93.252113, 27.598101], [93.244789, 27.601101], [93.241478, 27.605949], [93.229691, 27.60585], [93.229088, 27.607052], [93.230568, 27.609081], [93.234161, 27.610628], [93.236259, 27.612591], [93.237038, 27.614611], [93.238571, 27.61536], [93.238617, 27.616261], [93.23703, 27.620169], [93.234123, 27.623541], [93.234596, 27.629572], [93.232193, 27.63059], [93.227676, 27.63941], [93.226936, 27.642801], [93.227913, 27.649509], [93.212517, 27.657871], [93.212097, 27.660671], [93.204353, 27.66564], [93.200676, 27.672798], [93.194321, 27.677429], [93.198563, 27.6796], [93.202217, 27.685249], [93.205078, 27.6859], [93.206352, 27.68722], [93.209328, 27.691999], [93.206902, 27.696751], [93.21096, 27.696541], [93.217522, 27.706091], [93.220528, 27.709148], [93.223122, 27.714668], [93.222839, 27.717421], [93.203217, 27.72921], [93.20256, 27.73111], [93.203926, 27.73563], [93.207748, 27.74189], [93.213463, 27.75149], [93.21888, 27.758791], [93.221107, 27.76063], [93.220123, 27.765112], [93.229706, 27.776201], [93.229729, 27.778271], [93.233658, 27.787741], [93.236282, 27.797901], [93.235001, 27.804562], [93.233101, 27.809431], [93.226547, 27.81987], [93.22245, 27.823191], [93.220352, 27.829163], [93.221039, 27.83197], [93.217293, 27.83214], [93.206078, 27.837231], [93.196068, 27.84726], [93.190407, 27.846741], [93.187637, 27.84577], [93.187332, 27.842609], [93.185753, 27.839121], [93.185226, 27.833271], [93.181908, 27.82897], [93.173782, 27.822371], [93.167252, 27.82272], [93.15892, 27.819563], [93.155991, 27.82048], [93.15274, 27.822611], [93.134148, 27.82472], [93.129837, 27.824211], [93.124153, 27.82011], [93.120377, 27.820051], [93.1082, 27.820461], [93.099106, 27.813412], [93.094673, 27.811701], [93.091507, 27.81299], [93.081718, 27.823139], [93.074577, 27.82889], [93.071716, 27.829922], [93.060951, 27.829811], [93.051216, 27.827271], [93.038979, 27.825731], [93.034798, 27.824249], [93.022652, 27.82365], [93.014748, 27.82049], [93.011467, 27.81991], [93.008087, 27.8209], [93.00341, 27.8262], [92.995857, 27.824869], [92.98188, 27.821161], [92.978378, 27.82402], [92.970879, 27.82518], [92.965889, 27.82699], [92.959167, 27.843403], [92.952637, 27.844549], [92.946213, 27.842352], [92.943886, 27.845928], [92.942322, 27.857941], [92.93734, 27.860901], [92.936867, 27.87149], [92.930443, 27.875851], [92.929947, 27.882601], [92.931358, 27.892879], [92.928223, 27.904819], [92.928612, 27.908491], [92.930717, 27.913509], [92.929482, 27.92045], [92.878563, 27.93895], [92.876701, 27.941069], [92.868896, 27.94627], [92.867737, 27.94475], [92.85791, 27.9496], [92.858353, 27.95702], [92.846039, 27.95715], [92.837517, 27.958441], [92.827759, 27.957838], [92.820457, 27.959578], [92.786522, 27.951139], [92.778137, 27.953991], [92.7565, 27.95763], [92.748787, 27.963631], [92.745659, 27.96763], [92.736702, 27.97296], [92.733162, 27.97793], [92.739487, 27.98941], [92.733521, 27.995708], [92.727791, 28.00148], [92.722084, 28.014475], [92.72126, 28.01634], [92.709541, 28.033279], [92.702469, 28.04084], [92.695427, 28.04837], [92.681252, 28.058578], [92.679649, 28.058945], [92.662933, 28.062771], [92.661163, 28.067701], [92.667259, 28.078268], [92.673119, 28.096701], [92.677635, 28.110374], [92.680161, 28.11801], [92.684906, 28.123425], [92.686989, 28.125799], [92.694153, 28.129826], [92.695763, 28.13073], [92.704582, 28.136568], [92.720901, 28.144979], [92.736557, 28.15155], [92.737854, 28.152466], [92.744247, 28.156973], [92.758331, 28.166901], [92.759537, 28.167725], [92.783028, 28.183741], [92.799637, 28.20223], [92.807549, 28.204079], [92.816177, 28.20162], [92.819321, 28.197411], [92.81768, 28.184311], [92.818619, 28.181597], [92.821266, 28.17392], [92.826469, 28.172035], [92.830101, 28.172956], [92.839378, 28.179205], [92.839607, 28.179359], [92.84729, 28.182821], [92.8526, 28.185232], [92.872757, 28.194389], [92.895256, 28.204611], [92.905327, 28.21524], [92.912949, 28.23502], [92.92289, 28.24258], [92.927719, 28.244139], [92.933472, 28.245991], [92.941727, 28.24865], [92.955521, 28.258329], [92.964523, 28.26181], [92.974472, 28.259621], [92.985962, 28.25131], [92.98687, 28.242491], [92.98999, 28.234423], [92.994659, 28.230261], [93.000359, 28.230791], [93.009949, 28.23987], [93.02034, 28.252298], [93.033783, 28.26313], [93.03289, 28.26683], [93.025658, 28.28664], [93.023933, 28.292767], [93.022621, 28.297405], [93.021912, 28.299931], [93.023666, 28.3032], [93.024979, 28.303276], [93.032242, 28.303699], [93.045921, 28.3025], [93.046249, 28.302471], [93.061676, 28.306931], [93.06266, 28.307152], [93.069168, 28.308615], [93.072037, 28.309259], [93.087112, 28.306221], [93.095352, 28.307079], [93.110687, 28.314791], [93.112137, 28.315521], [93.124786, 28.326799], [93.129066, 28.32649], [93.136467, 28.32489], [93.154968, 28.318481], [93.179787, 28.317211], [93.193756, 28.318041], [93.206932, 28.323271], [93.218979, 28.333731], [93.219887, 28.33551], [93.221268, 28.334709], [93.22477, 28.33622], [93.224846, 28.340981], [93.2276, 28.34498], [93.230133, 28.347361], [93.233467, 28.348591], [93.237679, 28.351379], [93.243927, 28.361431], [93.258003, 28.36763], [93.275887, 28.36713], [93.281113, 28.36541], [93.283127, 28.355719], [93.286507, 28.34878], [93.292526, 28.341009], [93.295967, 28.341068], [93.3013, 28.34235], [93.310341, 28.345961], [93.31826, 28.350151], [93.335251, 28.354021], [93.339546, 28.348091], [93.342628, 28.34613], [93.347939, 28.345289], [93.356522, 28.34514], [93.358818, 28.344351], [93.359543, 28.343111], [93.357323, 28.337521], [93.357788, 28.333521], [93.359276, 28.33053], [93.362862, 28.33042], [93.376991, 28.324209], [93.378563, 28.322363], [93.376907, 28.31736], [93.37735, 28.31226], [93.382431, 28.31354], [93.382896, 28.31028], [93.384743, 28.30707], [93.393097, 28.308969], [93.398636, 28.309919], [93.407036, 28.30757], [93.409401, 28.297661], [93.412842, 28.28923], [93.423431, 28.283501], [93.430321, 28.280828], [93.435432, 28.28364], [93.441177, 28.28343], [93.443863, 28.28405], [93.446373, 28.28294], [93.451653, 28.272779], [93.45388, 28.27257], [93.467339, 28.274641], [93.47036, 28.276649], [93.474792, 28.28203], [93.478409, 28.28232], [93.490501, 28.277861], [93.49778, 28.27754], [93.508263, 28.27297], [93.515083, 28.2717], [93.53421, 28.270458], [93.541229, 28.268822], [93.553139, 28.26227], [93.555717, 28.261492], [93.563171, 28.263069], [93.570343, 28.25695], [93.576019, 28.26214], [93.585678, 28.269173], [93.591583, 28.272188], [93.596069, 28.273211], [93.609528, 28.27298], [93.618362, 28.287121], [93.621651, 28.296541], [93.626762, 28.3067], [93.62912, 28.309191], [93.63266, 28.310171], [93.648956, 28.304392], [93.655922, 28.30555], [93.661766, 28.307871], [93.669861, 28.317621], [93.679489, 28.322712], [93.682663, 28.321609], [93.693527, 28.312441], [93.70089, 28.30901], [93.720917, 28.29232], [93.72847, 28.28879], [93.741379, 28.287781], [93.745033, 28.28566], [93.747513, 28.281031], [93.751236, 28.2784], [93.757057, 28.26951], [93.764633, 28.264071], [93.773056, 28.261141], [93.778542, 28.261843], [93.785713, 28.25868], [93.81723, 28.250181], [93.838631, 28.24048], [93.841019, 28.23757], [93.839958, 28.2311], [93.842079, 28.21973], [93.845787, 28.209122], [93.849876, 28.20075], [93.875526, 28.162401], [93.892029, 28.130239], [93.879967, 28.127201], [93.875908, 28.12237], [93.875656, 28.116661], [93.880249, 28.109289], [93.878548, 28.10688], [93.871338, 28.101082], [93.862259, 28.093948], [93.85331, 28.084869], [93.854126, 28.082829], [93.863808, 28.079639], [93.874313, 28.074739], [93.875526, 28.073061], [93.87294, 28.06679], [93.871803, 28.060942], [93.872391, 28.058945], [93.873573, 28.05496], [93.882736, 28.046419], [93.885666, 28.04147], [93.887657, 28.039511], [93.904709, 28.034241], [93.909409, 28.031078], [93.910591, 28.028866]]]}, "properties": {"name": "Kurung Kumey", "state": "Arunachal Pradesh"}}, {"type": "Feature", "geometry": {"type": "Polygon", "coordinates": [[[96.690987, 27.662832], [96.685829, 27.662441], [96.680077, 27.657471], [96.672798, 27.655081], [96.669876, 27.649879], [96.661728, 27.641479], [96.644402, 27.63559], [96.637192, 27.638639], [96.62883, 27.63924], [96.617378, 27.645672], [96.611732, 27.650698], [96.61235, 27.654181], [96.607048, 27.654289], [96.59977, 27.661539], [96.591782, 27.660662], [96.585533, 27.66354], [96.569878, 27.664263], [96.561798, 27.65803], [96.553047, 27.654181], [96.54631, 27.654671], [96.534103, 27.654051], [96.530067, 27.651461], [96.522568, 27.64398], [96.51458, 27.649529], [96.511986, 27.65045], [96.506271, 27.64908], [96.49437, 27.6506], [96.490837, 27.652288], [96.483612, 27.653273], [96.476852, 27.652971], [96.472336, 27.64959], [96.46743, 27.650171], [96.462029, 27.648821], [96.455803, 27.64831], [96.454536, 27.650831], [96.45034, 27.65213], [96.447388, 27.659241], [96.443039, 27.659561], [96.43914, 27.658121], [96.436028, 27.659121], [96.43399, 27.656431], [96.426003, 27.655479], [96.422798, 27.658043], [96.416206, 27.658298], [96.414452, 27.6565], [96.397377, 27.655701], [96.397057, 27.65246], [96.391487, 27.649731], [96.387016, 27.64584], [96.381432, 27.647591], [96.375999, 27.65193], [96.371651, 27.64937], [96.355103, 27.63151], [96.351646, 27.61311], [96.347107, 27.60927], [96.3396, 27.605341], [96.337463, 27.60128], [96.336487, 27.59593], [96.334457, 27.59123], [96.331039, 27.586241], [96.317101, 27.578793], [96.310806, 27.57284], [96.299026, 27.565323], [96.29229, 27.562401], [96.286133, 27.563028], [96.27932, 27.56592], [96.271759, 27.564751], [96.267563, 27.570181], [96.262741, 27.569901], [96.256096, 27.57107], [96.245926, 27.57041], [96.240562, 27.573999], [96.234543, 27.57332], [96.22805, 27.574951], [96.223579, 27.580261], [96.219032, 27.583948], [96.212906, 27.584051], [96.211273, 27.586441], [96.206627, 27.58732], [96.202988, 27.5907], [96.200043, 27.58976], [96.19558, 27.594961], [96.192017, 27.5961], [96.184883, 27.596731], [96.174683, 27.60129], [96.173103, 27.6045], [96.170189, 27.60355], [96.163933, 27.60762], [96.143227, 27.613571], [96.135803, 27.61286], [96.133476, 27.615801], [96.137917, 27.61825], [96.136223, 27.62158], [96.130768, 27.622858], [96.128792, 27.625999], [96.11235, 27.622082], [96.109566, 27.628351], [96.102425, 27.630493], [96.091003, 27.629066], [96.073517, 27.625496], [96.046745, 27.619072], [96.02533, 27.625854], [96.006058, 27.63085], [95.992851, 27.637276], [95.991425, 27.637632], [95.978928, 27.642271], [95.976074, 27.655121], [95.968582, 27.670113], [95.963585, 27.684032], [95.962509, 27.692955], [95.962158, 27.701878], [95.959656, 27.714369], [95.959656, 27.726149], [95.956802, 27.738997], [95.956802, 27.746492], [95.9543, 27.754345], [95.947525, 27.761482], [95.929321, 27.747921], [95.912544, 27.750418], [95.907906, 27.753632], [95.904335, 27.752203], [95.899338, 27.755058], [95.896126, 27.754702], [95.89006, 27.753273], [95.885422, 27.755772], [95.878639, 27.757914], [95.876495, 27.761841], [95.877213, 27.766123], [95.876137, 27.77112], [95.87114, 27.772905], [95.866501, 27.771477], [95.861145, 27.768621], [95.852936, 27.764696], [95.845444, 27.763981], [95.8433, 27.760056], [95.83152, 27.756487], [95.823311, 27.756844], [95.815102, 27.754702], [95.806541, 27.749348], [95.7994, 27.742208], [95.796906, 27.737213], [95.794403, 27.726862], [95.784409, 27.718653], [95.770523, 27.716], [95.770393, 27.72003], [95.763046, 27.72266], [95.758713, 27.726681], [95.758217, 27.73111], [95.762672, 27.732931], [95.771881, 27.73451], [95.784798, 27.73978], [95.787773, 27.74205], [95.780533, 27.758221], [95.788826, 27.765053], [95.795387, 27.772631], [95.800949, 27.776861], [95.806366, 27.783581], [95.807579, 27.789949], [95.811317, 27.79372], [95.823128, 27.80925], [95.828941, 27.81366], [95.834976, 27.815771], [95.843369, 27.82147], [95.845993, 27.830101], [95.852097, 27.83411], [95.866333, 27.838461], [95.873726, 27.839802], [95.876572, 27.84177], [95.892097, 27.85704], [95.894226, 27.86096], [95.895027, 27.867222], [95.897636, 27.86747], [95.900558, 27.86668], [95.907227, 27.868641], [95.906181, 27.87723], [95.911377, 27.873018], [95.914093, 27.874651], [95.912918, 27.878139], [95.914001, 27.88085], [95.918663, 27.88278], [95.922623, 27.886181], [95.92128, 27.890471], [95.923752, 27.890331], [95.927353, 27.88726], [95.928551, 27.89053], [95.923927, 27.896], [95.925011, 27.900942], [95.928642, 27.902851], [95.938332, 27.903271], [95.939316, 27.909821], [95.943512, 27.91264], [95.952492, 27.922819], [95.955299, 27.926821], [95.953812, 27.930241], [95.957542, 27.93288], [95.95755, 27.93708], [95.952347, 27.93718], [95.951553, 27.939171], [95.952316, 27.941841], [95.96521, 27.952633], [95.977463, 27.9685], [95.985161, 27.972061], [95.993362, 27.97999], [95.989548, 28.005672], [95.989738, 28.009769], [95.990013, 28.015251], [95.99028, 28.02075], [95.990631, 28.027348], [95.995178, 28.03937], [95.995659, 28.047241], [95.995308, 28.05751], [95.994644, 28.058945], [95.99102, 28.066771], [95.981827, 28.077183], [95.988121, 28.084791], [95.998413, 28.09436], [96.003532, 28.100578], [96.003326, 28.10667], [96.006836, 28.116091], [96.011719, 28.122711], [96.027206, 28.134991], [96.028419, 28.14385], [96.034569, 28.152031], [96.033966, 28.159121], [96.031998, 28.165121], [96.04007, 28.167553], [96.048416, 28.176519], [96.050476, 28.180389], [96.051262, 28.18499], [96.050797, 28.198631], [96.053413, 28.202169], [96.061928, 28.201851], [96.07888, 28.19552], [96.084503, 28.194361], [96.087959, 28.19602], [96.099136, 28.19677], [96.106308, 28.19471], [96.109886, 28.191151], [96.116203, 28.18758], [96.119446, 28.182991], [96.134697, 28.17745], [96.143829, 28.175117], [96.145706, 28.18042], [96.155731, 28.185801], [96.166733, 28.189348], [96.170273, 28.19227], [96.17395, 28.19692], [96.176437, 28.201839], [96.185547, 28.209141], [96.192268, 28.211823], [96.205147, 28.227221], [96.209953, 28.231358], [96.217262, 28.236111], [96.231972, 28.24391], [96.239647, 28.244881], [96.246277, 28.243319], [96.256973, 28.242731], [96.269676, 28.24424], [96.268097, 28.249901], [96.263512, 28.260561], [96.257866, 28.271299], [96.245186, 28.290201], [96.239876, 28.304611], [96.242249, 28.307461], [96.256889, 28.31422], [96.259178, 28.32193], [96.264122, 28.330091], [96.268387, 28.335371], [96.273483, 28.339291], [96.286781, 28.34516], [96.292038, 28.349663], [96.293938, 28.353182], [96.296051, 28.3668], [96.298073, 28.371693], [96.303169, 28.377213], [96.314934, 28.365072], [96.332176, 28.353991], [96.340744, 28.339149], [96.338051, 28.327534], [96.314934, 28.298374], [96.305359, 28.283331], [96.298607, 28.267479], [96.29908, 28.248816], [96.301506, 28.236156], [96.314911, 28.218227], [96.32724, 28.200926], [96.339111, 28.184702], [96.339165, 28.171768], [96.329544, 28.147419], [96.33091, 28.140038], [96.330856, 28.130733], [96.319839, 28.117907], [96.305939, 28.105375], [96.283112, 28.095831], [96.276619, 28.090809], [96.276947, 28.079914], [96.291428, 28.061356], [96.337631, 28.022448], [96.374565, 27.997417], [96.395447, 27.974558], [96.400131, 27.957001], [96.411812, 27.935093], [96.420097, 27.922848], [96.434601, 27.913578], [96.485229, 27.908817], [96.513893, 27.905306], [96.532448, 27.900259], [96.554367, 27.885542], [96.576355, 27.862535], [96.589622, 27.852861], [96.602867, 27.856125], [96.617561, 27.857166], [96.623871, 27.847704], [96.62281, 27.835394], [96.633919, 27.826979], [96.638092, 27.814634], [96.638313, 27.803225], [96.624115, 27.784019], [96.616302, 27.773457], [96.617004, 27.765619], [96.634682, 27.749781], [96.643509, 27.737461], [96.638336, 27.729208], [96.62429, 27.71982], [96.619926, 27.708893], [96.622581, 27.698261], [96.632919, 27.684227], [96.652405, 27.673368], [96.683739, 27.668501], [96.690987, 27.662832]]]}, "properties": {"name": "Lohit", "state": "Arunachal Pradesh"}}, {"type": "Feature", "geometry": {"type": "Polygon", "coordinates": [[[95.453438, 26.732018], [95.446297, 26.72744], [95.441963, 26.722841], [95.439758, 26.717979], [95.437332, 26.71446], [95.435486, 26.708239], [95.432388, 26.70356], [95.428856, 26.700041], [95.423309, 26.696712], [95.406433, 26.696621], [95.394638, 26.691021], [95.383568, 26.688061], [95.378143, 26.68335], [95.374702, 26.681253], [95.371513, 26.67931], [95.365868, 26.677589], [95.365433, 26.67757], [95.355812, 26.67713], [95.346649, 26.67794], [95.324417, 26.669083], [95.317886, 26.66684], [95.314796, 26.663868], [95.308411, 26.657721], [95.302582, 26.656021], [95.299927, 26.657888], [95.299271, 26.658348], [95.293137, 26.66123], [95.282883, 26.662849], [95.272026, 26.662821], [95.265976, 26.667879], [95.262047, 26.673651], [95.261658, 26.68149], [95.260033, 26.686352], [95.256523, 26.68932], [95.250786, 26.69239], [95.243958, 26.693901], [95.24044, 26.691641], [95.237633, 26.686291], [95.235977, 26.688231], [95.23597, 26.691521], [95.233696, 26.6971], [95.236107, 26.71221], [95.229652, 26.716883], [95.228203, 26.723848], [95.216141, 26.735319], [95.21685, 26.741301], [95.220978, 26.747431], [95.221367, 26.75152], [95.219261, 26.75555], [95.2201, 26.759821], [95.224083, 26.761723], [95.229202, 26.768471], [95.233177, 26.771931], [95.233307, 26.77372], [95.231636, 26.777693], [95.234673, 26.78035], [95.242538, 26.784512], [95.244919, 26.787331], [95.241722, 26.78693], [95.240257, 26.789171], [95.235016, 26.789289], [95.22747, 26.792341], [95.221573, 26.793541], [95.215118, 26.79838], [95.206841, 26.811691], [95.203552, 26.82132], [95.202583, 26.828751], [95.200562, 26.83289], [95.199043, 26.83993], [95.200508, 26.842878], [95.206413, 26.846281], [95.208603, 26.850719], [95.204239, 26.84894], [95.197708, 26.85154], [95.197327, 26.849392], [95.19561, 26.849621], [95.193047, 26.85117], [95.185768, 26.859631], [95.184502, 26.86483], [95.206429, 26.877871], [95.211357, 26.881733], [95.212852, 26.885603], [95.217827, 26.886869], [95.229927, 26.88567], [95.233856, 26.890841], [95.231323, 26.89835], [95.233772, 26.905903], [95.2341, 26.909651], [95.232086, 26.914831], [95.231956, 26.917891], [95.233963, 26.918753], [95.233963, 26.920601], [95.23185, 26.926142], [95.229309, 26.930632], [95.225563, 26.934429], [95.217056, 26.9342], [95.214447, 26.936951], [95.212196, 26.94335], [95.209236, 26.956671], [95.213417, 26.95879], [95.208511, 26.96073], [95.206757, 26.962591], [95.208839, 26.965351], [95.213669, 26.968121], [95.215042, 26.970371], [95.208771, 26.97508], [95.206558, 26.978821], [95.205223, 26.98217], [95.209961, 26.98263], [95.207756, 26.984701], [95.200439, 26.985559], [95.195198, 26.98999], [95.196266, 26.99781], [95.199821, 26.999359], [95.200081, 27.006229], [95.197617, 27.01569], [95.197853, 27.01984], [95.195793, 27.032501], [95.195518, 27.04295], [95.198456, 27.04443], [95.200943, 27.04233], [95.203796, 27.043001], [95.207687, 27.034781], [95.213806, 27.03348], [95.219696, 27.036791], [95.222633, 27.040892], [95.225983, 27.042259], [95.229469, 27.040171], [95.232147, 27.042921], [95.230911, 27.04571], [95.234718, 27.043579], [95.237877, 27.043221], [95.243713, 27.034161], [95.24823, 27.030252], [95.252197, 27.031919], [95.260719, 27.037251], [95.259949, 27.038973], [95.262627, 27.04101], [95.266693, 27.04044], [95.270973, 27.045071], [95.277626, 27.04977], [95.279449, 27.053911], [95.277832, 27.056768], [95.287918, 27.06632], [95.296623, 27.072851], [95.309677, 27.081131], [95.313179, 27.08674], [95.323273, 27.089571], [95.335106, 27.095921], [95.348602, 27.104761], [95.36647, 27.11285], [95.371269, 27.111401], [95.370667, 27.110149], [95.367783, 27.109711], [95.368301, 27.107363], [95.373657, 27.108], [95.372673, 27.101671], [95.376976, 27.10218], [95.37513, 27.089415], [95.387978, 27.083229], [95.378937, 27.076567], [95.378937, 27.070379], [95.38369, 27.066095], [95.391304, 27.058958], [95.382744, 27.045633], [95.371323, 27.040398], [95.362755, 27.038494], [95.366562, 27.034212], [95.367516, 27.025646], [95.367989, 27.020411], [95.378937, 27.021362], [95.38369, 27.019459], [95.377502, 27.013748], [95.385117, 27.011368], [95.382263, 27.006609], [95.37513, 27.008038], [95.379883, 27.00185], [95.377983, 26.993761], [95.373222, 26.987099], [95.376076, 26.981388], [95.378456, 26.97187], [95.376556, 26.963303], [95.366081, 26.955214], [95.363708, 26.948551], [95.365608, 26.944744], [95.365608, 26.939034], [95.362755, 26.930943], [95.367989, 26.928564], [95.366562, 26.924757], [95.362274, 26.923328], [95.362755, 26.918095], [95.364655, 26.914762], [95.365608, 26.901913], [95.370369, 26.890017], [95.38607, 26.883829], [95.399872, 26.87336], [95.413673, 26.865271], [95.421761, 26.853848], [95.431282, 26.848614], [95.47126, 26.86051], [95.494102, 26.867649], [95.557869, 26.897154], [95.560249, 26.892872], [95.557396, 26.871456], [95.56562, 26.83379], [95.562698, 26.83721], [95.554756, 26.839569], [95.545677, 26.83786], [95.532776, 26.831209], [95.530243, 26.826792], [95.525002, 26.819948], [95.521477, 26.816675], [95.520256, 26.81554], [95.514801, 26.8132], [95.506508, 26.796631], [95.502151, 26.78274], [95.495903, 26.77194], [95.489143, 26.761671], [95.48349, 26.75499], [95.479561, 26.753658], [95.475853, 26.752399], [95.46566, 26.75041], [95.461411, 26.746], [95.458481, 26.737711], [95.454536, 26.732939], [95.454163, 26.732479], [95.453438, 26.732018]]]}, "properties": {"name": "Longding", "state": "Arunachal Pradesh"}}, {"type": "Feature", "geometry": {"type": "Polygon", "coordinates": [[[96.303169, 28.377213], [96.298073, 28.371693], [96.296051, 28.3668], [96.293938, 28.353182], [96.292038, 28.349663], [96.286781, 28.34516], [96.273483, 28.339291], [96.268387, 28.335371], [96.264122, 28.330091], [96.259178, 28.32193], [96.256889, 28.31422], [96.242249, 28.307461], [96.239876, 28.304611], [96.245186, 28.290201], [96.257866, 28.271299], [96.263512, 28.260561], [96.268097, 28.249901], [96.269676, 28.24424], [96.256973, 28.242731], [96.246277, 28.243319], [96.239647, 28.244881], [96.231972, 28.24391], [96.217262, 28.236111], [96.209953, 28.231358], [96.205147, 28.227221], [96.192268, 28.211823], [96.185547, 28.209141], [96.176437, 28.201839], [96.17395, 28.19692], [96.170273, 28.19227], [96.166733, 28.189348], [96.155731, 28.185801], [96.145706, 28.18042], [96.143829, 28.175117], [96.134697, 28.17745], [96.119446, 28.182991], [96.116203, 28.18758], [96.109886, 28.191151], [96.106308, 28.19471], [96.099136, 28.19677], [96.087959, 28.19602], [96.084503, 28.194361], [96.07888, 28.19552], [96.061928, 28.201851], [96.053413, 28.202169], [96.050797, 28.198631], [96.051262, 28.18499], [96.050476, 28.180389], [96.048416, 28.176519], [96.04007, 28.167553], [96.031998, 28.165121], [96.033966, 28.159121], [96.034569, 28.152031], [96.028419, 28.14385], [96.027206, 28.134991], [96.011719, 28.122711], [96.006836, 28.116091], [96.003326, 28.10667], [96.003532, 28.100578], [95.998413, 28.09436], [95.988121, 28.084791], [95.981827, 28.077183], [95.99102, 28.066771], [95.994644, 28.058945], [95.995308, 28.05751], [95.995659, 28.047241], [95.995178, 28.03937], [95.990631, 28.027348], [95.99028, 28.02075], [95.990013, 28.015251], [95.989738, 28.009769], [95.989548, 28.005672], [95.993362, 27.97999], [95.985161, 27.972061], [95.977463, 27.9685], [95.956886, 27.96913], [95.825882, 27.977371], [95.606743, 27.957769], [95.596947, 27.95113], [95.588661, 27.941629], [95.580536, 27.943562], [95.571213, 27.942381], [95.566261, 27.931591], [95.565048, 27.92252], [95.5438, 27.91346], [95.542068, 27.910742], [95.544342, 27.905783], [95.543533, 27.902323], [95.53302, 27.900431], [95.52623, 27.8979], [95.515953, 27.881788], [95.520088, 27.8908], [95.517273, 27.906038], [95.51638, 27.916468], [95.511063, 27.928701], [95.508957, 27.93556], [95.500343, 27.95055], [95.501587, 27.956188], [95.504318, 27.962069], [95.50502, 27.96867], [95.508263, 27.97295], [95.534943, 27.99453], [95.539566, 28.00552], [95.542007, 28.00971], [95.545631, 28.022381], [95.548737, 28.02799], [95.55423, 28.03265], [95.559708, 28.03966], [95.56282, 28.049011], [95.564606, 28.058945], [95.568871, 28.08272], [95.569763, 28.10626], [95.571281, 28.116381], [95.570236, 28.128469], [95.570457, 28.13542], [95.568787, 28.143009], [95.565628, 28.146952], [95.564369, 28.151043], [95.560783, 28.172018], [95.561577, 28.210159], [95.565002, 28.23926], [95.564636, 28.258751], [95.562256, 28.262341], [95.55294, 28.268], [95.550232, 28.272051], [95.550751, 28.277891], [95.549477, 28.279169], [95.542572, 28.279053], [95.541946, 28.283939], [95.536301, 28.289921], [95.534271, 28.288761], [95.532318, 28.28627], [95.527557, 28.285089], [95.512497, 28.27776], [95.492981, 28.274321], [95.486633, 28.275909], [95.480133, 28.27253], [95.477516, 28.269131], [95.47361, 28.268101], [95.466408, 28.26289], [95.463791, 28.26523], [95.462059, 28.268801], [95.462807, 28.277901], [95.461227, 28.282391], [95.457222, 28.2875], [95.450523, 28.29328], [95.450409, 28.30101], [95.446579, 28.30806], [95.438332, 28.31439], [95.435738, 28.318041], [95.415413, 28.316408], [95.411247, 28.319571], [95.409241, 28.31937], [95.397797, 28.31823], [95.395737, 28.31535], [95.38591, 28.311491], [95.382263, 28.31423], [95.375717, 28.323], [95.374641, 28.32765], [95.377167, 28.337181], [95.372757, 28.33857], [95.37011, 28.34239], [95.367973, 28.35187], [95.369743, 28.356762], [95.369026, 28.359928], [95.365318, 28.36039], [95.362122, 28.359921], [95.358063, 28.361021], [95.342667, 28.366289], [95.338417, 28.368992], [95.337311, 28.37904], [95.339813, 28.387821], [95.337479, 28.401781], [95.338676, 28.40583], [95.33828, 28.40909], [95.337433, 28.411591], [95.332649, 28.41667], [95.328918, 28.419041], [95.32811, 28.4214], [95.323639, 28.42222], [95.320366, 28.4289], [95.335457, 28.437271], [95.33709, 28.440901], [95.33905, 28.44202], [95.337807, 28.444901], [95.337807, 28.451891], [95.334892, 28.455198], [95.33519, 28.467861], [95.336792, 28.479919], [95.33857, 28.480581], [95.34005, 28.48308], [95.342918, 28.484173], [95.348, 28.48937], [95.353256, 28.493073], [95.366203, 28.494987], [95.373291, 28.507992], [95.377022, 28.5112], [95.387482, 28.513269], [95.392792, 28.515242], [95.394409, 28.5182], [95.392937, 28.522289], [95.394592, 28.527491], [95.392738, 28.53203], [95.402046, 28.54454], [95.407883, 28.548851], [95.409706, 28.552431], [95.409317, 28.556681], [95.400948, 28.57061], [95.381882, 28.573151], [95.380112, 28.582691], [95.380867, 28.58783], [95.378777, 28.590839], [95.376297, 28.60066], [95.37513, 28.617069], [95.365181, 28.628731], [95.367157, 28.64669], [95.364311, 28.654228], [95.35936, 28.66209], [95.359329, 28.67285], [95.3573, 28.683823], [95.35807, 28.68943], [95.356552, 28.69821], [95.354446, 28.704203], [95.35051, 28.70689], [95.366791, 28.716801], [95.368736, 28.718891], [95.374367, 28.729738], [95.384247, 28.733191], [95.386093, 28.738901], [95.388947, 28.743771], [95.408867, 28.74449], [95.464302, 28.729198], [95.50444, 28.717731], [95.554138, 28.708174], [95.580894, 28.690971], [95.624855, 28.652742], [95.649704, 28.624075], [95.674553, 28.614515], [95.705139, 28.608782], [95.752922, 28.593491], [95.775856, 28.593491], [95.789238, 28.606871], [95.817909, 28.610693], [95.848488, 28.610693], [95.873337, 28.610693], [95.903923, 28.625984], [95.944061, 28.641275], [96.010956, 28.650831], [96.072121, 28.654654], [96.123726, 28.654654], [96.152397, 28.654654], [96.179161, 28.645098], [96.232681, 28.620251], [96.286201, 28.597313], [96.347359, 28.576286], [96.367973, 28.563532], [96.354607, 28.560591], [96.343246, 28.55106], [96.334816, 28.53853], [96.325676, 28.53401], [96.324303, 28.53034], [96.331139, 28.5266], [96.332207, 28.526073], [96.342102, 28.5212], [96.352997, 28.5149], [96.360916, 28.509729], [96.366608, 28.504728], [96.371712, 28.496771], [96.372963, 28.48704], [96.369659, 28.482906], [96.366959, 28.47953], [96.34137, 28.47002], [96.33506, 28.46278], [96.32386, 28.45505], [96.309639, 28.4457], [96.297127, 28.43914], [96.284767, 28.430771], [96.274483, 28.424011], [96.265961, 28.417049], [96.263771, 28.41338], [96.267403, 28.41021], [96.272911, 28.409449], [96.276993, 28.40888], [96.287827, 28.408709], [96.299263, 28.406651], [96.304642, 28.40472], [96.308098, 28.400352], [96.310303, 28.39757], [96.315323, 28.38842], [96.30957, 28.381842], [96.303169, 28.377213]]]}, "properties": {"name": "Lower Dibang Valley", "state": "Arunachal Pradesh"}}, {"type": "Feature", "geometry": {"type": "Polygon", "coordinates": [[[94.211113, 27.610842], [94.213509, 27.604422], [94.222923, 27.60074], [94.225052, 27.598511], [94.225311, 27.59524], [94.221443, 27.587912], [94.225479, 27.581059], [94.226479, 27.57563], [94.234146, 27.571461], [94.240601, 27.570351], [94.2565, 27.557428], [94.255737, 27.55076], [94.256866, 27.540501], [94.262512, 27.52743], [94.259727, 27.523491], [94.259056, 27.5226], [94.221672, 27.50703], [94.215401, 27.503139], [94.212326, 27.49795], [94.210655, 27.497904], [94.207695, 27.507507], [94.200912, 27.51701], [94.184624, 27.51701], [94.153412, 27.512936], [94.126266, 27.495293], [94.103195, 27.473579], [94.067909, 27.466793], [94.052979, 27.468149], [94.029907, 27.477652], [94.010902, 27.479008], [93.993263, 27.48715], [93.972908, 27.48715], [93.934906, 27.485792], [93.895546, 27.484436], [93.873833, 27.462721], [93.858902, 27.439651], [93.845329, 27.427435], [93.829048, 27.40572], [93.829048, 27.394863], [93.835831, 27.38129], [93.835831, 27.363647], [93.808685, 27.339218], [93.786972, 27.32972], [93.757118, 27.32972], [93.690613, 27.32972], [93.656685, 27.331076], [93.63633, 27.339218], [93.614616, 27.346004], [93.603752, 27.358219], [93.601044, 27.379934], [93.599686, 27.389435], [93.586113, 27.394863], [93.57254, 27.404364], [93.5644, 27.41522], [93.5644, 27.432863], [93.583397, 27.455935], [93.609184, 27.472221], [93.634972, 27.483076], [93.639038, 27.495293], [93.630898, 27.500723], [93.613258, 27.504793], [93.602402, 27.51972], [93.582039, 27.544151], [93.55761, 27.567223], [93.544037, 27.583509], [93.531822, 27.607941], [93.527756, 27.622868], [93.515541, 27.629654], [93.499252, 27.628298], [93.489754, 27.624224], [93.469398, 27.624224], [93.455826, 27.625582], [93.438179, 27.639153], [93.431396, 27.641867], [93.419182, 27.641867], [93.396111, 27.641867], [93.391731, 27.641867], [93.399086, 27.671289], [93.411209, 27.695536], [93.428177, 27.712509], [93.454849, 27.712509], [93.481522, 27.719782], [93.517891, 27.746454], [93.525169, 27.773125], [93.544563, 27.794947], [93.573662, 27.809496], [93.607605, 27.81192], [93.634277, 27.828894], [93.656097, 27.860413], [93.687622, 27.889509], [93.719139, 27.89436], [93.77491, 27.896782], [93.811279, 27.911331], [93.820976, 27.928303], [93.820976, 27.959824], [93.842796, 28.003468], [93.869469, 28.02529], [93.910591, 28.028866], [93.911606, 28.02697], [93.91243, 28.020741], [93.912086, 28.014481], [93.930977, 28.007318], [93.937462, 28.00374], [93.938202, 28.001802], [93.937866, 28.00037], [93.939766, 27.996429], [93.940193, 27.98686], [93.94252, 27.982861], [93.945808, 27.98065], [93.956657, 27.979891], [93.965591, 27.97826], [93.968193, 27.967798], [93.969673, 27.968069], [93.973923, 27.975931], [93.97863, 27.97868], [93.987671, 27.97681], [93.991928, 27.972111], [93.996521, 27.968861], [94.010986, 27.95813], [94.018143, 27.956671], [94.032738, 27.95941], [94.038429, 27.9587], [94.040886, 27.956461], [94.048988, 27.954601], [94.055222, 27.95084], [94.057518, 27.946821], [94.068207, 27.94117], [94.057098, 27.924223], [94.053146, 27.920059], [94.047806, 27.91658], [94.047699, 27.91394], [94.051727, 27.9102], [94.056198, 27.90831], [94.05838, 27.889542], [94.060623, 27.881802], [94.059837, 27.877821], [94.06028, 27.871571], [94.074387, 27.851511], [94.086739, 27.855328], [94.096687, 27.862011], [94.102547, 27.86326], [94.112801, 27.862211], [94.122246, 27.864052], [94.128838, 27.860081], [94.135956, 27.864168], [94.141701, 27.868511], [94.146347, 27.8692], [94.149353, 27.86825], [94.153152, 27.86042], [94.154259, 27.8542], [94.160446, 27.84609], [94.170746, 27.847731], [94.183517, 27.84301], [94.19223, 27.838911], [94.192497, 27.817678], [94.193848, 27.813808], [94.204178, 27.814711], [94.258003, 27.810261], [94.274513, 27.80315], [94.294617, 27.793032], [94.305946, 27.786249], [94.315666, 27.779251], [94.317772, 27.77663], [94.314178, 27.771391], [94.310753, 27.74794], [94.314873, 27.74173], [94.32103, 27.737398], [94.339378, 27.727921], [94.343033, 27.729038], [94.349892, 27.73299], [94.356796, 27.73156], [94.356239, 27.72201], [94.352432, 27.7171], [94.345047, 27.715712], [94.334862, 27.711851], [94.3228, 27.705811], [94.312103, 27.694241], [94.303169, 27.687481], [94.278717, 27.673731], [94.267708, 27.66853], [94.256546, 27.65884], [94.248596, 27.65387], [94.231926, 27.640482], [94.214043, 27.6166], [94.211113, 27.610842]]]}, "properties": {"name": "Lower Subansiri", "state": "Arunachal Pradesh"}}, {"type": "Feature", "geometry": {"type": "Polygon", "coordinates": [[[95.770523, 27.716], [95.784409, 27.718653], [95.794403, 27.726862], [95.796906, 27.737213], [95.7994, 27.742208], [95.806541, 27.749348], [95.815102, 27.754702], [95.823311, 27.756844], [95.83152, 27.756487], [95.8433, 27.760056], [95.845444, 27.763981], [95.852936, 27.764696], [95.861145, 27.768621], [95.866501, 27.771477], [95.87114, 27.772905], [95.876137, 27.77112], [95.877213, 27.766123], [95.876495, 27.761841], [95.878639, 27.757914], [95.885422, 27.755772], [95.89006, 27.753273], [95.896126, 27.754702], [95.899338, 27.755058], [95.904335, 27.752203], [95.907906, 27.753632], [95.912544, 27.750418], [95.929321, 27.747921], [95.947525, 27.761482], [95.9543, 27.754345], [95.956802, 27.746492], [95.956802, 27.738997], [95.959656, 27.726149], [95.959656, 27.714369], [95.962158, 27.701878], [95.962509, 27.692955], [95.963585, 27.684032], [95.968582, 27.670113], [95.976074, 27.655121], [95.978928, 27.642271], [95.991425, 27.637632], [95.992851, 27.637276], [96.006058, 27.63085], [96.02533, 27.625854], [96.046745, 27.619072], [96.073517, 27.625496], [96.091003, 27.629066], [96.102425, 27.630493], [96.109566, 27.628351], [96.11235, 27.622082], [96.11142, 27.621861], [96.105942, 27.621889], [96.09259, 27.617611], [96.076118, 27.61417], [96.064491, 27.612652], [96.059357, 27.606451], [96.056427, 27.59922], [96.050507, 27.594641], [96.04406, 27.59293], [96.035431, 27.586201], [96.026161, 27.57748], [96.018761, 27.57332], [96.004898, 27.562931], [96.001663, 27.565821], [95.881332, 27.55323], [95.873619, 27.55117], [95.86702, 27.5511], [95.862358, 27.552601], [95.852097, 27.565651], [95.846016, 27.567991], [95.839897, 27.56661], [95.836288, 27.571178], [95.831932, 27.57889], [95.827728, 27.581751], [95.821243, 27.58172], [95.819809, 27.590281], [95.820259, 27.595572], [95.824196, 27.60301], [95.820877, 27.604721], [95.816826, 27.605438], [95.809608, 27.60527], [95.798027, 27.60783], [95.796066, 27.618191], [95.794296, 27.62237], [95.787117, 27.623409], [95.785042, 27.627399], [95.787346, 27.632299], [95.797417, 27.635891], [95.79734, 27.639561], [95.799591, 27.642969], [95.801453, 27.64901], [95.794853, 27.6528], [95.786232, 27.655661], [95.779221, 27.66054], [95.777847, 27.66626], [95.778473, 27.67235], [95.780449, 27.67919], [95.785492, 27.68326], [95.794533, 27.684191], [95.796471, 27.688061], [95.793129, 27.69227], [95.778763, 27.694391], [95.774551, 27.696701], [95.772667, 27.699951], [95.773361, 27.705351], [95.772621, 27.711321], [95.770523, 27.716]]]}, "properties": {"name": "Namsai", "state": "Arunachal Pradesh"}}, {"type": "Feature", "geometry": {"type": "Polygon", "coordinates": [[[93.271019, 27.595371], [93.284821, 27.616081], [93.307892, 27.629654], [93.329605, 27.639153], [93.370323, 27.641867], [93.391731, 27.641867], [93.396111, 27.641867], [93.419182, 27.641867], [93.431396, 27.641867], [93.438179, 27.639153], [93.455826, 27.625582], [93.469398, 27.624224], [93.489754, 27.624224], [93.499252, 27.628298], [93.515541, 27.629654], [93.527756, 27.622868], [93.531822, 27.607941], [93.544037, 27.583509], [93.55761, 27.567223], [93.582039, 27.544151], [93.602402, 27.51972], [93.613258, 27.504793], [93.630898, 27.500723], [93.639038, 27.495293], [93.634972, 27.483076], [93.609184, 27.472221], [93.583397, 27.455935], [93.5644, 27.432863], [93.5644, 27.41522], [93.57254, 27.404364], [93.586113, 27.394863], [93.599686, 27.389435], [93.601044, 27.379934], [93.603752, 27.358219], [93.614616, 27.346004], [93.63633, 27.339218], [93.656685, 27.331076], [93.690613, 27.32972], [93.757118, 27.32972], [93.786972, 27.32972], [93.808685, 27.339218], [93.835831, 27.363647], [93.835831, 27.38129], [93.829048, 27.394863], [93.829048, 27.40572], [93.845329, 27.427435], [93.858902, 27.439651], [93.873833, 27.462721], [93.895546, 27.484436], [93.934906, 27.485792], [93.972908, 27.48715], [93.993263, 27.48715], [94.010902, 27.479008], [94.029907, 27.477652], [94.052979, 27.468149], [94.067909, 27.466793], [94.103195, 27.473579], [94.126266, 27.495293], [94.153412, 27.512936], [94.184624, 27.51701], [94.200912, 27.51701], [94.207695, 27.507507], [94.210655, 27.497904], [94.195229, 27.497459], [94.191246, 27.496321], [94.186897, 27.49081], [94.174713, 27.484072], [94.167931, 27.484188], [94.164223, 27.480989], [94.157211, 27.478048], [94.158737, 27.470001], [94.160202, 27.466471], [94.154457, 27.460461], [94.140808, 27.44846], [94.135857, 27.44586], [94.123337, 27.43498], [94.117081, 27.430971], [94.106522, 27.418051], [94.099922, 27.413919], [94.0933, 27.41094], [94.086349, 27.40456], [94.072449, 27.383013], [94.068649, 27.374401], [94.063148, 27.368912], [94.060928, 27.36356], [94.054832, 27.362831], [94.048317, 27.358749], [94.041641, 27.353291], [94.030083, 27.347992], [94.025833, 27.3477], [94.009789, 27.33889], [94.000008, 27.334709], [94.000687, 27.330139], [93.997803, 27.32786], [93.996033, 27.327883], [93.990181, 27.32465], [93.985672, 27.32058], [93.980949, 27.313768], [93.972672, 27.30834], [93.95652, 27.29476], [93.938911, 27.273279], [93.933907, 27.268341], [93.9189, 27.257141], [93.901047, 27.241541], [93.892982, 27.23097], [93.890976, 27.230181], [93.885612, 27.224382], [93.867447, 27.198841], [93.85746, 27.191101], [93.847168, 27.179781], [93.839882, 27.173458], [93.836998, 27.172079], [93.828979, 27.170643], [93.82666, 27.169371], [93.817017, 27.158241], [93.808586, 27.151751], [93.807297, 27.150141], [93.806808, 27.147209], [93.805611, 27.137791], [93.801437, 27.137911], [93.798241, 27.137161], [93.797798, 27.136009], [93.798431, 27.134399], [93.800247, 27.132629], [93.802223, 27.13286], [93.805809, 27.13475], [93.808189, 27.13287], [93.813507, 27.132011], [93.814232, 27.130821], [93.81385, 27.128618], [93.811363, 27.126268], [93.813156, 27.12376], [93.814957, 27.122608], [93.819107, 27.122902], [93.821953, 27.12203], [93.825493, 27.119341], [93.827232, 27.11194], [93.826637, 27.09938], [93.831322, 27.09244], [93.833031, 27.08761], [93.836212, 27.086479], [93.834366, 27.08285], [93.834763, 27.08205], [93.836746, 27.078213], [93.835022, 27.074991], [93.8321, 27.072868], [93.82901, 27.072123], [93.828247, 27.068951], [93.827103, 27.06885], [93.825493, 27.072123], [93.824577, 27.07217], [93.822876, 27.068321], [93.818787, 27.064932], [93.815712, 27.065451], [93.812881, 27.070681], [93.810188, 27.06814], [93.808548, 27.062571], [93.804886, 27.06135], [93.802132, 27.061762], [93.799423, 27.066872], [93.798767, 27.069681], [93.798058, 27.070942], [93.797096, 27.070883], [93.793999, 27.05773], [93.791191, 27.054569], [93.787422, 27.05423], [93.786133, 27.05537], [93.78511, 27.058359], [93.783211, 27.06719], [93.782272, 27.0669], [93.781166, 27.06082], [93.779137, 27.05829], [93.77916, 27.053343], [93.777946, 27.052771], [93.775436, 27.056219], [93.773682, 27.062361], [93.7724, 27.062302], [93.77179, 27.055519], [93.770958, 27.05455], [93.770073, 27.05558], [93.768196, 27.055519], [93.768478, 27.043291], [93.746429, 27.03241], [93.742577, 27.029713], [93.733887, 27.027231], [93.718933, 27.01922], [93.705566, 27.008329], [93.704498, 27.006561], [93.705681, 27.003681], [93.700951, 26.997103], [93.69828, 26.994791], [93.696556, 26.992378], [93.675781, 26.971071], [93.655113, 26.966478], [93.640167, 26.964781], [93.624496, 26.964211], [93.595833, 26.955181], [93.584221, 26.952648], [93.570793, 26.954123], [93.545486, 26.95174], [93.525841, 26.948631], [93.489357, 26.93853], [93.486832, 26.94309], [93.480293, 26.94018], [93.468109, 26.93889], [93.463837, 26.943541], [93.447868, 26.954151], [93.436661, 26.956091], [93.390732, 26.96003], [93.387672, 26.974503], [93.381348, 26.97681], [93.380829, 26.9806], [93.386986, 26.98288], [93.386177, 26.985731], [93.369888, 26.983181], [93.36161, 26.983973], [93.347191, 26.994612], [93.34066, 27.003229], [93.339912, 27.005663], [93.340347, 27.00897], [93.341873, 27.010941], [93.345047, 27.01292], [93.34446, 27.01585], [93.341736, 27.018709], [93.343666, 27.02607], [93.340927, 27.034378], [93.343338, 27.0387], [93.343712, 27.0403], [93.342926, 27.041849], [93.339531, 27.042181], [93.337837, 27.044861], [93.337593, 27.047281], [93.33004, 27.06027], [93.323753, 27.06399], [93.319763, 27.072401], [93.313286, 27.081331], [93.307602, 27.07988], [93.304947, 27.081251], [93.300171, 27.078119], [93.296837, 27.078329], [93.293808, 27.07987], [93.287613, 27.08708], [93.286331, 27.08741], [93.284943, 27.09115], [93.284996, 27.09395], [93.283722, 27.094181], [93.27874, 27.09869], [93.272667, 27.10544], [93.259926, 27.11009], [93.256989, 27.110031], [93.242989, 27.113331], [93.233521, 27.111521], [93.230026, 27.111511], [93.220947, 27.115881], [93.216087, 27.11615], [93.213509, 27.11849], [93.211212, 27.13283], [93.213226, 27.13744], [93.216599, 27.140661], [93.225639, 27.141281], [93.229477, 27.142509], [93.23719, 27.14782], [93.245407, 27.15601], [93.250542, 27.15678], [93.26265, 27.15637], [93.270683, 27.15572], [93.27298, 27.156879], [93.273987, 27.159653], [93.279083, 27.16235], [93.282608, 27.16301], [93.283752, 27.164961], [93.291969, 27.16437], [93.294922, 27.165239], [93.310043, 27.174261], [93.309601, 27.175581], [93.305801, 27.1763], [93.302368, 27.180653], [93.30024, 27.18162], [93.301117, 27.184792], [93.300453, 27.18885], [93.29039, 27.195471], [93.285728, 27.20079], [93.283157, 27.201691], [93.279556, 27.20948], [93.273453, 27.21302], [93.264908, 27.21265], [93.262421, 27.21176], [93.255188, 27.208641], [93.249252, 27.204479], [93.235611, 27.202461], [93.229126, 27.20043], [93.22657, 27.201391], [93.224808, 27.20344], [93.221649, 27.205379], [93.221893, 27.206991], [93.220528, 27.210079], [93.221138, 27.213531], [93.220337, 27.217371], [93.222168, 27.22048], [93.225296, 27.222971], [93.226257, 27.224701], [93.222801, 27.230131], [93.223427, 27.233181], [93.224823, 27.234671], [93.22435, 27.236731], [93.224907, 27.238741], [93.226852, 27.238941], [93.228897, 27.23814], [93.230423, 27.24124], [93.233749, 27.240749], [93.232033, 27.245781], [93.225441, 27.252411], [93.226791, 27.25276], [93.230797, 27.256512], [93.233887, 27.257101], [93.237389, 27.25923], [93.243126, 27.263571], [93.245438, 27.266378], [93.246582, 27.266171], [93.247986, 27.2672], [93.251633, 27.268028], [93.253838, 27.273331], [93.258263, 27.276388], [93.264473, 27.278191], [93.26973, 27.278671], [93.27285, 27.281321], [93.27726, 27.282721], [93.281227, 27.28532], [93.288147, 27.287201], [93.294777, 27.29233], [93.29364, 27.30191], [93.294899, 27.3046], [93.293091, 27.307461], [93.295189, 27.308281], [93.295502, 27.31024], [93.295067, 27.313911], [93.291969, 27.315611], [93.291122, 27.32686], [93.289833, 27.3311], [93.295761, 27.332899], [93.30043, 27.33614], [93.305107, 27.344481], [93.307098, 27.346169], [93.312233, 27.348761], [93.315811, 27.3494], [93.322327, 27.354259], [93.328339, 27.35622], [93.337921, 27.357821], [93.339722, 27.356901], [93.342537, 27.35955], [93.357841, 27.366562], [93.363342, 27.368292], [93.372261, 27.373159], [93.368271, 27.38129], [93.373016, 27.38871], [93.372147, 27.395521], [93.36895, 27.4035], [93.36895, 27.41165], [93.36998, 27.413671], [93.368279, 27.418253], [93.361862, 27.423681], [93.351501, 27.42691], [93.343086, 27.433701], [93.338333, 27.434771], [93.33194, 27.444618], [93.330276, 27.44548], [93.328407, 27.445532], [93.320396, 27.44315], [93.318268, 27.44446], [93.315163, 27.44491], [93.318291, 27.44836], [93.320351, 27.449409], [93.322243, 27.452391], [93.324371, 27.453318], [93.325012, 27.460331], [93.326859, 27.464392], [93.326202, 27.466011], [93.322319, 27.469891], [93.321442, 27.475691], [93.319672, 27.479582], [93.319107, 27.485441], [93.319977, 27.491001], [93.315971, 27.493511], [93.316399, 27.496099], [93.31485, 27.497412], [93.313789, 27.501301], [93.312431, 27.503201], [93.31234, 27.505503], [93.310791, 27.507261], [93.306976, 27.506788], [93.304993, 27.507471], [93.304947, 27.509531], [93.302811, 27.515841], [93.300186, 27.521111], [93.296501, 27.522129], [93.294563, 27.524643], [93.295273, 27.525801], [93.299156, 27.527821], [93.305527, 27.52935], [93.310799, 27.531771], [93.316101, 27.535412], [93.317757, 27.53787], [93.318802, 27.54574], [93.322502, 27.54944], [93.327896, 27.549801], [93.328987, 27.55048], [93.330696, 27.5536], [93.330063, 27.55612], [93.327438, 27.559032], [93.325623, 27.563221], [93.321533, 27.567101], [93.311493, 27.568548], [93.30603, 27.57398], [93.302551, 27.576271], [93.299622, 27.579931], [93.298248, 27.5805], [93.284546, 27.578951], [93.281197, 27.579731], [93.280487, 27.580648], [93.281441, 27.58353], [93.284737, 27.58876], [93.280937, 27.590981], [93.27253, 27.594221], [93.271019, 27.595371]]]}, "properties": {"name": "Papum Pare", "state": "Arunachal Pradesh"}}, {"type": "Feature", "geometry": {"type": "Polygon", "coordinates": [[[91.651161, 27.485142], [91.651085, 27.486216], [91.650726, 27.487589], [91.650772, 27.488533], [91.650536, 27.488977], [91.64991, 27.489878], [91.649521, 27.49041], [91.649117, 27.491064], [91.648903, 27.491325], [91.648659, 27.491543], [91.648514, 27.491943], [91.648415, 27.492363], [91.648117, 27.494017], [91.64798, 27.494755], [91.647919, 27.49527], [91.647835, 27.495735], [91.647461, 27.496099], [91.647278, 27.496536], [91.647003, 27.497213], [91.646965, 27.498013], [91.647133, 27.498535], [91.646912, 27.499552], [91.646706, 27.500502], [91.645218, 27.501408], [91.64386, 27.502758], [91.642326, 27.504213], [91.640366, 27.505878], [91.638977, 27.506554], [91.637688, 27.507803], [91.636345, 27.509386], [91.633514, 27.510298], [91.631798, 27.511265], [91.629684, 27.512295], [91.627632, 27.512852], [91.625916, 27.51358], [91.624329, 27.513954], [91.623604, 27.514317], [91.623047, 27.5177], [91.622498, 27.519373], [91.621826, 27.52051], [91.62075, 27.522009], [91.619621, 27.52346], [91.619003, 27.524853], [91.618507, 27.526346], [91.617554, 27.527847], [91.616257, 27.529863], [91.614723, 27.531574], [91.614159, 27.532555], [91.614304, 27.534555], [91.613976, 27.536098], [91.61367, 27.538464], [91.613342, 27.540058], [91.613075, 27.541344], [91.612526, 27.543352], [91.611267, 27.544188], [91.609909, 27.543999], [91.608376, 27.543245], [91.606537, 27.543104], [91.606018, 27.543064], [91.604286, 27.542879], [91.602295, 27.542583], [91.599663, 27.541954], [91.597359, 27.541876], [91.595345, 27.542547], [91.593948, 27.543549], [91.593575, 27.544088], [91.592964, 27.544985], [91.592186, 27.546421], [91.591507, 27.547947], [91.589729, 27.549929], [91.588264, 27.552441], [91.586388, 27.554157], [91.585693, 27.554506], [91.584396, 27.555159], [91.583122, 27.557045], [91.583145, 27.55883], [91.583183, 27.559177], [91.583397, 27.56102], [91.583588, 27.562611], [91.583771, 27.563532], [91.583672, 27.564304], [91.583626, 27.565125], [91.583344, 27.566231], [91.581963, 27.567316], [91.580284, 27.569208], [91.577499, 27.570396], [91.575867, 27.571112], [91.575012, 27.571892], [91.573875, 27.57288], [91.572693, 27.574535], [91.572189, 27.575926], [91.571701, 27.578754], [91.570625, 27.580549], [91.56916, 27.581963], [91.566887, 27.584145], [91.566917, 27.586454], [91.567558, 27.588264], [91.568275, 27.59009], [91.568909, 27.591366], [91.569046, 27.59165], [91.570122, 27.593143], [91.570572, 27.594749], [91.571426, 27.595901], [91.572708, 27.597376], [91.574448, 27.597975], [91.575722, 27.59873], [91.576813, 27.599586], [91.577591, 27.600199], [91.579048, 27.601313], [91.580902, 27.60232], [91.582138, 27.604565], [91.583092, 27.606865], [91.584267, 27.608238], [91.584389, 27.608904], [91.584053, 27.609575], [91.583199, 27.610353], [91.582115, 27.610878], [91.580673, 27.612642], [91.57988, 27.613365], [91.578102, 27.614811], [91.57692, 27.616518], [91.575439, 27.618319], [91.574059, 27.61985], [91.572563, 27.620043], [91.570778, 27.621222], [91.568893, 27.622492], [91.566612, 27.624477], [91.565445, 27.627167], [91.564606, 27.628826], [91.563194, 27.630741], [91.562927, 27.632643], [91.563194, 27.635309], [91.563271, 27.636084], [91.5634, 27.637463], [91.563599, 27.639412], [91.564438, 27.64197], [91.565369, 27.64278], [91.566078, 27.644005], [91.567162, 27.646864], [91.568497, 27.648413], [91.56974, 27.649929], [91.570625, 27.651569], [91.571449, 27.65336], [91.57196, 27.655357], [91.57251, 27.657263], [91.573051, 27.658686], [91.57383, 27.660992], [91.574677, 27.661724], [91.57618, 27.662067], [91.577629, 27.662668], [91.579063, 27.662806], [91.580055, 27.662899], [91.581612, 27.663139], [91.583359, 27.664198], [91.585213, 27.664948], [91.587547, 27.667049], [91.588623, 27.66769], [91.589523, 27.668238], [91.592163, 27.670021], [91.593941, 27.67091], [91.594772, 27.672543], [91.595253, 27.673872], [91.595901, 27.675098], [91.596375, 27.676783], [91.596695, 27.678629], [91.597702, 27.680407], [91.599228, 27.681395], [91.600822, 27.682268], [91.602692, 27.682673], [91.605133, 27.684134], [91.605263, 27.685057], [91.606125, 27.687181], [91.607086, 27.689108], [91.608093, 27.689798], [91.609604, 27.690655], [91.611351, 27.691612], [91.613258, 27.692053], [91.615868, 27.692947], [91.618004, 27.693335], [91.61998, 27.694082], [91.621773, 27.694628], [91.624207, 27.695473], [91.625725, 27.696842], [91.62764, 27.698559], [91.6287, 27.699324], [91.629166, 27.700384], [91.629608, 27.702341], [91.629974, 27.703878], [91.629944, 27.705669], [91.630264, 27.707539], [91.630394, 27.70923], [91.63121, 27.710293], [91.631516, 27.710825], [91.632027, 27.711443], [91.632446, 27.712866], [91.633072, 27.714821], [91.633186, 27.718351], [91.633308, 27.719599], [91.634125, 27.721392], [91.634338, 27.722923], [91.63488, 27.724611], [91.635666, 27.726912], [91.636375, 27.728497], [91.637863, 27.730042], [91.63871, 27.73151], [91.639366, 27.733141], [91.63958, 27.734825], [91.63942, 27.735802], [91.638863, 27.737194], [91.63784, 27.738438], [91.637054, 27.739729], [91.635757, 27.741549], [91.634705, 27.744888], [91.635368, 27.746984], [91.636375, 27.749027], [91.637375, 27.750196], [91.639114, 27.750946], [91.640228, 27.751909], [91.641167, 27.752348], [91.641502, 27.752615], [91.641861, 27.753124], [91.641693, 27.753843], [91.64212, 27.755482], [91.642899, 27.757114], [91.643326, 27.75906], [91.643936, 27.761106], [91.64447, 27.7624], [91.645111, 27.763647], [91.645554, 27.765348], [91.645927, 27.767448], [91.645889, 27.768681], [91.645546, 27.769249], [91.644012, 27.77055], [91.642059, 27.771292], [91.639915, 27.77343], [91.638542, 27.775436], [91.638046, 27.777443], [91.637581, 27.778631], [91.637909, 27.7805], [91.637947, 27.783175], [91.63868, 27.785187], [91.638008, 27.786888], [91.637451, 27.788382], [91.637527, 27.789869], [91.63755, 27.791512], [91.637375, 27.792456], [91.637085, 27.79344], [91.636597, 27.794249], [91.636314, 27.795322], [91.63604, 27.797377], [91.635437, 27.799692], [91.635696, 27.8015], [91.635406, 27.8022], [91.635117, 27.802916], [91.634827, 27.803633], [91.634331, 27.804262], [91.633141, 27.805346], [91.632141, 27.805624], [91.630951, 27.806263], [91.630165, 27.807253], [91.628586, 27.80932], [91.627701, 27.81049], [91.626907, 27.811569], [91.625412, 27.811853], [91.625015, 27.812393], [91.623222, 27.813393], [91.62114, 27.814665], [91.619247, 27.815935], [91.617874, 27.817911], [91.616699, 27.819975], [91.614906, 27.821066], [91.613113, 27.822065], [91.611816, 27.822704], [91.610626, 27.823521], [91.609222, 27.823715], [91.607521, 27.823734], [91.605408, 27.823311], [91.603294, 27.822887], [91.600975, 27.822109], [91.60006, 27.821299], [91.59919, 27.820637], [91.59864, 27.820221], [91.59742, 27.819567], [91.595917, 27.818686], [91.59491, 27.81834], [91.592903, 27.818363], [91.590187, 27.818213], [91.587379, 27.817976], [91.586052, 27.816475], [91.584518, 27.81444], [91.582298, 27.813305], [91.579788, 27.813065], [91.577087, 27.81336], [91.576653, 27.813593], [91.575012, 27.81447], [91.573799, 27.815357], [91.57251, 27.81653], [91.571358, 27.817434], [91.570168, 27.818834], [91.568916, 27.82049], [91.568352, 27.821419], [91.567619, 27.822607], [91.566887, 27.824156], [91.566208, 27.825161], [91.565224, 27.826597], [91.564445, 27.828123], [91.562958, 27.829475], [91.562378, 27.830997], [91.561996, 27.832964], [91.561424, 27.834932], [91.56115, 27.83672], [91.560966, 27.837969], [91.559982, 27.839584], [91.559189, 27.840307], [91.558609, 27.841562], [91.557709, 27.841839], [91.557014, 27.842827], [91.555748, 27.845337], [91.555405, 27.848274], [91.554825, 27.849945], [91.555412, 27.85076], [91.557396, 27.852331], [91.558083, 27.852428], [91.559418, 27.852615], [91.560928, 27.853165], [91.56295, 27.852461], [91.563057, 27.852425], [91.56369, 27.852365], [91.564491, 27.851997], [91.565804, 27.8507], [91.566605, 27.850332], [91.56855, 27.848927], [91.569527, 27.848505], [91.57016, 27.848551], [91.570686, 27.849007], [91.57122, 27.849514], [91.572098, 27.850737], [91.57267, 27.851852], [91.572945, 27.85355], [91.573509, 27.855112], [91.573776, 27.856672], [91.574333, 27.858761], [91.574883, 27.860378], [91.575951, 27.861835], [91.576744, 27.862797], [91.577766, 27.8631], [91.579666, 27.863276], [91.582649, 27.862797], [91.585197, 27.861206], [91.586906, 27.860281], [91.588158, 27.859142], [91.588516, 27.858694], [91.589088, 27.857977], [91.589851, 27.857094], [91.590515, 27.856647], [91.591667, 27.856354], [91.592445, 27.85644], [91.593567, 27.856241], [91.594627, 27.856604], [91.595619, 27.857679], [91.596558, 27.85878], [91.597939, 27.859694], [91.598152, 27.859909], [91.599281, 27.859308], [91.607376, 27.854], [91.614922, 27.856892], [91.621605, 27.857693], [91.626587, 27.855829], [91.627251, 27.855579], [91.631851, 27.855059], [91.637764, 27.854509], [91.641853, 27.85413], [91.65406, 27.857061], [91.661957, 27.85824], [91.669327, 27.85671], [91.679596, 27.844139], [91.689529, 27.82914], [91.694122, 27.82213], [91.702217, 27.81682], [91.709572, 27.81329], [91.721153, 27.810499], [91.746277, 27.80335], [91.758133, 27.801298], [91.771126, 27.801241], [91.778702, 27.803061], [91.788597, 27.80464], [91.799072, 27.808222], [91.804123, 27.808889], [91.810516, 27.80299], [91.815277, 27.803379], [91.824211, 27.81035], [91.82795, 27.80755], [91.828903, 27.796671], [91.831367, 27.788952], [91.833488, 27.779888], [91.8452, 27.77566], [91.848869, 27.76825], [91.851196, 27.76506], [91.852913, 27.759331], [91.857597, 27.74229], [91.860527, 27.736933], [91.870438, 27.734461], [91.873306, 27.730471], [91.875778, 27.726009], [91.878647, 27.72184], [91.888443, 27.724241], [91.90226, 27.72707], [91.902817, 27.727001], [91.908379, 27.726311], [91.915009, 27.718161], [91.918762, 27.715101], [91.934021, 27.721569], [91.945061, 27.728691], [91.946594, 27.732178], [91.949821, 27.739531], [91.955589, 27.750669], [91.96106, 27.750971], [91.965828, 27.75144], [91.972878, 27.759901], [91.978943, 27.76473], [91.983856, 27.769991], [91.994972, 27.768419], [92.00029, 27.767469], [92.010742, 27.76473], [92.037773, 27.7572], [92.048637, 27.75699], [92.055397, 27.75913], [92.067627, 27.76787], [92.084572, 27.779779], [92.09922, 27.793381], [92.119957, 27.8106], [92.138893, 27.824463], [92.156097, 27.837021], [92.170883, 27.842913], [92.189346, 27.852051], [92.200287, 27.857073], [92.210396, 27.85899], [92.234192, 27.86265], [92.236809, 27.862839], [92.246277, 27.86352], [92.255157, 27.862169], [92.264023, 27.857931], [92.26738, 27.853939], [92.271103, 27.844643], [92.277412, 27.82519], [92.284691, 27.80756], [92.307388, 27.77924], [92.315956, 27.77824], [92.309196, 27.754951], [92.289932, 27.702942], [92.279457, 27.67691], [92.269806, 27.659571], [92.255081, 27.638639], [92.246376, 27.629513], [92.232048, 27.61894], [92.210007, 27.60648], [92.184517, 27.59553], [92.171913, 27.58486], [92.154991, 27.57486], [92.134033, 27.56506], [92.111443, 27.547741], [92.102478, 27.539221], [92.093719, 27.52824], [92.051079, 27.503153], [92.031708, 27.491501], [92.011177, 27.481831], [92.000977, 27.478666], [91.99765, 27.478918], [91.997002, 27.478901], [91.996506, 27.478086], [91.995827, 27.478054], [91.994896, 27.477913], [91.993774, 27.476881], [91.993309, 27.476315], [91.992729, 27.47574], [91.992279, 27.475298], [91.991982, 27.474798], [91.991837, 27.474382], [91.99176, 27.473532], [91.991837, 27.472179], [91.991684, 27.471729], [91.991501, 27.471296], [91.990768, 27.469696], [91.989807, 27.468197], [91.988846, 27.467064], [91.988281, 27.466631], [91.987053, 27.465918], [91.985771, 27.466187], [91.985336, 27.466204], [91.984924, 27.466122], [91.984398, 27.465689], [91.983948, 27.465473], [91.983391, 27.465374], [91.982826, 27.465141], [91.982605, 27.464909], [91.98217, 27.464443], [91.981812, 27.464159], [91.981133, 27.464027], [91.980515, 27.463829], [91.97982, 27.46353], [91.978996, 27.462997], [91.977875, 27.462482], [91.977425, 27.462868], [91.977463, 27.463219], [91.977219, 27.463518], [91.97673, 27.46382], [91.975845, 27.464222], [91.974831, 27.464691], [91.974373, 27.464993], [91.974068, 27.465193], [91.973541, 27.465477], [91.972923, 27.465679], [91.972382, 27.466047], [91.971802, 27.466297], [91.97126, 27.465748], [91.971016, 27.465488], [91.970184, 27.4646], [91.969414, 27.463867], [91.96859, 27.463451], [91.967346, 27.463186], [91.966049, 27.462889], [91.964348, 27.462791], [91.963448, 27.462729], [91.962372, 27.461512], [91.961227, 27.460428], [91.960739, 27.46018], [91.960083, 27.459932], [91.959541, 27.459883], [91.957939, 27.460119], [91.957062, 27.460238], [91.955566, 27.460407], [91.954872, 27.460358], [91.954216, 27.460142], [91.953529, 27.459726], [91.953125, 27.459578], [91.951553, 27.459696], [91.949364, 27.460016], [91.948715, 27.460201], [91.947777, 27.460739], [91.947693, 27.460812], [91.947014, 27.46139], [91.946419, 27.461941], [91.946037, 27.461792], [91.94561, 27.461393], [91.944969, 27.460894], [91.944717, 27.460749], [91.944305, 27.46051], [91.943001, 27.459795], [91.942528, 27.459896], [91.942139, 27.460163], [91.941422, 27.460672], [91.941032, 27.460949], [91.940437, 27.461334], [91.939362, 27.461903], [91.938927, 27.462088], [91.93824, 27.462473], [91.937805, 27.462856], [91.937378, 27.463491], [91.936874, 27.464361], [91.936249, 27.464979], [91.935669, 27.465347], [91.93531, 27.465681], [91.935074, 27.466198], [91.934456, 27.466516], [91.934059, 27.4659], [91.93367, 27.4655], [91.932785, 27.465017], [91.932297, 27.464918], [91.931801, 27.464991], [91.931374, 27.465054], [91.930717, 27.465172], [91.930229, 27.46549], [91.929596, 27.466042], [91.929314, 27.466509], [91.929001, 27.466953], [91.928856, 27.467478], [91.928673, 27.468294], [91.928482, 27.468761], [91.928131, 27.469263], [91.927002, 27.470333], [91.92614, 27.471367], [91.925858, 27.471853], [91.925148, 27.472536], [91.924393, 27.473356], [91.92363, 27.474291], [91.923332, 27.475277], [91.923012, 27.475126], [91.922897, 27.47481], [91.922722, 27.474493], [91.922195, 27.473993], [91.921349, 27.473478], [91.920639, 27.473263], [91.919891, 27.473129], [91.919235, 27.472965], [91.918419, 27.472898], [91.916924, 27.472818], [91.91629, 27.472635], [91.915573, 27.472286], [91.915031, 27.472321], [91.914581, 27.472387], [91.914192, 27.472422], [91.913834, 27.472471], [91.912949, 27.472507], [91.91201, 27.471958], [91.911354, 27.471659], [91.910942, 27.471659], [91.91053, 27.47176], [91.909775, 27.472029], [91.908066, 27.472698], [91.9077, 27.472649], [91.905792, 27.471968], [91.904594, 27.47172], [91.902687, 27.471321], [91.902313, 27.471388], [91.90184, 27.471506], [91.90126, 27.471523], [91.900299, 27.471258], [91.899437, 27.471043], [91.898338, 27.470943], [91.897041, 27.470913], [91.895958, 27.470997], [91.895454, 27.471132], [91.894897, 27.471382], [91.893272, 27.472336], [91.891495, 27.473055], [91.889839, 27.473658], [91.887909, 27.474596], [91.886711, 27.475214], [91.886116, 27.475199], [91.885612, 27.474682], [91.885086, 27.474567], [91.884697, 27.474701], [91.883636, 27.474953], [91.882141, 27.475121], [91.881485, 27.475105], [91.880928, 27.474905], [91.879715, 27.474657], [91.878647, 27.474491], [91.878143, 27.474192], [91.877693, 27.473742], [91.877243, 27.473225], [91.876961, 27.472931], [91.87632, 27.47226], [91.87587, 27.471775], [91.875, 27.471058], [91.874519, 27.470842], [91.873299, 27.470528], [91.872543, 27.47053], [91.872017, 27.470613], [91.871361, 27.470764], [91.870781, 27.471031], [91.870445, 27.471249], [91.869995, 27.471684], [91.8694, 27.472383], [91.869102, 27.473019], [91.868896, 27.473404], [91.868774, 27.473936], [91.868713, 27.474455], [91.868736, 27.475021], [91.868752, 27.475971], [91.868668, 27.47641], [91.868576, 27.476906], [91.868408, 27.477674], [91.868019, 27.478476], [91.867516, 27.47946], [91.867149, 27.479877], [91.866196, 27.480762], [91.865448, 27.48138], [91.864342, 27.482084], [91.862999, 27.482903], [91.862144, 27.483236], [91.861244, 27.483438], [91.860649, 27.483438], [91.859558, 27.483208], [91.857681, 27.482557], [91.856949, 27.482283], [91.856796, 27.482225], [91.85614, 27.482042], [91.855583, 27.481993], [91.855209, 27.481977], [91.854774, 27.482128], [91.854286, 27.482374], [91.853706, 27.482664], [91.853226, 27.482964], [91.852089, 27.483849], [91.85099, 27.484652], [91.850143, 27.48522], [91.849228, 27.485788], [91.848442, 27.486139], [91.848122, 27.486256], [91.847473, 27.486023], [91.847298, 27.485689], [91.847137, 27.48539], [91.846992, 27.484539], [91.846786, 27.484289], [91.846466, 27.483973], [91.846092, 27.483772], [91.845604, 27.483389], [91.845345, 27.483006], [91.844955, 27.482239], [91.844734, 27.481688], [91.844604, 27.481289], [91.844131, 27.480604], [91.843704, 27.480055], [91.843376, 27.47957], [91.843262, 27.479204], [91.843132, 27.478653], [91.842926, 27.478109], [91.842834, 27.477871], [91.842278, 27.477221], [91.841339, 27.47637], [91.840836, 27.476053], [91.840103, 27.475721], [91.839447, 27.47537], [91.838928, 27.475056], [91.83844, 27.474638], [91.838188, 27.474373], [91.83699, 27.473539], [91.836403, 27.47299], [91.835846, 27.472322], [91.835091, 27.471857], [91.834373, 27.47154], [91.833664, 27.471357], [91.832672, 27.47109], [91.832108, 27.470924], [91.831474, 27.470659], [91.830872, 27.469975], [91.830421, 27.469257], [91.82988, 27.468708], [91.829353, 27.468391], [91.828674, 27.468176], [91.82782, 27.468067], [91.827217, 27.468006], [91.826775, 27.467972], [91.826363, 27.467882], [91.82579, 27.467672], [91.825287, 27.46768], [91.824898, 27.467434], [91.823921, 27.46793], [91.823273, 27.468498], [91.822731, 27.468666], [91.822098, 27.468866], [91.821701, 27.469101], [91.821342, 27.469418], [91.821236, 27.46961], [91.821121, 27.469818], [91.8209, 27.470285], [91.820656, 27.470835], [91.820335, 27.471186], [91.819916, 27.47122], [91.819427, 27.471272], [91.818321, 27.471455], [91.817856, 27.471657], [91.817299, 27.471855], [91.816566, 27.47204], [91.815712, 27.472391], [91.814682, 27.473009], [91.813805, 27.473595], [91.813072, 27.473679], [91.812439, 27.473595], [91.811821, 27.473413], [91.810928, 27.473164], [91.81028, 27.472963], [91.809753, 27.472898], [91.809456, 27.473099], [91.809074, 27.473232], [91.808685, 27.473064], [91.807823, 27.47275], [91.807014, 27.472666], [91.806175, 27.472666], [91.80542, 27.472734], [91.804611, 27.472868], [91.803886, 27.472801], [91.803398, 27.472652], [91.80304, 27.472403], [91.802574, 27.472036], [91.802177, 27.471735], [91.801414, 27.471636], [91.800865, 27.471687], [91.8004, 27.471771], [91.799644, 27.472038], [91.798897, 27.472439], [91.797905, 27.473074], [91.797546, 27.472956], [91.797173, 27.472658], [91.796852, 27.472275], [91.79657, 27.471773], [91.796234, 27.471273], [91.795769, 27.470707], [91.795174, 27.470276], [91.794052, 27.46979], [91.792915, 27.469624], [91.792313, 27.469675], [91.791954, 27.469751], [91.791603, 27.469826], [91.791, 27.46986], [91.790573, 27.469893], [91.789902, 27.469826], [91.789261, 27.469744], [91.78862, 27.469627], [91.788017, 27.469528], [91.787643, 27.469378], [91.787308, 27.469145], [91.787102, 27.468878], [91.786705, 27.46866], [91.785568, 27.468477], [91.785057, 27.468328], [91.784721, 27.468128], [91.784431, 27.467876], [91.784203, 27.467678], [91.783432, 27.467062], [91.783104, 27.466761], [91.782578, 27.466511], [91.781792, 27.466211], [91.781136, 27.466045], [91.780258, 27.465746], [91.779526, 27.465546], [91.779045, 27.465395], [91.778313, 27.465113], [91.777725, 27.46488], [91.776901, 27.464848], [91.775742, 27.465031], [91.775574, 27.465073], [91.774582, 27.465315], [91.773529, 27.465416], [91.772987, 27.465384], [91.771896, 27.465185], [91.770958, 27.46501], [91.770638, 27.464951], [91.769257, 27.464851], [91.767311, 27.464897], [91.766823, 27.465099], [91.76667, 27.465382], [91.766426, 27.465721], [91.766411, 27.465799], [91.766281, 27.466421], [91.766258, 27.46699], [91.766228, 27.467974], [91.766434, 27.469124], [91.766823, 27.470325], [91.767212, 27.471725], [91.767509, 27.472727], [91.767586, 27.473394], [91.76738, 27.473795], [91.766701, 27.474211], [91.766212, 27.474445], [91.76561, 27.474512], [91.764191, 27.474581], [91.763313, 27.474731], [91.761879, 27.474964], [91.759674, 27.475183], [91.757591, 27.475418], [91.756233, 27.475519], [91.75457, 27.47567], [91.753357, 27.476004], [91.753075, 27.476288], [91.752548, 27.476671], [91.75206, 27.476671], [91.751633, 27.476471], [91.751236, 27.476271], [91.750885, 27.475971], [91.750435, 27.475437], [91.750069, 27.47492], [91.749451, 27.474215], [91.749207, 27.473936], [91.748512, 27.473221], [91.748085, 27.472853], [91.74762, 27.472486], [91.747223, 27.472303], [91.746552, 27.472263], [91.745445, 27.471861], [91.743561, 27.471287], [91.740601, 27.470844], [91.738457, 27.470272], [91.735222, 27.469473], [91.732674, 27.469383], [91.731468, 27.468922], [91.729454, 27.468945], [91.728661, 27.469313], [91.727196, 27.469807], [91.726044, 27.470301], [91.724327, 27.471037], [91.719658, 27.472166], [91.717125, 27.473152], [91.714371, 27.474722], [91.714722, 27.476318], [91.715424, 27.478737], [91.716759, 27.48358], [91.717033, 27.484524], [91.717239, 27.485172], [91.714966, 27.488161], [91.713181, 27.493572], [91.712402, 27.494471], [91.710228, 27.496214], [91.707123, 27.49708], [91.705605, 27.497749], [91.704025, 27.498774], [91.700989, 27.499933], [91.700157, 27.501003], [91.698318, 27.502089], [91.697739, 27.50334], [91.697495, 27.504583], [91.69664, 27.505423], [91.694725, 27.505919], [91.693123, 27.505581], [91.691719, 27.504532], [91.690788, 27.504543], [91.68866, 27.503918], [91.687515, 27.502924], [91.687279, 27.502604], [91.686226, 27.501163], [91.68528, 27.499578], [91.685532, 27.498569], [91.685043, 27.497213], [91.684029, 27.495687], [91.683022, 27.495108], [91.681824, 27.494648], [91.680824, 27.4946], [91.678566, 27.494093], [91.677094, 27.493105], [91.675629, 27.493061], [91.674568, 27.493074], [91.672844, 27.493153], [91.671906, 27.493107], [91.670921, 27.492998], [91.670181, 27.492355], [91.669312, 27.492128], [91.66906, 27.491642], [91.668365, 27.49066], [91.66732, 27.490719], [91.667038, 27.490734], [91.666687, 27.490307], [91.666122, 27.489622], [91.663795, 27.488007], [91.663437, 27.486727], [91.662514, 27.486687], [91.66082, 27.485113], [91.659782, 27.485073], [91.658737, 27.484367], [91.656281, 27.484358], [91.651711, 27.484343], [91.65155, 27.48538], [91.651161, 27.485142]]]}, "properties": {"name": "Tawang", "state": "Arunachal Pradesh"}}, {"type": "Feature", "geometry": {"type": "Polygon", "coordinates": [[[95.56562, 26.83379], [95.557396, 26.871456], [95.560249, 26.892872], [95.557869, 26.897154], [95.494102, 26.867649], [95.47126, 26.86051], [95.431282, 26.848614], [95.421761, 26.853848], [95.413673, 26.865271], [95.399872, 26.87336], [95.38607, 26.883829], [95.370369, 26.890017], [95.365608, 26.901913], [95.364655, 26.914762], [95.362755, 26.918095], [95.362274, 26.923328], [95.366562, 26.924757], [95.367989, 26.928564], [95.362755, 26.930943], [95.365608, 26.939034], [95.365608, 26.944744], [95.363708, 26.948551], [95.366081, 26.955214], [95.376556, 26.963303], [95.378456, 26.97187], [95.376076, 26.981388], [95.373222, 26.987099], [95.377983, 26.993761], [95.379883, 27.00185], [95.37513, 27.008038], [95.382263, 27.006609], [95.385117, 27.011368], [95.377502, 27.013748], [95.38369, 27.019459], [95.378937, 27.021362], [95.367989, 27.020411], [95.367516, 27.025646], [95.366562, 27.034212], [95.362755, 27.038494], [95.371323, 27.040398], [95.382744, 27.045633], [95.391304, 27.058958], [95.38369, 27.066095], [95.378937, 27.070379], [95.378937, 27.076567], [95.387978, 27.083229], [95.37513, 27.089415], [95.376976, 27.10218], [95.385468, 27.105091], [95.386116, 27.11171], [95.396149, 27.11447], [95.406311, 27.11832], [95.420273, 27.130781], [95.429192, 27.13405], [95.440987, 27.132811], [95.44558, 27.134291], [95.447136, 27.13833], [95.450752, 27.13884], [95.4534, 27.13588], [95.457787, 27.135641], [95.461067, 27.140221], [95.463676, 27.15036], [95.465851, 27.1548], [95.465073, 27.15761], [95.463318, 27.15954], [95.4599, 27.160419], [95.45871, 27.163288], [95.463837, 27.167021], [95.46801, 27.172291], [95.463669, 27.182121], [95.467117, 27.185551], [95.468643, 27.1905], [95.465813, 27.19743], [95.462051, 27.203011], [95.4589, 27.20957], [95.459709, 27.21343], [95.469429, 27.21826], [95.470673, 27.223211], [95.4739, 27.22365], [95.47451, 27.22687], [95.480553, 27.23234], [95.487228, 27.246031], [95.490997, 27.248699], [95.506279, 27.25462], [95.510643, 27.25898], [95.510887, 27.26627], [95.516182, 27.268631], [95.520462, 27.263741], [95.525932, 27.26626], [95.529716, 27.26907], [95.534813, 27.27062], [95.554161, 27.25934], [95.556137, 27.25437], [95.563263, 27.252502], [95.574463, 27.25106], [95.5783, 27.247141], [95.577881, 27.242151], [95.590088, 27.229521], [95.599167, 27.22961], [95.607353, 27.231373], [95.619141, 27.236551], [95.634132, 27.239811], [95.637001, 27.23691], [95.638779, 27.228252], [95.644226, 27.214821], [95.645149, 27.20776], [95.643959, 27.199131], [95.65097, 27.190701], [95.6605, 27.185776], [95.67186, 27.178226], [95.675674, 27.167765], [95.674423, 27.149561], [95.670364, 27.133469], [95.667213, 27.124619], [95.661469, 27.120512], [95.648094, 27.110949], [95.642586, 27.099585], [95.652466, 27.080267], [95.653351, 27.062765], [95.632446, 27.026358], [95.634575, 27.010563], [95.646355, 26.990139], [95.663086, 26.9848], [95.684532, 26.984488], [95.685722, 26.968443], [95.68544, 26.961372], [95.696854, 26.943836], [95.696777, 26.941431], [95.697617, 26.917177], [95.690758, 26.903196], [95.687988, 26.901894], [95.68129, 26.90498], [95.673363, 26.910221], [95.668198, 26.90834], [95.662956, 26.904921], [95.657776, 26.898081], [95.655342, 26.89295], [95.654144, 26.890451], [95.650993, 26.883848], [95.646446, 26.882879], [95.645622, 26.882915], [95.64222, 26.88306], [95.636757, 26.87929], [95.634132, 26.87326], [95.634789, 26.867689], [95.634918, 26.866579], [95.633553, 26.855141], [95.632233, 26.84948], [95.62812, 26.843849], [95.627693, 26.84326], [95.622032, 26.837233], [95.617981, 26.829851], [95.611519, 26.821213], [95.599106, 26.82222], [95.592262, 26.82303], [95.584732, 26.822771], [95.574753, 26.82567], [95.568512, 26.82991], [95.56562, 26.83379]]]}, "properties": {"name": "Tirap", "state": "Arunachal Pradesh"}}, {"type": "Feature", "geometry": {"type": "Polygon", "coordinates": [[[95.409241, 28.31937], [95.406487, 28.315083], [95.396004, 28.299944], [95.377373, 28.280148], [95.359909, 28.280148], [95.344765, 28.280148], [95.337784, 28.273161], [95.338943, 28.256857], [95.338943, 28.234732], [95.336617, 28.226582], [95.323807, 28.223087], [95.30867, 28.221924], [95.29702, 28.209114], [95.298187, 28.196304], [95.281883, 28.177671], [95.2388, 28.162535], [95.22599, 28.149723], [95.208519, 28.14856], [95.195709, 28.149723], [95.18174, 28.168356], [95.167763, 28.190481], [95.160774, 28.200962], [95.147972, 28.204456], [95.133995, 28.204456], [95.12468, 28.210276], [95.11187, 28.226582], [95.109543, 28.237061], [95.107208, 28.254528], [95.107208, 28.270832], [95.108376, 28.290627], [95.120018, 28.299944], [95.120018, 28.31974], [95.120018, 28.33604], [95.110703, 28.353512], [95.101387, 28.365154], [95.088577, 28.379128], [95.079262, 28.387281], [95.072273, 28.39776], [95.073441, 28.407078], [95.08625, 28.417557], [95.101387, 28.42804], [95.103714, 28.444342], [95.103714, 28.461805], [95.102554, 28.476948], [95.090912, 28.487427], [95.081589, 28.504892], [95.065292, 28.511881], [95.052483, 28.511881], [95.042, 28.504892], [95.026863, 28.497908], [95.014053, 28.495579], [94.997749, 28.502565], [94.982613, 28.518867], [94.97213, 28.531677], [94.960487, 28.547981], [94.952332, 28.560789], [94.943016, 28.56312], [94.937195, 28.551474], [94.926712, 28.539829], [94.912743, 28.532843], [94.899933, 28.528185], [94.88945, 28.525854], [94.877808, 28.525854], [94.870819, 28.534006], [94.856842, 28.547981], [94.839378, 28.554968], [94.820747, 28.554968], [94.80677, 28.552639], [94.777657, 28.544487], [94.758942, 28.539993], [94.758537, 28.53739], [94.740692, 28.55685], [94.737358, 28.591862], [94.737358, 28.633545], [94.735695, 28.663553], [94.73069, 28.686893], [94.707352, 28.703566], [94.674004, 28.72691], [94.643997, 28.740246], [94.620651, 28.763588], [94.610649, 28.776924], [94.598984, 28.790262], [94.58564, 28.791929], [94.557297, 28.79693], [94.545631, 28.79693], [94.52562, 28.79693], [94.515617, 28.808601], [94.5, 28.828125], [94.495613, 28.833609], [94.458931, 28.860287], [94.427254, 28.871956], [94.400581, 28.890295], [94.387245, 28.910301], [94.378906, 28.926973], [94.357231, 28.948648], [94.323891, 28.966988], [94.27887, 28.995333], [94.225525, 29.007002], [94.171928, 29.007002], [94.171959, 29.007763], [94.175209, 29.020491], [94.179459, 29.028551], [94.18499, 29.039122], [94.191986, 29.0488], [94.198997, 29.060108], [94.205772, 29.069351], [94.214691, 29.084089], [94.224716, 29.09001], [94.233078, 29.096281], [94.23806, 29.100458], [94.245796, 29.107981], [94.257683, 29.116791], [94.26889, 29.127129], [94.277557, 29.135391], [94.287727, 29.148149], [94.292351, 29.14962], [94.297577, 29.150551], [94.307457, 29.150881], [94.311554, 29.150599], [94.318466, 29.15012], [94.331329, 29.15029], [94.350166, 29.150209], [94.356926, 29.15259], [94.35778, 29.153173], [94.358246, 29.153492], [94.363701, 29.157221], [94.36763, 29.16634], [94.370087, 29.181761], [94.372276, 29.190229], [94.376846, 29.194502], [94.397079, 29.203831], [94.399529, 29.204969], [94.413879, 29.21269], [94.425743, 29.22356], [94.431183, 29.226822], [94.433891, 29.22646], [94.441467, 29.225439], [94.454659, 29.22397], [94.466949, 29.22168], [94.47007, 29.220903], [94.478699, 29.21876], [94.494461, 29.216673], [94.5, 29.216822], [94.502975, 29.216902], [94.514008, 29.217201], [94.533066, 29.218719], [94.545807, 29.22327], [94.557899, 29.22891], [94.559952, 29.231483], [94.567398, 29.240829], [94.572083, 29.25057], [94.572647, 29.256491], [94.573448, 29.2649], [94.573891, 29.275171], [94.577759, 29.280769], [94.583832, 29.28269], [94.588959, 29.286301], [94.593887, 29.289841], [94.60537, 29.296989], [94.61071, 29.301163], [94.619003, 29.312799], [94.621086, 29.322531], [94.623703, 29.336771], [94.623543, 29.345591], [94.628159, 29.348591], [94.641457, 29.34692], [94.649551, 29.341923], [94.665977, 29.331779], [94.677246, 29.327841], [94.681587, 29.323801], [94.690956, 29.316711], [94.694618, 29.31394], [94.704453, 29.307751], [94.711052, 29.30434], [94.715866, 29.300133], [94.730705, 29.287161], [94.736633, 29.281981], [94.748222, 29.266258], [94.766533, 29.25279], [94.777382, 29.241119], [94.782768, 29.233191], [94.79084, 29.226191], [94.795387, 29.218731], [94.797897, 29.20999], [94.796532, 29.195499], [94.79287, 29.180361], [94.792923, 29.169741], [94.797989, 29.16461], [94.809486, 29.16671], [94.82029, 29.170959], [94.832619, 29.176743], [94.840263, 29.180161], [94.846588, 29.182991], [94.852448, 29.18372], [94.871803, 29.18429], [94.881157, 29.181789], [94.892632, 29.176041], [94.90696, 29.166521], [94.9188, 29.1623], [94.926826, 29.16276], [94.93824, 29.160978], [94.9394, 29.160942], [94.956886, 29.160372], [94.96769, 29.159752], [94.970978, 29.15624], [94.981598, 29.14995], [94.986549, 29.146709], [94.995102, 29.140961], [95.004982, 29.13575], [95.011162, 29.133408], [95.022797, 29.130621], [95.025673, 29.133591], [95.018227, 29.14296], [95.010406, 29.151859], [95.004219, 29.157711], [94.991959, 29.165819], [94.986687, 29.173538], [94.997498, 29.173012], [95.004913, 29.1705], [95.010887, 29.16708], [95.020271, 29.16115], [95.023392, 29.159801], [95.029228, 29.15728], [95.039742, 29.152422], [95.05368, 29.150185], [95.054337, 29.15008], [95.065559, 29.14793], [95.07811, 29.145601], [95.092117, 29.144358], [95.098396, 29.143801], [95.102516, 29.140108], [95.108887, 29.129021], [95.113533, 29.121201], [95.121758, 29.116251], [95.145927, 29.11561], [95.154877, 29.11335], [95.177521, 29.10858], [95.196648, 29.10758], [95.202896, 29.107857], [95.213623, 29.108334], [95.216713, 29.108471], [95.240479, 29.11071], [95.250763, 29.10988], [95.247856, 29.093773], [95.251373, 29.085739], [95.25058, 29.081358], [95.24971, 29.07658], [95.250107, 29.068571], [95.257507, 29.061979], [95.266556, 29.05765], [95.272377, 29.058613], [95.267563, 29.049608], [95.270767, 29.04682], [95.274368, 29.04558], [95.276657, 29.03417], [95.274849, 29.03051], [95.269737, 29.02796], [95.264252, 29.02656], [95.254616, 29.008631], [95.250732, 29.004978], [95.242432, 29.00242], [95.243889, 28.989229], [95.254433, 28.98237], [95.254967, 28.98048], [95.254387, 28.971701], [95.255783, 28.969339], [95.259789, 28.967388], [95.260727, 28.965542], [95.258827, 28.963963], [95.254608, 28.95755], [95.254913, 28.952972], [95.263, 28.94832], [95.268143, 28.946991], [95.271812, 28.947041], [95.282356, 28.94849], [95.294708, 28.954712], [95.298721, 28.958538], [95.306061, 28.95619], [95.306793, 28.952353], [95.305046, 28.947849], [95.306541, 28.944738], [95.311859, 28.941971], [95.311546, 28.936081], [95.323196, 28.931721], [95.326942, 28.92329], [95.327156, 28.92095], [95.31739, 28.911831], [95.324371, 28.90851], [95.32222, 28.904753], [95.325119, 28.896481], [95.324623, 28.893972], [95.315353, 28.8881], [95.322403, 28.876381], [95.321037, 28.86437], [95.327103, 28.855911], [95.322342, 28.852791], [95.323433, 28.845501], [95.326317, 28.843561], [95.327293, 28.838171], [95.329666, 28.836128], [95.337837, 28.83692], [95.340431, 28.835508], [95.342766, 28.831011], [95.34565, 28.828371], [95.352348, 28.827881], [95.354736, 28.82543], [95.35289, 28.820421], [95.357521, 28.806671], [95.358139, 28.801571], [95.36042, 28.80061], [95.359947, 28.79512], [95.362076, 28.78931], [95.376717, 28.780081], [95.373146, 28.771561], [95.373596, 28.767031], [95.379257, 28.75589], [95.388947, 28.743771], [95.386093, 28.738901], [95.384247, 28.733191], [95.374367, 28.729738], [95.368736, 28.718891], [95.366791, 28.716801], [95.35051, 28.70689], [95.354446, 28.704203], [95.356552, 28.69821], [95.35807, 28.68943], [95.3573, 28.683823], [95.359329, 28.67285], [95.35936, 28.66209], [95.364311, 28.654228], [95.367157, 28.64669], [95.365181, 28.628731], [95.37513, 28.617069], [95.376297, 28.60066], [95.378777, 28.590839], [95.380867, 28.58783], [95.380112, 28.582691], [95.381882, 28.573151], [95.400948, 28.57061], [95.409317, 28.556681], [95.409706, 28.552431], [95.407883, 28.548851], [95.402046, 28.54454], [95.392738, 28.53203], [95.394592, 28.527491], [95.392937, 28.522289], [95.394409, 28.5182], [95.392792, 28.515242], [95.387482, 28.513269], [95.377022, 28.5112], [95.373291, 28.507992], [95.366203, 28.494987], [95.353256, 28.493073], [95.348, 28.48937], [95.342918, 28.484173], [95.34005, 28.48308], [95.33857, 28.480581], [95.336792, 28.479919], [95.33519, 28.467861], [95.334892, 28.455198], [95.337807, 28.451891], [95.337807, 28.444901], [95.33905, 28.44202], [95.33709, 28.440901], [95.335457, 28.437271], [95.320366, 28.4289], [95.323639, 28.42222], [95.32811, 28.4214], [95.328918, 28.419041], [95.332649, 28.41667], [95.337433, 28.411591], [95.33828, 28.40909], [95.338676, 28.40583], [95.337479, 28.401781], [95.339813, 28.387821], [95.337311, 28.37904], [95.338417, 28.368992], [95.342667, 28.366289], [95.358063, 28.361021], [95.362122, 28.359921], [95.365318, 28.36039], [95.369026, 28.359928], [95.369743, 28.356762], [95.367973, 28.35187], [95.37011, 28.34239], [95.372757, 28.33857], [95.377167, 28.337181], [95.374641, 28.32765], [95.375717, 28.323], [95.382263, 28.31423], [95.38591, 28.311491], [95.395737, 28.31535], [95.397797, 28.31823], [95.409241, 28.31937]]]}, "properties": {"name": "Upper Siang", "state": "Arunachal Pradesh"}}, {"type": "Feature", "geometry": {"type": "Polygon", "coordinates": [[[93.219887, 28.33551], [93.221458, 28.33857], [93.22274, 28.341068], [93.220299, 28.35549], [93.219276, 28.3615], [93.22226, 28.377941], [93.231522, 28.400711], [93.225868, 28.4083], [93.216057, 28.41367], [93.204613, 28.419279], [93.190369, 28.42602], [93.181068, 28.432741], [93.182663, 28.439991], [93.190338, 28.444151], [93.200882, 28.448992], [93.207542, 28.452229], [93.213577, 28.45817], [93.22245, 28.47028], [93.229057, 28.477951], [93.235306, 28.482731], [93.236389, 28.483242], [93.25396, 28.49155], [93.262863, 28.496901], [93.26963, 28.501141], [93.275917, 28.504829], [93.279343, 28.51379], [93.281647, 28.521231], [93.28891, 28.543411], [93.29744, 28.557589], [93.305267, 28.566259], [93.303337, 28.576872], [93.297539, 28.59203], [93.299873, 28.59955], [93.306396, 28.600983], [93.311371, 28.60375], [93.31958, 28.60701], [93.327637, 28.60829], [93.32988, 28.615631], [93.330963, 28.62348], [93.332306, 28.63368], [93.335503, 28.63818], [93.336906, 28.64016], [93.341919, 28.64012], [93.350861, 28.638891], [93.361771, 28.640829], [93.369713, 28.644541], [93.389679, 28.649469], [93.395393, 28.650356], [93.405182, 28.651871], [93.411842, 28.652901], [93.429802, 28.66231], [93.437141, 28.669134], [93.437469, 28.669439], [93.44133, 28.67256], [93.445671, 28.676041], [93.456749, 28.668421], [93.462563, 28.65703], [93.466759, 28.652121], [93.474197, 28.65365], [93.475502, 28.66231], [93.479179, 28.67498], [93.483597, 28.680092], [93.485565, 28.681103], [93.491119, 28.683962], [93.495506, 28.684023], [93.50087, 28.682093], [93.509209, 28.67984], [93.511993, 28.678028], [93.518433, 28.67383], [93.518936, 28.671495], [93.520203, 28.665642], [93.524467, 28.66128], [93.533836, 28.65885], [93.561272, 28.659611], [93.606987, 28.655878], [93.620087, 28.65773], [93.634872, 28.66102], [93.63887, 28.661909], [93.653641, 28.66684], [93.669426, 28.671961], [93.685516, 28.67934], [93.699646, 28.67993], [93.713821, 28.683861], [93.725029, 28.688219], [93.731567, 28.68928], [93.743645, 28.684628], [93.74733, 28.68321], [93.761276, 28.674608], [93.771713, 28.670036], [93.775177, 28.668518], [93.785286, 28.67141], [93.797363, 28.680271], [93.818787, 28.694891], [93.835556, 28.704521], [93.84404, 28.70739], [93.849663, 28.706991], [93.857872, 28.705803], [93.865273, 28.703712], [93.904129, 28.676661], [93.919601, 28.67038], [93.926132, 28.671801], [93.934563, 28.677099], [93.943527, 28.689171], [93.95697, 28.704679], [93.960289, 28.71306], [93.987999, 28.688568], [93.994926, 28.683249], [93.999527, 28.67948], [94.002472, 28.67547], [94.007919, 28.672421], [94.013939, 28.66942], [94.016457, 28.66637], [94.021736, 28.652121], [94.008636, 28.63271], [94.004601, 28.622631], [94.001923, 28.611801], [94.000282, 28.591921], [93.999939, 28.578751], [94.020027, 28.566561], [94.048363, 28.552212], [94.056671, 28.550591], [94.064392, 28.54565], [94.070213, 28.540413], [94.079407, 28.5355], [94.083931, 28.53488], [94.090736, 28.536701], [94.095619, 28.53723], [94.098457, 28.53426], [94.101921, 28.52651], [94.106102, 28.525539], [94.107582, 28.522491], [94.106323, 28.513191], [94.107903, 28.50437], [94.104462, 28.49881], [94.110283, 28.4904], [94.112328, 28.480209], [94.113747, 28.477011], [94.121849, 28.47197], [94.125351, 28.46829], [94.131729, 28.45282], [94.138168, 28.445829], [94.150879, 28.437481], [94.161682, 28.433691], [94.167343, 28.434191], [94.172371, 28.436451], [94.18367, 28.43084], [94.191612, 28.431271], [94.199448, 28.43301], [94.213043, 28.43788], [94.218323, 28.437691], [94.224426, 28.434832], [94.230766, 28.42968], [94.235878, 28.435032], [94.235893, 28.443333], [94.238441, 28.447203], [94.240898, 28.448219], [94.251289, 28.441603], [94.261696, 28.436911], [94.266693, 28.433731], [94.273956, 28.432199], [94.2826, 28.433481], [94.29203, 28.430321], [94.295692, 28.424351], [94.301811, 28.4205], [94.307747, 28.41853], [94.308128, 28.416113], [94.301163, 28.40185], [94.301033, 28.397551], [94.307899, 28.377213], [94.314789, 28.374281], [94.321487, 28.37031], [94.324783, 28.363178], [94.329048, 28.35957], [94.336647, 28.360083], [94.342949, 28.356951], [94.367447, 28.354931], [94.370331, 28.353531], [94.372261, 28.346031], [94.376137, 28.34236], [94.385628, 28.337709], [94.400879, 28.342171], [94.402786, 28.32972], [94.395859, 28.324461], [94.385696, 28.318741], [94.377167, 28.310808], [94.374359, 28.30164], [94.374428, 28.296881], [94.38092, 28.28908], [94.389542, 28.28051], [94.392349, 28.27561], [94.391281, 28.267771], [94.393768, 28.265499], [94.401176, 28.261278], [94.416733, 28.256241], [94.409462, 28.25477], [94.403877, 28.254932], [94.387283, 28.260942], [94.383133, 28.259972], [94.372131, 28.248051], [94.36895, 28.246111], [94.367119, 28.237421], [94.36805, 28.227079], [94.366547, 28.222521], [94.367523, 28.213501], [94.364326, 28.208582], [94.35627, 28.200548], [94.360542, 28.192553], [94.368576, 28.18799], [94.374313, 28.18317], [94.376457, 28.17865], [94.374496, 28.170111], [94.377678, 28.16078], [94.391418, 28.14407], [94.391823, 28.138672], [94.386497, 28.12326], [94.397713, 28.10696], [94.394852, 28.091049], [94.390572, 28.086348], [94.391899, 28.08499], [94.399399, 28.082251], [94.402687, 28.07836], [94.407539, 28.074553], [94.408417, 28.071461], [94.417618, 28.068741], [94.425781, 28.06496], [94.439499, 28.063271], [94.449455, 28.058945], [94.467308, 28.051189], [94.475616, 28.04178], [94.481117, 28.02582], [94.484543, 28.024252], [94.5, 28.022558], [94.506622, 28.021832], [94.513351, 28.017981], [94.522942, 28.003429], [94.525146, 27.99785], [94.528709, 27.99251], [94.532516, 27.988581], [94.525833, 27.97975], [94.523247, 27.96907], [94.525597, 27.96089], [94.531456, 27.954962], [94.536346, 27.946602], [94.538322, 27.93609], [94.543129, 27.928171], [94.555122, 27.91301], [94.558693, 27.90523], [94.567299, 27.901531], [94.579933, 27.8974], [94.588753, 27.895531], [94.59362, 27.89295], [94.595261, 27.883911], [94.595581, 27.87365], [94.589867, 27.864561], [94.577927, 27.858961], [94.559952, 27.859058], [94.534309, 27.852793], [94.504486, 27.83913], [94.5, 27.839088], [94.483841, 27.83894], [94.476357, 27.836061], [94.470161, 27.83563], [94.46508, 27.830179], [94.461922, 27.82786], [94.448967, 27.827961], [94.444183, 27.82572], [94.443047, 27.81674], [94.440681, 27.813822], [94.434387, 27.811769], [94.424217, 27.810551], [94.418686, 27.80916], [94.40303, 27.795301], [94.395142, 27.796831], [94.385567, 27.796947], [94.380188, 27.792063], [94.373436, 27.78788], [94.372459, 27.786133], [94.365433, 27.77965], [94.347382, 27.7668], [94.333229, 27.76049], [94.322037, 27.7733], [94.317772, 27.77663], [94.315666, 27.779251], [94.305946, 27.786249], [94.294617, 27.793032], [94.274513, 27.80315], [94.258003, 27.810261], [94.204178, 27.814711], [94.193848, 27.813808], [94.192497, 27.817678], [94.19223, 27.838911], [94.183517, 27.84301], [94.170746, 27.847731], [94.160446, 27.84609], [94.154259, 27.8542], [94.153152, 27.86042], [94.149353, 27.86825], [94.146347, 27.8692], [94.141701, 27.868511], [94.135956, 27.864168], [94.128838, 27.860081], [94.122246, 27.864052], [94.112801, 27.862211], [94.102547, 27.86326], [94.096687, 27.862011], [94.086739, 27.855328], [94.074387, 27.851511], [94.06028, 27.871571], [94.059837, 27.877821], [94.060623, 27.881802], [94.05838, 27.889542], [94.056198, 27.90831], [94.051727, 27.9102], [94.047699, 27.91394], [94.047806, 27.91658], [94.053146, 27.920059], [94.057098, 27.924223], [94.068207, 27.94117], [94.057518, 27.946821], [94.055222, 27.95084], [94.048988, 27.954601], [94.040886, 27.956461], [94.038429, 27.9587], [94.032738, 27.95941], [94.018143, 27.956671], [94.010986, 27.95813], [93.996521, 27.968861], [93.991928, 27.972111], [93.987671, 27.97681], [93.97863, 27.97868], [93.973923, 27.975931], [93.969673, 27.968069], [93.968193, 27.967798], [93.965591, 27.97826], [93.956657, 27.979891], [93.945808, 27.98065], [93.94252, 27.982861], [93.940193, 27.98686], [93.939766, 27.996429], [93.937866, 28.00037], [93.938202, 28.001802], [93.937462, 28.00374], [93.930977, 28.007318], [93.912086, 28.014481], [93.91243, 28.020741], [93.911606, 28.02697], [93.910591, 28.028866], [93.909409, 28.031078], [93.904709, 28.034241], [93.887657, 28.039511], [93.885666, 28.04147], [93.882736, 28.046419], [93.873573, 28.05496], [93.872391, 28.058945], [93.871803, 28.060942], [93.87294, 28.06679], [93.875526, 28.073061], [93.874313, 28.074739], [93.863808, 28.079639], [93.854126, 28.082829], [93.85331, 28.084869], [93.862259, 28.093948], [93.871338, 28.101082], [93.878548, 28.10688], [93.880249, 28.109289], [93.875656, 28.116661], [93.875908, 28.12237], [93.879967, 28.127201], [93.892029, 28.130239], [93.875526, 28.162401], [93.849876, 28.20075], [93.845787, 28.209122], [93.842079, 28.21973], [93.839958, 28.2311], [93.841019, 28.23757], [93.838631, 28.24048], [93.81723, 28.250181], [93.785713, 28.25868], [93.778542, 28.261843], [93.773056, 28.261141], [93.764633, 28.264071], [93.757057, 28.26951], [93.751236, 28.2784], [93.747513, 28.281031], [93.745033, 28.28566], [93.741379, 28.287781], [93.72847, 28.28879], [93.720917, 28.29232], [93.70089, 28.30901], [93.693527, 28.312441], [93.682663, 28.321609], [93.679489, 28.322712], [93.669861, 28.317621], [93.661766, 28.307871], [93.655922, 28.30555], [93.648956, 28.304392], [93.63266, 28.310171], [93.62912, 28.309191], [93.626762, 28.3067], [93.621651, 28.296541], [93.618362, 28.287121], [93.609528, 28.27298], [93.596069, 28.273211], [93.591583, 28.272188], [93.585678, 28.269173], [93.576019, 28.26214], [93.570343, 28.25695], [93.563171, 28.263069], [93.555717, 28.261492], [93.553139, 28.26227], [93.541229, 28.268822], [93.53421, 28.270458], [93.515083, 28.2717], [93.508263, 28.27297], [93.49778, 28.27754], [93.490501, 28.277861], [93.478409, 28.28232], [93.474792, 28.28203], [93.47036, 28.276649], [93.467339, 28.274641], [93.45388, 28.27257], [93.451653, 28.272779], [93.446373, 28.28294], [93.443863, 28.28405], [93.441177, 28.28343], [93.435432, 28.28364], [93.430321, 28.280828], [93.423431, 28.283501], [93.412842, 28.28923], [93.409401, 28.297661], [93.407036, 28.30757], [93.398636, 28.309919], [93.393097, 28.308969], [93.384743, 28.30707], [93.382896, 28.31028], [93.382431, 28.31354], [93.37735, 28.31226], [93.376907, 28.31736], [93.378563, 28.322363], [93.376991, 28.324209], [93.362862, 28.33042], [93.359276, 28.33053], [93.357788, 28.333521], [93.357323, 28.337521], [93.359543, 28.343111], [93.358818, 28.344351], [93.356522, 28.34514], [93.347939, 28.345289], [93.342628, 28.34613], [93.339546, 28.348091], [93.335251, 28.354021], [93.31826, 28.350151], [93.310341, 28.345961], [93.3013, 28.34235], [93.295967, 28.341068], [93.292526, 28.341009], [93.286507, 28.34878], [93.283127, 28.355719], [93.281113, 28.36541], [93.275887, 28.36713], [93.258003, 28.36763], [93.243927, 28.361431], [93.237679, 28.351379], [93.233467, 28.348591], [93.230133, 28.347361], [93.2276, 28.34498], [93.224846, 28.340981], [93.22477, 28.33622], [93.221268, 28.334709], [93.219887, 28.33551]]]}, "properties": {"name": "Upper Subansiri", "state": "Arunachal Pradesh"}}, {"type": "Feature", "geometry": {"type": "Polygon", "coordinates": [[[92.034859, 27.073353], [92.032715, 27.076752], [92.031723, 27.079205], [92.031235, 27.080416], [92.030991, 27.082159], [92.03109, 27.083597], [92.031509, 27.084669], [92.031395, 27.085749], [92.031204, 27.086651], [92.031311, 27.088686], [92.031479, 27.090961], [92.031235, 27.092043], [92.030983, 27.093126], [92.030334, 27.094334], [92.029343, 27.095306], [92.028755, 27.095913], [92.028976, 27.097109], [92.028931, 27.098309], [92.028625, 27.100168], [92.027916, 27.101557], [92.026817, 27.103849], [92.025902, 27.105061], [92.024918, 27.106333], [92.024849, 27.107719], [92.023903, 27.109489], [92.024261, 27.11124], [92.025177, 27.111629], [92.025574, 27.111902], [92.025932, 27.112392], [92.026215, 27.112637], [92.0261, 27.115232], [92.026917, 27.116287], [92.027725, 27.117037], [92.028572, 27.118896], [92.029671, 27.120398], [92.031105, 27.121794], [92.032188, 27.122822], [92.032806, 27.125113], [92.033096, 27.126543], [92.033394, 27.128092], [92.033539, 27.129047], [92.034103, 27.130472], [92.034119, 27.131548], [92.034203, 27.132397], [92.034279, 27.133221], [92.034424, 27.133816], [92.034721, 27.135366], [92.035149, 27.137033], [92.035446, 27.138582], [92.035728, 27.13954], [92.035866, 27.140011], [92.035606, 27.140491], [92.035233, 27.141573], [92.033943, 27.144341], [92.032516, 27.14723], [92.032158, 27.149147], [92.031662, 27.151783], [92.031303, 27.154058], [92.029984, 27.155033], [92.02948, 27.156595], [92.028313, 27.158644], [92.027809, 27.160322], [92.027557, 27.161283], [92.027451, 27.162838], [92.027206, 27.164276], [92.0271, 27.165951], [92.027252, 27.167143], [92.026825, 27.168604], [92.027718, 27.170723], [92.02961, 27.172012], [92.031372, 27.173302], [92.03434, 27.174696], [92.035057, 27.176615], [92.035316, 27.177311], [92.037483, 27.178955], [92.039398, 27.181437], [92.039772, 27.181892], [92.040077, 27.182264], [92.041283, 27.182367], [92.043022, 27.182583], [92.044388, 27.182341], [92.044495, 27.182322], [92.045334, 27.1826], [92.046242, 27.182896], [92.047585, 27.183235], [92.048523, 27.183462], [92.050659, 27.183552], [92.051888, 27.18461], [92.053246, 27.185905], [92.054062, 27.18697], [92.054398, 27.187733], [92.05468, 27.18836], [92.055878, 27.191246], [92.056412, 27.191944], [92.056969, 27.192665], [92.059006, 27.194162], [92.058907, 27.195822], [92.05838, 27.196829], [92.058411, 27.198742], [92.058578, 27.200413], [92.059547, 27.20219], [92.059708, 27.204102], [92.06041, 27.205526], [92.060532, 27.206966], [92.06057, 27.207436], [92.061134, 27.208982], [92.062103, 27.21088], [92.063049, 27.211346], [92.064125, 27.211927], [92.064613, 27.212091], [92.065292, 27.21232], [92.066505, 27.213251], [92.067848, 27.214476], [92.068954, 27.215918], [92.06987, 27.219257], [92.069778, 27.221529], [92.069801, 27.222963], [92.070503, 27.224747], [92.07093, 27.226175], [92.070961, 27.227728], [92.070976, 27.228683], [92.070992, 27.229759], [92.07077, 27.232033], [92.07119, 27.233103], [92.071075, 27.234539], [92.071236, 27.235851], [92.070847, 27.236574], [92.070648, 27.238016], [92.069962, 27.239336], [92.069054, 27.240782], [92.068268, 27.242109], [92.066818, 27.242966], [92.065842, 27.243639], [92.065758, 27.243698], [92.064049, 27.245275], [92.063133, 27.246365], [92.062454, 27.247046], [92.061684, 27.24782], [92.060905, 27.248905], [92.059998, 27.250832], [92.059486, 27.252033], [92.058037, 27.25301], [92.056313, 27.25399], [92.054161, 27.253424], [92.052162, 27.253691], [92.05117, 27.253992], [92.048035, 27.254944], [92.046432, 27.254965], [92.0439, 27.25536], [92.041458, 27.255253], [92.038536, 27.254761], [92.038292, 27.255947], [92.038635, 27.25695], [92.039246, 27.257652], [92.039879, 27.258667], [92.041153, 27.260664], [92.041458, 27.260986], [92.042145, 27.261721], [92.043869, 27.262371], [92.045319, 27.263655], [92.045296, 27.266455], [92.045143, 27.268887], [92.047089, 27.268887], [92.048134, 27.268969], [92.048996, 27.269623], [92.049011, 27.270437], [92.049919, 27.270424], [92.050842, 27.271223], [92.051743, 27.270399], [92.052666, 27.271198], [92.053574, 27.271185], [92.054482, 27.271173], [92.055397, 27.27116], [92.05632, 27.271959], [92.057228, 27.271948], [92.058136, 27.271935], [92.059044, 27.271921], [92.059959, 27.27191], [92.060883, 27.272709], [92.06179, 27.272696], [92.062714, 27.273497], [92.063637, 27.274296], [92.06456, 27.275097], [92.065491, 27.275896], [92.065865, 27.276222], [92.066414, 27.276697], [92.067322, 27.276684], [92.067535, 27.27668], [92.06823, 27.27667], [92.069138, 27.276657], [92.070038, 27.275833], [92.070961, 27.276632], [92.07148, 27.277082], [92.071884, 27.277431], [92.072792, 27.27742], [92.073715, 27.278219], [92.074631, 27.278206], [92.075539, 27.278194], [92.076431, 27.277369], [92.076416, 27.276554], [92.076965, 27.276049], [92.077316, 27.275728], [92.078209, 27.274902], [92.079102, 27.274076], [92.080002, 27.273251], [92.08091, 27.273239], [92.081802, 27.272413], [92.08268, 27.2724], [92.08287, 27.272228], [92.083611, 27.271574], [92.084518, 27.271561], [92.085411, 27.270735], [92.085403, 27.269922], [92.086311, 27.269909], [92.087204, 27.269083], [92.088791, 27.269657], [92.089043, 27.269871], [92.089951, 27.269857], [92.090843, 27.269032], [92.091751, 27.269018], [92.092667, 27.269005], [92.093575, 27.268991], [92.094498, 27.269793], [92.095406, 27.269779], [92.096306, 27.268953], [92.097214, 27.26894], [92.098122, 27.268927], [92.099014, 27.268101], [92.09993, 27.268087], [92.100838, 27.268074], [92.101746, 27.268063], [92.102654, 27.268049], [92.103561, 27.268036], [92.104477, 27.268023], [92.1054, 27.268822], [92.106308, 27.268808], [92.107231, 27.269609], [92.108154, 27.270409], [92.10907, 27.270395], [92.109978, 27.270382], [92.110886, 27.27037], [92.111778, 27.269543], [92.112694, 27.269531], [92.113602, 27.269518], [92.114525, 27.270317], [92.115433, 27.270304], [92.116364, 27.271103], [92.117271, 27.27109], [92.118179, 27.271078], [92.119087, 27.271065], [92.119995, 27.271051], [92.120926, 27.271851], [92.121849, 27.27265], [92.121864, 27.273462], [92.122787, 27.274263], [92.123711, 27.275063], [92.123726, 27.275875], [92.123741, 27.276688], [92.123756, 27.277502], [92.12468, 27.278301], [92.124695, 27.279114], [92.12471, 27.279926], [92.124725, 27.280739], [92.124756, 27.282366], [92.123856, 27.283192], [92.122963, 27.284018], [92.122978, 27.28483], [92.122993, 27.285643], [92.123009, 27.286457], [92.122116, 27.287283], [92.121216, 27.288109], [92.120323, 27.288935], [92.119431, 27.289761], [92.119003, 27.290152], [92.11853, 27.290586], [92.117638, 27.291412], [92.116745, 27.292238], [92.115829, 27.292252], [92.114937, 27.293077], [92.114029, 27.293091], [92.113136, 27.293917], [92.112236, 27.294743], [92.111328, 27.294756], [92.110435, 27.295582], [92.10952, 27.295595], [92.108627, 27.296421], [92.107735, 27.297247], [92.106819, 27.29726], [92.105927, 27.298086], [92.105034, 27.298912], [92.104134, 27.29974], [92.103241, 27.300566], [92.102348, 27.301392], [92.101433, 27.301403], [92.100601, 27.302176], [92.10054, 27.302231], [92.100441, 27.302233], [92.099632, 27.302242], [92.098724, 27.302256], [92.097824, 27.303082], [92.096916, 27.303095], [92.096008, 27.303108], [92.095093, 27.303122], [92.0942, 27.303947], [92.093292, 27.303961], [92.092377, 27.303972], [92.091469, 27.303986], [92.090561, 27.303999], [92.089653, 27.304012], [92.088753, 27.304838], [92.08786, 27.305664], [92.086967, 27.30649], [92.086052, 27.306503], [92.085159, 27.307329], [92.084473, 27.307962], [92.084259, 27.308155], [92.083366, 27.308981], [92.082458, 27.308992], [92.081558, 27.309818], [92.080666, 27.310644], [92.079773, 27.31147], [92.078857, 27.311483], [92.077965, 27.312309], [92.077072, 27.313135], [92.077087, 27.313948], [92.076187, 27.314774], [92.075294, 27.315599], [92.07531, 27.316412], [92.074409, 27.317238], [92.073517, 27.318064], [92.073532, 27.318878], [92.072632, 27.319702], [92.071739, 27.320528], [92.070847, 27.321354], [92.069946, 27.32218], [92.069038, 27.322193], [92.068138, 27.323019], [92.067245, 27.323845], [92.066353, 27.324671], [92.066368, 27.325483], [92.065468, 27.326309], [92.065483, 27.327122], [92.065117, 27.327473], [92.065063, 27.327805], [92.064323, 27.331161], [92.063576, 27.334518], [92.063629, 27.337626], [92.063049, 27.339497], [92.062553, 27.341536], [92.061783, 27.343338], [92.060738, 27.345028], [92.059685, 27.345999], [92.058769, 27.347086], [92.057053, 27.348772], [92.056793, 27.349028], [92.053421, 27.351471], [92.054108, 27.352011], [92.054901, 27.352636], [92.05172, 27.356354], [92.050423, 27.357969], [92.049858, 27.359636], [92.048111, 27.359707], [92.0476, 27.359728], [92.047234, 27.360872], [92.047691, 27.361792], [92.048065, 27.362535], [92.0485, 27.364323], [92.048393, 27.366236], [92.048302, 27.368387], [92.048347, 27.370897], [92.048393, 27.373646], [92.049118, 27.376862], [92.04995, 27.378284], [92.050491, 27.378754], [92.050728, 27.378981], [92.051064, 27.379126], [92.05146, 27.379467], [92.052216, 27.379904], [92.053879, 27.381645], [92.054779, 27.382759], [92.05497, 27.385983], [92.054878, 27.388494], [92.055046, 27.390284], [92.055084, 27.392315], [92.055237, 27.393509], [92.055138, 27.395422], [92.055771, 27.398119], [92.058258, 27.399981], [92.056282, 27.400541], [92.055115, 27.401875], [92.054329, 27.402843], [92.053276, 27.403933], [92.052361, 27.405142], [92.050377, 27.406364], [92.049316, 27.407215], [92.047737, 27.408911], [92.046288, 27.410007], [92.044975, 27.411699], [92.04364, 27.414104], [92.043472, 27.415709], [92.042702, 27.417061], [92.041237, 27.419638], [92.041809, 27.42214], [92.043755, 27.424152], [92.043861, 27.424261], [92.044067, 27.426954], [92.043358, 27.428114], [92.042999, 27.428696], [92.042633, 27.43117], [92.042519, 27.431929], [92.041512, 27.435289], [92.03894, 27.437511], [92.038742, 27.438078], [92.037956, 27.439045], [92.03569, 27.439911], [92.034088, 27.439934], [92.031746, 27.43992], [92.02903, 27.440315], [92.02684, 27.440346], [92.02504, 27.443407], [92.023727, 27.444859], [92.022667, 27.445829], [92.022552, 27.446787], [92.022034, 27.44775], [92.021523, 27.449192], [92.021141, 27.45063], [92.021027, 27.451469], [92.020805, 27.454102], [92.021233, 27.455889], [92.021408, 27.458036], [92.021828, 27.458986], [92.021454, 27.460665], [92.021225, 27.462938], [92.021133, 27.46533], [92.020798, 27.469158], [92.02018, 27.472275], [92.020073, 27.473711], [92.019653, 27.477703], [92.019165, 27.479139], [92.018768, 27.480324], [92.017342, 27.480139], [92.016701, 27.480055], [92.01403, 27.479025], [92.010712, 27.479012], [92.009033, 27.478523], [92.001534, 27.478624], [92.000977, 27.478666], [92.011177, 27.481831], [92.031708, 27.491501], [92.051079, 27.503153], [92.093719, 27.52824], [92.102478, 27.539221], [92.111443, 27.547741], [92.134033, 27.56506], [92.154991, 27.57486], [92.171913, 27.58486], [92.184517, 27.59553], [92.210007, 27.60648], [92.232048, 27.61894], [92.246376, 27.629513], [92.255081, 27.638639], [92.269806, 27.659571], [92.279457, 27.67691], [92.289932, 27.702942], [92.309196, 27.754951], [92.315956, 27.77824], [92.328926, 27.783548], [92.350281, 27.790661], [92.364243, 27.793638], [92.369629, 27.793303], [92.374702, 27.793671], [92.379837, 27.795019], [92.382957, 27.815571], [92.39798, 27.820471], [92.40686, 27.822088], [92.413857, 27.82304], [92.427368, 27.81201], [92.44381, 27.800781], [92.454933, 27.803263], [92.459488, 27.807581], [92.467033, 27.81522], [92.476723, 27.821529], [92.484558, 27.82864], [92.492508, 27.836821], [92.501328, 27.841501], [92.515091, 27.840219], [92.526367, 27.831131], [92.534477, 27.824331], [92.5439, 27.817471], [92.554253, 27.818298], [92.560692, 27.821041], [92.5653, 27.827351], [92.576241, 27.84181], [92.585747, 27.856871], [92.605072, 27.877508], [92.620361, 27.884468], [92.631592, 27.887291], [92.651573, 27.892971], [92.669212, 27.900131], [92.674156, 27.906], [92.686363, 27.919481], [92.701256, 27.933809], [92.713852, 27.94928], [92.729797, 27.97192], [92.733162, 27.97793], [92.736702, 27.97296], [92.745659, 27.96763], [92.748787, 27.963631], [92.7565, 27.95763], [92.778137, 27.953991], [92.786522, 27.951139], [92.820457, 27.959578], [92.827759, 27.957838], [92.837517, 27.958441], [92.846039, 27.95715], [92.858353, 27.95702], [92.85791, 27.9496], [92.867737, 27.94475], [92.868896, 27.94627], [92.876701, 27.941069], [92.878563, 27.93895], [92.929482, 27.92045], [92.930717, 27.913509], [92.928612, 27.908491], [92.928223, 27.904819], [92.931358, 27.892879], [92.929947, 27.882601], [92.930443, 27.875851], [92.936867, 27.87149], [92.93734, 27.860901], [92.942322, 27.857941], [92.943886, 27.845928], [92.946213, 27.842352], [92.952637, 27.844549], [92.959167, 27.843403], [92.965889, 27.82699], [92.970879, 27.82518], [92.978378, 27.82402], [92.98188, 27.821161], [92.995857, 27.824869], [93.00341, 27.8262], [93.008087, 27.8209], [93.011467, 27.81991], [93.014748, 27.82049], [93.022652, 27.82365], [93.034798, 27.824249], [93.038979, 27.825731], [93.051216, 27.827271], [93.060951, 27.829811], [93.071716, 27.829922], [93.074577, 27.82889], [93.081718, 27.823139], [93.091507, 27.81299], [93.094673, 27.811701], [93.099106, 27.813412], [93.1082, 27.820461], [93.120377, 27.820051], [93.124153, 27.82011], [93.129837, 27.824211], [93.134148, 27.82472], [93.15274, 27.822611], [93.155991, 27.82048], [93.15892, 27.819563], [93.167252, 27.82272], [93.173782, 27.822371], [93.181908, 27.82897], [93.185226, 27.833271], [93.185753, 27.839121], [93.187332, 27.842609], [93.187637, 27.84577], [93.190407, 27.846741], [93.196068, 27.84726], [93.206078, 27.837231], [93.217293, 27.83214], [93.221039, 27.83197], [93.220352, 27.829163], [93.22245, 27.823191], [93.226547, 27.81987], [93.233101, 27.809431], [93.235001, 27.804562], [93.236282, 27.797901], [93.233658, 27.787741], [93.229729, 27.778271], [93.229706, 27.776201], [93.220123, 27.765112], [93.221107, 27.76063], [93.21888, 27.758791], [93.213463, 27.75149], [93.207748, 27.74189], [93.204018, 27.74028], [93.194992, 27.73901], [93.184937, 27.740028], [93.180702, 27.738701], [93.165329, 27.741859], [93.158058, 27.740191], [93.150452, 27.73966], [93.148483, 27.73868], [93.14431, 27.734541], [93.140686, 27.72901], [93.140793, 27.71699], [93.138206, 27.711411], [93.136673, 27.71118], [93.134682, 27.709558], [93.129326, 27.70282], [93.115318, 27.69199], [93.113861, 27.6891], [93.113571, 27.68586], [93.11216, 27.68615], [93.101547, 27.682859], [93.099533, 27.679331], [93.097549, 27.67852], [93.094177, 27.67248], [93.090439, 27.666813], [93.083191, 27.66305], [93.081207, 27.654341], [93.078926, 27.65122], [93.069412, 27.648941], [93.064636, 27.648861], [93.055099, 27.650431], [93.04422, 27.642981], [93.040222, 27.63798], [93.038658, 27.63265], [93.035431, 27.625957], [93.034119, 27.621941], [93.034172, 27.61688], [93.030647, 27.613878], [93.030838, 27.608421], [93.028946, 27.60384], [93.025887, 27.601509], [93.017036, 27.597158], [93.01577, 27.59528], [93.015671, 27.59248], [93.011353, 27.58717], [93.010406, 27.583679], [93.006889, 27.582069], [93.004593, 27.5798], [93.001907, 27.578451], [92.996307, 27.572269], [92.989487, 27.568331], [92.984238, 27.5634], [92.978889, 27.562731], [92.971336, 27.565121], [92.96476, 27.56983], [92.96019, 27.576509], [92.950447, 27.57723], [92.943138, 27.583061], [92.939781, 27.584471], [92.935913, 27.59263], [92.932503, 27.591051], [92.928787, 27.591671], [92.928291, 27.595251], [92.919449, 27.599211], [92.913803, 27.604481], [92.906479, 27.60461], [92.895447, 27.610653], [92.888893, 27.62129], [92.869057, 27.6366], [92.863083, 27.641821], [92.860931, 27.644979], [92.857216, 27.646921], [92.853127, 27.647942], [92.84478, 27.645851], [92.838997, 27.64616], [92.835388, 27.645611], [92.832642, 27.64786], [92.827209, 27.64715], [92.819313, 27.641239], [92.81208, 27.63755], [92.808617, 27.645941], [92.806221, 27.647322], [92.802689, 27.64551], [92.796997, 27.643869], [92.790527, 27.643221], [92.777916, 27.644621], [92.772957, 27.647341], [92.770859, 27.644451], [92.768707, 27.645201], [92.76696, 27.646912], [92.765846, 27.6464], [92.763687, 27.641123], [92.758522, 27.636681], [92.748306, 27.622648], [92.74453, 27.623152], [92.737526, 27.626831], [92.73185, 27.631969], [92.720818, 27.639971], [92.719513, 27.643101], [92.71917, 27.646801], [92.716972, 27.64777], [92.714088, 27.640471], [92.709068, 27.634081], [92.70845, 27.629261], [92.695557, 27.61799], [92.69117, 27.617701], [92.68, 27.60627], [92.675507, 27.605511], [92.65683, 27.58828], [92.652977, 27.586182], [92.650391, 27.581341], [92.646172, 27.576891], [92.64756, 27.571623], [92.642853, 27.552959], [92.643433, 27.543381], [92.646576, 27.535931], [92.65712, 27.526239], [92.665283, 27.536711], [92.678276, 27.538351], [92.684013, 27.54196], [92.692673, 27.544621], [92.697487, 27.548599], [92.70459, 27.54957], [92.708427, 27.55283], [92.712463, 27.55291], [92.715981, 27.55611], [92.718307, 27.55714], [92.729332, 27.55665], [92.73275, 27.55542], [92.738083, 27.555691], [92.750168, 27.552219], [92.771278, 27.550211], [92.779739, 27.55588], [92.783539, 27.55728], [92.789871, 27.555], [92.796547, 27.54435], [92.799057, 27.53871], [92.802521, 27.53499], [92.805679, 27.53301], [92.80706, 27.528709], [92.809486, 27.526239], [92.809761, 27.52335], [92.813606, 27.52515], [92.81456, 27.519081], [92.81189, 27.517481], [92.813278, 27.507931], [92.810547, 27.491991], [92.810638, 27.48525], [92.809303, 27.47797], [92.807716, 27.47484], [92.804703, 27.473022], [92.803162, 27.471041], [92.802788, 27.465931], [92.80484, 27.4582], [92.804146, 27.45363], [92.801086, 27.45208], [92.802933, 27.447781], [92.806076, 27.444021], [92.806923, 27.440479], [92.806366, 27.43622], [92.809013, 27.43449], [92.806679, 27.43189], [92.808067, 27.428928], [92.812782, 27.428061], [92.812256, 27.424561], [92.808121, 27.42288], [92.804672, 27.4202], [92.812393, 27.41724], [92.815727, 27.415201], [92.818367, 27.4175], [92.821396, 27.41045], [92.822113, 27.403473], [92.820976, 27.391109], [92.822868, 27.386568], [92.823563, 27.382111], [92.822258, 27.378401], [92.815948, 27.380461], [92.814507, 27.37842], [92.813393, 27.37355], [92.813759, 27.369221], [92.815796, 27.367559], [92.81498, 27.36417], [92.815659, 27.359671], [92.814507, 27.35601], [92.806198, 27.360188], [92.804161, 27.35696], [92.806137, 27.35339], [92.806557, 27.350851], [92.80336, 27.350519], [92.801559, 27.35236], [92.799797, 27.35148], [92.805351, 27.345181], [92.808746, 27.33795], [92.808907, 27.33564], [92.806847, 27.333273], [92.809151, 27.32901], [92.819099, 27.32128], [92.820847, 27.318069], [92.829201, 27.3132], [92.832756, 27.31241], [92.844566, 27.303989], [92.847412, 27.29073], [92.871361, 27.292261], [92.874016, 27.293812], [92.877098, 27.291599], [92.878403, 27.28857], [92.883926, 27.287621], [92.888153, 27.285841], [92.890091, 27.282398], [92.889229, 27.278671], [92.885529, 27.27693], [92.888039, 27.272079], [92.896126, 27.267721], [92.894058, 27.259901], [92.899361, 27.25423], [92.897697, 27.25116], [92.895287, 27.25001], [92.897041, 27.234859], [92.903053, 27.221291], [92.902946, 27.215191], [92.899803, 27.20962], [92.893837, 27.20602], [92.875549, 27.20182], [92.869263, 27.199331], [92.864296, 27.19507], [92.855377, 27.194361], [92.832329, 27.18878], [92.816193, 27.179211], [92.812088, 27.179251], [92.798866, 27.182631], [92.781609, 27.18231], [92.768311, 27.195431], [92.764641, 27.19696], [92.749878, 27.196569], [92.746513, 27.19562], [92.742531, 27.193001], [92.738716, 27.191759], [92.73671, 27.18882], [92.728729, 27.185381], [92.725197, 27.18218], [92.716667, 27.177151], [92.697166, 27.17382], [92.687927, 27.16695], [92.682869, 27.16643], [92.678032, 27.16494], [92.674858, 27.162128], [92.670418, 27.16258], [92.663147, 27.15855], [92.657471, 27.157303], [92.649803, 27.153111], [92.637703, 27.15144], [92.632233, 27.148743], [92.628777, 27.149912], [92.624489, 27.150011], [92.617073, 27.14731], [92.613426, 27.145201], [92.607872, 27.14142], [92.606781, 27.1373], [92.60688, 27.126692], [92.601532, 27.121], [92.601791, 27.109301], [92.595596, 27.107311], [92.594147, 27.105791], [92.600197, 27.09827], [92.59185, 27.08666], [92.590179, 27.080231], [92.597763, 27.05419], [92.605171, 27.045431], [92.623932, 27.02994], [92.635582, 27.025223], [92.639099, 27.018539], [92.64463, 27.01004], [92.644203, 27.00251], [92.645309, 26.995611], [92.645462, 26.98745], [92.585213, 26.961863], [92.553612, 26.95907], [92.531761, 26.963301], [92.515442, 26.96442], [92.50502, 26.96677], [92.490639, 26.964731], [92.483757, 26.964741], [92.466293, 26.96306], [92.459572, 26.96331], [92.446167, 26.96064], [92.442169, 26.955023], [92.425766, 26.943468], [92.411888, 26.944191], [92.399757, 26.926271], [92.367287, 26.931551], [92.364433, 26.932699], [92.35305, 26.93557], [92.346779, 26.93346], [92.320053, 26.928381], [92.302856, 26.92421], [92.303749, 26.90954], [92.300537, 26.90814], [92.290077, 26.90546], [92.281487, 26.904148], [92.27639, 26.90247], [92.267868, 26.905083], [92.265106, 26.9076], [92.26123, 26.90877], [92.254562, 26.91223], [92.209351, 26.896891], [92.194847, 26.891001], [92.17717, 26.892481], [92.168823, 26.891911], [92.162399, 26.89266], [92.147926, 26.890888], [92.129539, 26.890713], [92.124191, 26.889761], [92.120369, 26.890301], [92.112984, 26.892384], [92.114426, 26.893906], [92.116753, 26.89645], [92.11721, 26.898098], [92.11795, 26.89938], [92.118431, 26.901028], [92.118881, 26.903009], [92.119514, 26.905396], [92.119926, 26.907757], [92.120132, 26.909542], [92.119896, 26.911015], [92.119225, 26.912451], [92.11779, 26.9137], [92.117104, 26.91494], [92.116623, 26.916735], [92.116463, 26.918415], [92.116455, 26.920256], [92.116615, 26.922318], [92.116798, 26.924021], [92.117149, 26.925842], [92.117516, 26.927271], [92.117577, 26.928951], [92.117165, 26.930872], [92.116837, 26.931561], [92.116264, 26.932745], [92.115799, 26.934206], [92.115891, 26.936049], [92.116142, 26.936356], [92.116966, 26.937365], [92.117958, 26.938589], [92.118271, 26.940901], [92.117645, 26.9433], [92.116203, 26.944517], [92.114754, 26.945734], [92.114388, 26.947531], [92.114555, 26.949442], [92.114456, 26.951117], [92.114738, 26.952309], [92.116096, 26.953604], [92.117355, 26.954748], [92.119202, 26.955591], [92.121498, 26.956871], [92.122177, 26.957937], [92.12207, 26.959135], [92.121834, 26.960932], [92.121323, 26.962254], [92.120544, 26.963341], [92.119919, 26.965502], [92.119682, 26.967299], [92.119453, 26.969454], [92.119621, 26.971363], [92.119659, 26.973276], [92.118607, 26.974127], [92.116219, 26.974878], [92.113266, 26.975645], [92.11277, 26.975773], [92.112633, 26.975864], [92.111198, 26.976843], [92.109344, 26.978327], [92.108292, 26.979177], [92.106834, 26.979797], [92.106041, 26.980406], [92.104996, 26.981735], [92.104759, 26.983294], [92.10453, 26.98509], [92.104568, 26.986971], [92.104927, 26.987444], [92.105927, 26.988775], [92.1064, 26.989323], [92.107155, 26.990192], [92.106529, 26.992712], [92.105644, 26.995234], [92.104485, 26.997402], [92.104095, 26.998363], [92.103455, 26.999569], [92.10321, 27.000887], [92.103111, 27.003912], [92.1017, 27.00605], [92.101158, 27.006792], [92.099487, 27.007452], [92.098534, 27.008007], [92.097084, 27.009104], [92.095795, 27.009731], [92.09552, 27.010939], [92.09539, 27.011518], [92.093155, 27.013105], [92.092743, 27.013235], [92.089966, 27.014107], [92.087578, 27.014978], [92.084793, 27.016094], [92.081871, 27.016733], [92.078262, 27.017685], [92.077881, 27.018461], [92.077705, 27.019709], [92.077347, 27.020411], [92.077309, 27.023354], [92.077721, 27.026367], [92.078964, 27.030268], [92.080742, 27.031731], [92.082466, 27.033615], [92.08284, 27.034643], [92.08268, 27.035837], [92.081818, 27.037043], [92.08139, 27.03824], [92.081528, 27.04122], [92.074509, 27.041878], [92.074348, 27.041964], [92.071075, 27.043692], [92.069458, 27.044327], [92.066071, 27.046791], [92.062027, 27.048267], [92.061134, 27.048588], [92.06041, 27.048904], [92.059097, 27.049574], [92.057861, 27.050205], [92.056419, 27.050879], [92.054977, 27.051397], [92.05352, 27.051609], [92.049194, 27.051556], [92.046371, 27.051786], [92.043991, 27.051645], [92.043419, 27.052721], [92.04332, 27.053785], [92.042763, 27.056093], [92.039139, 27.059595], [92.038101, 27.061298], [92.03717, 27.062346], [92.037224, 27.06291], [92.037384, 27.064491], [92.037605, 27.067326], [92.037209, 27.069248], [92.036301, 27.071333], [92.035545, 27.072264], [92.034859, 27.073353]]]}, "properties": {"name": "West Kameng", "state": "Arunachal Pradesh"}}, {"type": "Feature", "geometry": {"type": "Polygon", "coordinates": [[[94.860863, 27.739479], [94.866028, 27.73624], [94.860718, 27.733381], [94.853577, 27.731621], [94.848793, 27.710682], [94.839386, 27.703541], [94.821266, 27.69622], [94.818031, 27.69684], [94.800217, 27.69709], [94.797577, 27.698933], [94.795349, 27.698078], [94.79406, 27.69322], [94.790993, 27.68885], [94.776451, 27.683378], [94.772163, 27.683969], [94.766937, 27.68014], [94.76432, 27.674561], [94.75956, 27.66844], [94.75592, 27.666519], [94.742668, 27.663422], [94.73703, 27.665649], [94.727676, 27.66786], [94.72554, 27.67034], [94.720703, 27.669991], [94.716637, 27.66165], [94.713066, 27.660261], [94.698082, 27.667101], [94.689407, 27.667191], [94.683876, 27.66334], [94.686508, 27.657143], [94.686996, 27.653311], [94.68251, 27.64959], [94.675743, 27.650652], [94.669113, 27.650278], [94.664642, 27.64786], [94.648422, 27.642071], [94.645218, 27.636539], [94.639793, 27.63096], [94.634453, 27.628771], [94.630692, 27.62829], [94.624977, 27.630119], [94.614067, 27.62574], [94.609383, 27.622631], [94.60408, 27.6231], [94.600609, 27.621931], [94.595772, 27.621469], [94.591469, 27.62281], [94.586296, 27.62011], [94.581856, 27.61668], [94.573532, 27.60697], [94.569473, 27.606352], [94.563896, 27.60696], [94.556122, 27.603239], [94.551712, 27.60405], [94.546417, 27.603533], [94.536591, 27.596991], [94.531731, 27.59693], [94.526283, 27.59577], [94.515663, 27.58473], [94.509407, 27.58407], [94.500229, 27.577311], [94.5, 27.577265], [94.490967, 27.575493], [94.483109, 27.577202], [94.479156, 27.57699], [94.469307, 27.564013], [94.45974, 27.557711], [94.456223, 27.562902], [94.453468, 27.57094], [94.449608, 27.575041], [94.442383, 27.57946], [94.43605, 27.584421], [94.430588, 27.59646], [94.431038, 27.603081], [94.420929, 27.601341], [94.403183, 27.587191], [94.394829, 27.588779], [94.387596, 27.589279], [94.384377, 27.58646], [94.380432, 27.585091], [94.375839, 27.584578], [94.372307, 27.579269], [94.367493, 27.57675], [94.362198, 27.580231], [94.355698, 27.577381], [94.348846, 27.579451], [94.345078, 27.584591], [94.340576, 27.583441], [94.338142, 27.581039], [94.329056, 27.58839], [94.323738, 27.58717], [94.31971, 27.590052], [94.312408, 27.589651], [94.308357, 27.595581], [94.301643, 27.59988], [94.298019, 27.604271], [94.292892, 27.600361], [94.288483, 27.594511], [94.287659, 27.591791], [94.276031, 27.593349], [94.275208, 27.597401], [94.272453, 27.60347], [94.261887, 27.6101], [94.254089, 27.613701], [94.257103, 27.61912], [94.262222, 27.624519], [94.267166, 27.627863], [94.266708, 27.632561], [94.262787, 27.636021], [94.259071, 27.637018], [94.255989, 27.636553], [94.252228, 27.64093], [94.250069, 27.639721], [94.247269, 27.635811], [94.245071, 27.63587], [94.235077, 27.632511], [94.22596, 27.61799], [94.217438, 27.609001], [94.211113, 27.610842], [94.214043, 27.6166], [94.231926, 27.640482], [94.248596, 27.65387], [94.256546, 27.65884], [94.267708, 27.66853], [94.278717, 27.673731], [94.303169, 27.687481], [94.312103, 27.694241], [94.3228, 27.705811], [94.334862, 27.711851], [94.345047, 27.715712], [94.352432, 27.7171], [94.356239, 27.72201], [94.356796, 27.73156], [94.349892, 27.73299], [94.343033, 27.729038], [94.339378, 27.727921], [94.32103, 27.737398], [94.314873, 27.74173], [94.310753, 27.74794], [94.314178, 27.771391], [94.317772, 27.77663], [94.322037, 27.7733], [94.333229, 27.76049], [94.347382, 27.7668], [94.365433, 27.77965], [94.372459, 27.786133], [94.373436, 27.78788], [94.380188, 27.792063], [94.385567, 27.796947], [94.395142, 27.796831], [94.40303, 27.795301], [94.418686, 27.80916], [94.424217, 27.810551], [94.434387, 27.811769], [94.440681, 27.813822], [94.443047, 27.81674], [94.444183, 27.82572], [94.448967, 27.827961], [94.461922, 27.82786], [94.46508, 27.830179], [94.470161, 27.83563], [94.476357, 27.836061], [94.483841, 27.83894], [94.5, 27.839088], [94.504486, 27.83913], [94.534309, 27.852793], [94.559952, 27.859058], [94.577927, 27.858961], [94.589867, 27.864561], [94.595581, 27.87365], [94.595261, 27.883911], [94.59362, 27.89295], [94.588753, 27.895531], [94.579933, 27.8974], [94.567299, 27.901531], [94.558693, 27.90523], [94.555122, 27.91301], [94.543129, 27.928171], [94.538322, 27.93609], [94.536346, 27.946602], [94.531456, 27.954962], [94.525597, 27.96089], [94.523247, 27.96907], [94.525833, 27.97975], [94.532516, 27.988581], [94.528709, 27.99251], [94.525146, 27.99785], [94.522942, 28.003429], [94.513351, 28.017981], [94.506622, 28.021832], [94.5, 28.022558], [94.484543, 28.024252], [94.481117, 28.02582], [94.475616, 28.04178], [94.467308, 28.051189], [94.449455, 28.058945], [94.439499, 28.063271], [94.425781, 28.06496], [94.417618, 28.068741], [94.408417, 28.071461], [94.407539, 28.074553], [94.402687, 28.07836], [94.399399, 28.082251], [94.391899, 28.08499], [94.390572, 28.086348], [94.394852, 28.091049], [94.397713, 28.10696], [94.386497, 28.12326], [94.391823, 28.138672], [94.391418, 28.14407], [94.377678, 28.16078], [94.374496, 28.170111], [94.376457, 28.17865], [94.374313, 28.18317], [94.368576, 28.18799], [94.360542, 28.192553], [94.35627, 28.200548], [94.364326, 28.208582], [94.367523, 28.213501], [94.366547, 28.222521], [94.36805, 28.227079], [94.367119, 28.237421], [94.36895, 28.246111], [94.372131, 28.248051], [94.383133, 28.259972], [94.387283, 28.260942], [94.403877, 28.254932], [94.409462, 28.25477], [94.416733, 28.256241], [94.401176, 28.261278], [94.393768, 28.265499], [94.391281, 28.267771], [94.392349, 28.27561], [94.389542, 28.28051], [94.38092, 28.28908], [94.374428, 28.296881], [94.374359, 28.30164], [94.377167, 28.310808], [94.385696, 28.318741], [94.395859, 28.324461], [94.402786, 28.32972], [94.400879, 28.342171], [94.385628, 28.337709], [94.376137, 28.34236], [94.372261, 28.346031], [94.370331, 28.353531], [94.367447, 28.354931], [94.342949, 28.356951], [94.336647, 28.360083], [94.329048, 28.35957], [94.324783, 28.363178], [94.321487, 28.37031], [94.314789, 28.374281], [94.307899, 28.377213], [94.301033, 28.397551], [94.301163, 28.40185], [94.308128, 28.416113], [94.307747, 28.41853], [94.301811, 28.4205], [94.295692, 28.424351], [94.29203, 28.430321], [94.2826, 28.433481], [94.273956, 28.432199], [94.266693, 28.433731], [94.261696, 28.436911], [94.251289, 28.441603], [94.240898, 28.448219], [94.238441, 28.447203], [94.235893, 28.443333], [94.235878, 28.435032], [94.230766, 28.42968], [94.224426, 28.434832], [94.218323, 28.437691], [94.213043, 28.43788], [94.199448, 28.43301], [94.191612, 28.431271], [94.18367, 28.43084], [94.172371, 28.436451], [94.167343, 28.434191], [94.161682, 28.433691], [94.150879, 28.437481], [94.138168, 28.445829], [94.131729, 28.45282], [94.125351, 28.46829], [94.121849, 28.47197], [94.113747, 28.477011], [94.112328, 28.480209], [94.110283, 28.4904], [94.104462, 28.49881], [94.107903, 28.50437], [94.106323, 28.513191], [94.107582, 28.522491], [94.106102, 28.525539], [94.101921, 28.52651], [94.098457, 28.53426], [94.095619, 28.53723], [94.090736, 28.536701], [94.083931, 28.53488], [94.079407, 28.5355], [94.070213, 28.540413], [94.064392, 28.54565], [94.056671, 28.550591], [94.048363, 28.552212], [94.020027, 28.566561], [93.999939, 28.578751], [94.000282, 28.591921], [94.001923, 28.611801], [94.004601, 28.622631], [94.008636, 28.63271], [94.021736, 28.652121], [94.016457, 28.66637], [94.013939, 28.66942], [94.007919, 28.672421], [94.002472, 28.67547], [93.999527, 28.67948], [93.994926, 28.683249], [93.987999, 28.688568], [93.960289, 28.71306], [93.96254, 28.718712], [93.965553, 28.72324], [93.965111, 28.74299], [93.968506, 28.751383], [93.977631, 28.7593], [93.990356, 28.765631], [93.998093, 28.771641], [94.001427, 28.775539], [94.001633, 28.784281], [93.998413, 28.78804], [93.985268, 28.79829], [93.985573, 28.80677], [93.986801, 28.807878], [93.999977, 28.819771], [93.998001, 28.83112], [93.994911, 28.84137], [94.002853, 28.847021], [94.014809, 28.851181], [94.017921, 28.851643], [94.030067, 28.853451], [94.034203, 28.860962], [94.043999, 28.873831], [94.056946, 28.886429], [94.058113, 28.88756], [94.066536, 28.89609], [94.078842, 28.905821], [94.094162, 28.915131], [94.120468, 28.930281], [94.13649, 28.940392], [94.155136, 28.954762], [94.156921, 28.95937], [94.158318, 28.97406], [94.166771, 28.981161], [94.172943, 28.991821], [94.171776, 29.003168], [94.171928, 29.007002], [94.225525, 29.007002], [94.27887, 28.995333], [94.323891, 28.966988], [94.357231, 28.948648], [94.378906, 28.926973], [94.387245, 28.910301], [94.400581, 28.890295], [94.427254, 28.871956], [94.458931, 28.860287], [94.495613, 28.833609], [94.5, 28.828125], [94.515617, 28.808601], [94.52562, 28.79693], [94.545631, 28.79693], [94.557297, 28.79693], [94.58564, 28.791929], [94.598984, 28.790262], [94.610649, 28.776924], [94.620651, 28.763588], [94.643997, 28.740246], [94.674004, 28.72691], [94.707352, 28.703566], [94.73069, 28.686893], [94.735695, 28.663553], [94.737358, 28.633545], [94.737358, 28.591862], [94.740692, 28.55685], [94.758537, 28.53739], [94.758301, 28.5359], [94.755157, 28.53068], [94.747696, 28.52331], [94.746986, 28.521339], [94.746437, 28.50629], [94.741356, 28.500322], [94.750252, 28.479881], [94.751358, 28.473942], [94.75174, 28.468931], [94.745773, 28.459881], [94.746941, 28.45616], [94.760612, 28.434198], [94.76329, 28.425741], [94.775452, 28.426991], [94.788826, 28.425541], [94.799141, 28.422861], [94.806053, 28.422392], [94.810318, 28.42618], [94.814247, 28.425289], [94.819221, 28.421751], [94.828613, 28.421068], [94.840027, 28.417641], [94.856987, 28.415871], [94.869431, 28.41572], [94.875908, 28.41185], [94.878616, 28.408022], [94.88176, 28.393579], [94.88726, 28.376841], [94.890068, 28.36268], [94.888733, 28.35857], [94.889458, 28.353621], [94.892097, 28.348459], [94.898018, 28.34654], [94.898613, 28.340549], [94.901497, 28.338091], [94.9039, 28.332001], [94.904793, 28.327108], [94.907883, 28.323441], [94.91333, 28.31299], [94.913017, 28.305443], [94.915886, 28.301481], [94.922386, 28.297091], [94.922737, 28.287991], [94.921043, 28.28134], [94.920776, 28.27541], [94.92321, 28.27243], [94.925148, 28.268169], [94.934013, 28.258831], [94.936203, 28.25407], [94.935417, 28.247259], [94.937141, 28.243361], [94.919487, 28.242083], [94.913567, 28.240831], [94.906349, 28.240721], [94.903267, 28.23741], [94.899261, 28.23501], [94.896393, 28.235811], [94.89312, 28.23797], [94.888367, 28.23875], [94.881371, 28.23535], [94.89093, 28.23], [94.897667, 28.219271], [94.902603, 28.21372], [94.909683, 28.208521], [94.913033, 28.203821], [94.914757, 28.199053], [94.909813, 28.17889], [94.909737, 28.168173], [94.908699, 28.161869], [94.91246, 28.15608], [94.913231, 28.151939], [94.917656, 28.149311], [94.931717, 28.14781], [94.937637, 28.140471], [94.949547, 28.131969], [94.946457, 28.12709], [94.943771, 28.11804], [94.941513, 28.115141], [94.937576, 28.112749], [94.934418, 28.109671], [94.932732, 28.10523], [94.92868, 28.09971], [94.916008, 28.09436], [94.900688, 28.079672], [94.915291, 28.0683], [94.917007, 28.064857], [94.920853, 28.06344], [94.924301, 28.058945], [94.924812, 28.058281], [94.930496, 28.053423], [94.931091, 28.050951], [94.928596, 28.047701], [94.910446, 28.038231], [94.906708, 28.03487], [94.902542, 28.023352], [94.898277, 28.019972], [94.893898, 28.017641], [94.887238, 28.01535], [94.885422, 28.013309], [94.881203, 28.003578], [94.883003, 28.000023], [94.893631, 28.000002], [94.896736, 27.997961], [94.900909, 27.99885], [94.922302, 28.000601], [94.928398, 27.99575], [94.941147, 27.993141], [94.944, 27.991371], [94.947868, 27.99024], [94.948257, 27.987551], [94.951256, 27.985371], [94.957893, 27.984179], [94.957748, 27.98011], [94.957527, 27.97747], [94.955147, 27.974951], [94.956429, 27.96867], [94.954483, 27.959011], [94.947136, 27.952553], [94.947067, 27.945841], [94.947899, 27.940821], [94.941902, 27.926632], [94.938591, 27.92152], [94.928001, 27.90926], [94.926086, 27.902052], [94.923866, 27.897701], [94.925407, 27.892851], [94.921577, 27.890362], [94.915543, 27.888], [94.912727, 27.885481], [94.906609, 27.883739], [94.90966, 27.87388], [94.9076, 27.867689], [94.910309, 27.863331], [94.914963, 27.862329], [94.922096, 27.863981], [94.926323, 27.863899], [94.930099, 27.86047], [94.926369, 27.85677], [94.921753, 27.854731], [94.91745, 27.85017], [94.912636, 27.847431], [94.906326, 27.84586], [94.905289, 27.843201], [94.910248, 27.837221], [94.902069, 27.83252], [94.901688, 27.82637], [94.897316, 27.822611], [94.891907, 27.813431], [94.896896, 27.811413], [94.899277, 27.80921], [94.896919, 27.80475], [94.894241, 27.800562], [94.889671, 27.799891], [94.887711, 27.7948], [94.887367, 27.790781], [94.88549, 27.78816], [94.882011, 27.78734], [94.880333, 27.784601], [94.875923, 27.784731], [94.874268, 27.78373], [94.875366, 27.781401], [94.871132, 27.779251], [94.868477, 27.77902], [94.869392, 27.776051], [94.868896, 27.772541], [94.865738, 27.77017], [94.863777, 27.76755], [94.862892, 27.764669], [94.860397, 27.760948], [94.860031, 27.757368], [94.860443, 27.754181], [94.865913, 27.74563], [94.862053, 27.746519], [94.858063, 27.745687], [94.858246, 27.741678], [94.860863, 27.739479]]]}, "properties": {"name": "West Siang", "state": "Arunachal Pradesh"}}, {"type": "Feature", "geometry": {"type": "Polygon", "coordinates": [[[91.23748, 26.617079], [91.235046, 26.613691], [91.230682, 26.613173], [91.22876, 26.613224], [91.226311, 26.612932], [91.223511, 26.612665], [91.223068, 26.611607], [91.220047, 26.610731], [91.219917, 26.609337], [91.216675, 26.605986], [91.21431, 26.604752], [91.211426, 26.603556], [91.210541, 26.599409], [91.212738, 26.598783], [91.215652, 26.596394], [91.213676, 26.593729], [91.209511, 26.591688], [91.206741, 26.591732], [91.203545, 26.592896], [91.200691, 26.595905], [91.199387, 26.598806], [91.199997, 26.601725], [91.201057, 26.605858], [91.199188, 26.610201], [91.195564, 26.610458], [91.192917, 26.607998], [91.190521, 26.608326], [91.187164, 26.611528], [91.185005, 26.612617], [91.181885, 26.614555], [91.178299, 26.617151], [91.174446, 26.620699], [91.172882, 26.624552], [91.172958, 26.629379], [91.171532, 26.634781], [91.170197, 26.637371], [91.167984, 26.641737], [91.167877, 26.646421], [91.169273, 26.652401], [91.167351, 26.65815], [91.164467, 26.660851], [91.161804, 26.66213], [91.157654, 26.664297], [91.153381, 26.663044], [91.151695, 26.661606], [91.149284, 26.657879], [91.151062, 26.65448], [91.150383, 26.652657], [91.149124, 26.652124], [91.146622, 26.653236], [91.14386, 26.653433], [91.141335, 26.650341], [91.141579, 26.647205], [91.147545, 26.646002], [91.1483, 26.64283], [91.148582, 26.638132], [91.14772, 26.634296], [91.144691, 26.631395], [91.143867, 26.629896], [91.143501, 26.627739], [91.144302, 26.625032], [91.145508, 26.622919], [91.147995, 26.621651], [91.148613, 26.618801], [91.146141, 26.616327], [91.143295, 26.613569], [91.14138, 26.611523], [91.139183, 26.60825], [91.139854, 26.60602], [91.142021, 26.60306], [91.142448, 26.600067], [91.141808, 26.596684], [91.140839, 26.593634], [91.139961, 26.591515], [91.141251, 26.588461], [91.142876, 26.585226], [91.146713, 26.581524], [91.147797, 26.576147], [91.147926, 26.573643], [91.14772, 26.57132], [91.1464, 26.56814], [91.144798, 26.563732], [91.141182, 26.552645], [91.137459, 26.545427], [91.129845, 26.542921], [91.11908, 26.543133], [91.115654, 26.539219], [91.112915, 26.536089], [91.108162, 26.527557], [91.10508, 26.520571], [91.102058, 26.517736], [91.098389, 26.517998], [91.093964, 26.520252], [91.089844, 26.522484], [91.084038, 26.526499], [91.076889, 26.532825], [91.072472, 26.538681], [91.065346, 26.545282], [91.061813, 26.547195], [91.055016, 26.550447], [91.050682, 26.553802], [91.050362, 26.55715], [91.048386, 26.559231], [91.04068, 26.559219], [91.028732, 26.560062], [91.024353, 26.559263], [91.017181, 26.557638], [91.01339, 26.55588], [91.007774, 26.553158], [91.00531, 26.55068], [90.995987, 26.544155], [90.985268, 26.546879], [90.980499, 26.548693], [90.975052, 26.549074], [90.969566, 26.548967], [90.964325, 26.545393], [90.951004, 26.543371], [90.941956, 26.540064], [90.937752, 26.539616], [90.936913, 26.544935], [90.935524, 26.546904], [90.931412, 26.547424], [90.928612, 26.551128], [90.928436, 26.553595], [90.926918, 26.555573], [90.925018, 26.556171], [90.920593, 26.556129], [90.918533, 26.556391], [90.91848, 26.558733], [90.921326, 26.561573], [90.92363, 26.562698], [90.92424, 26.563709], [90.924667, 26.565666], [90.924118, 26.566874], [90.92218, 26.567009], [90.920601, 26.566769], [90.919518, 26.56778], [90.919937, 26.56962], [90.92131, 26.57198], [90.920708, 26.574009], [90.918533, 26.577435], [90.918365, 26.578497], [90.918976, 26.581028], [90.920395, 26.582447], [90.919502, 26.584146], [90.917114, 26.585131], [90.91497, 26.585865], [90.913857, 26.588047], [90.913002, 26.588692], [90.90799, 26.587872], [90.906021, 26.587658], [90.903564, 26.586311], [90.894753, 26.580612], [90.89183, 26.578362], [90.889481, 26.578291], [90.881767, 26.577776], [90.878937, 26.576571], [90.877823, 26.574192], [90.875633, 26.571423], [90.873512, 26.570984], [90.871696, 26.570993], [90.868813, 26.569208], [90.868782, 26.565819], [90.870804, 26.563692], [90.870804, 26.559132], [90.871208, 26.556299], [90.870438, 26.553312], [90.86805, 26.549738], [90.866905, 26.543972], [90.869186, 26.537268], [90.871582, 26.5364], [90.873886, 26.534485], [90.875526, 26.530865], [90.876045, 26.527905], [90.876335, 26.525196], [90.875275, 26.523399], [90.871223, 26.523212], [90.867134, 26.522446], [90.86544, 26.520927], [90.864296, 26.51972], [90.862091, 26.519756], [90.859695, 26.520624], [90.85733, 26.521841], [90.854111, 26.523211], [90.850319, 26.524387], [90.850952, 26.525801], [90.85247, 26.53433], [90.84639, 26.53393], [90.841423, 26.536301], [90.829819, 26.539049], [90.828903, 26.5413], [90.827347, 26.54109], [90.827812, 26.556641], [90.81987, 26.560472], [90.817436, 26.564171], [90.816017, 26.568571], [90.826729, 26.57572], [90.843246, 26.57148], [90.846016, 26.572321], [90.847633, 26.57806], [90.849243, 26.579441], [90.851212, 26.582991], [90.849487, 26.58341], [90.851906, 26.595713], [90.853546, 26.59824], [90.859436, 26.59939], [90.864296, 26.598711], [90.867188, 26.6003], [90.868958, 26.602819], [90.8703, 26.60672], [90.872742, 26.616852], [90.878036, 26.620541], [90.882683, 26.62171], [90.889633, 26.62504], [90.896248, 26.631901], [90.898163, 26.63546], [90.898987, 26.639999], [90.899696, 26.658791], [90.898483, 26.662201], [90.893356, 26.664261], [90.892693, 26.666462], [90.893272, 26.6702], [90.895813, 26.677561], [90.899017, 26.682833], [90.897278, 26.6866], [90.897957, 26.689751], [90.899139, 26.69142], [90.905411, 26.69521], [90.907677, 26.69813], [90.910027, 26.70542], [90.914139, 26.710781], [90.914253, 26.713842], [90.911819, 26.718052], [90.912262, 26.726671], [90.920593, 26.73624], [90.921562, 26.7404], [90.927788, 26.745083], [90.932312, 26.7563], [90.934013, 26.758801], [90.936813, 26.760941], [90.936707, 26.763309], [90.94062, 26.770679], [90.941452, 26.77508], [90.949677, 26.777031], [90.953392, 26.779621], [90.954758, 26.78384], [90.958748, 26.784378], [90.956673, 26.781528], [90.964294, 26.78355], [90.970184, 26.785112], [90.9916, 26.790792], [91.018959, 26.786652], [91.028427, 26.785219], [91.038597, 26.783678], [91.041359, 26.784168], [91.046875, 26.783222], [91.049721, 26.782804], [91.052216, 26.782347], [91.055412, 26.782351], [91.056946, 26.783916], [91.058296, 26.785082], [91.059799, 26.786293], [91.06163, 26.788027], [91.063423, 26.789888], [91.064987, 26.791409], [91.068146, 26.794344], [91.069572, 26.795589], [91.072617, 26.798815], [91.074303, 26.800402], [91.076164, 26.801985], [91.078011, 26.803707], [91.078445, 26.804115], [91.080154, 26.805933], [91.081818, 26.807486], [91.083221, 26.808651], [91.084381, 26.809958], [91.086273, 26.811552], [91.089706, 26.815023], [91.090973, 26.816248], [91.092178, 26.817554], [91.09375, 26.818947], [91.094276, 26.819384], [91.096085, 26.820892], [91.09745, 26.82218], [91.145805, 26.811153], [91.161354, 26.811901], [91.178368, 26.812798], [91.192192, 26.813583], [91.221825, 26.81262], [91.236839, 26.812313], [91.250999, 26.80818], [91.261642, 26.805069], [91.26284, 26.80472], [91.263565, 26.804508], [91.276772, 26.800648], [91.281853, 26.797171], [91.296417, 26.787193], [91.294952, 26.785225], [91.295052, 26.785158], [91.294319, 26.78194], [91.296066, 26.776239], [91.29557, 26.764511], [91.291519, 26.74695], [91.297607, 26.748051], [91.299812, 26.736811], [91.297707, 26.73127], [91.297607, 26.72567], [91.29245, 26.706131], [91.288048, 26.681961], [91.277977, 26.666349], [91.265907, 26.66473], [91.256523, 26.658501], [91.243408, 26.644291], [91.242828, 26.63217], [91.244698, 26.627272], [91.244148, 26.62331], [91.237793, 26.62117], [91.237373, 26.617378], [91.23748, 26.617079]]]}, "properties": {"name": "Baksa", "state": "Assam"}}, {"type": "Feature", "geometry": {"type": "Polygon", "coordinates": [[[91.291237, 26.576126], [91.291901, 26.57254], [91.293457, 26.56995], [91.29055, 26.567053], [91.290512, 26.562851], [91.281128, 26.557821], [91.272629, 26.55151], [91.267403, 26.551781], [91.267868, 26.547421], [91.26474, 26.547388], [91.265663, 26.54376], [91.261696, 26.544243], [91.259903, 26.542561], [91.25489, 26.54155], [91.253578, 26.538111], [91.249908, 26.535221], [91.248657, 26.52677], [91.248459, 26.51786], [91.247032, 26.510391], [91.257843, 26.50386], [91.262306, 26.49865], [91.265846, 26.493719], [91.265526, 26.48781], [91.250687, 26.467461], [91.237747, 26.455729], [91.237427, 26.449409], [91.232117, 26.440361], [91.231812, 26.424561], [91.236343, 26.417101], [91.238441, 26.403803], [91.235123, 26.39739], [91.234062, 26.39279], [91.236557, 26.389212], [91.239853, 26.386761], [91.239037, 26.38228], [91.24128, 26.379499], [91.245056, 26.377111], [91.24752, 26.373522], [91.247643, 26.36783], [91.261497, 26.368391], [91.278137, 26.37307], [91.279251, 26.37052], [91.272758, 26.365419], [91.270699, 26.362211], [91.273781, 26.357811], [91.27713, 26.355141], [91.275459, 26.348372], [91.275772, 26.34152], [91.268623, 26.340488], [91.266167, 26.336781], [91.269516, 26.32818], [91.262642, 26.31605], [91.258301, 26.316719], [91.254997, 26.311451], [91.258781, 26.307343], [91.260696, 26.3029], [91.253616, 26.3022], [91.250473, 26.299761], [91.25222, 26.295959], [91.260483, 26.291281], [91.25737, 26.287628], [91.250687, 26.283251], [91.237328, 26.27791], [91.226891, 26.28145], [91.215233, 26.26856], [91.217537, 26.265501], [91.218483, 26.261169], [91.224609, 26.262831], [91.233276, 26.26288], [91.236557, 26.261831], [91.239281, 26.257252], [91.237877, 26.25219], [91.226257, 26.241951], [91.221176, 26.232611], [91.218773, 26.22562], [91.21463, 26.221458], [91.218857, 26.21653], [91.228142, 26.21541], [91.234932, 26.21254], [91.241547, 26.20414], [91.248322, 26.199829], [91.240601, 26.19253], [91.238953, 26.18145], [91.233498, 26.182871], [91.224876, 26.18062], [91.18042, 26.17433], [91.164856, 26.170021], [91.145653, 26.16], [91.130287, 26.158979], [91.115799, 26.154039], [91.099617, 26.162333], [91.090523, 26.1644], [91.080437, 26.160521], [91.07328, 26.15667], [91.055428, 26.139891], [91.05188, 26.135731], [91.051346, 26.131701], [91.04834, 26.12891], [91.042343, 26.128601], [91.035751, 26.125601], [91.030869, 26.12138], [91.024559, 26.119982], [91.01796, 26.123709], [91.005707, 26.129141], [91.00177, 26.129919], [90.996689, 26.12755], [90.988373, 26.124741], [90.983833, 26.12055], [90.972321, 26.112], [90.968727, 26.10763], [90.954849, 26.09742], [90.950027, 26.095501], [90.935631, 26.094271], [90.932671, 26.09812], [90.929558, 26.0973], [90.922798, 26.092531], [90.913239, 26.08952], [90.909241, 26.09037], [90.902138, 26.093718], [90.899597, 26.094151], [90.890617, 26.095091], [90.877533, 26.09535], [90.868233, 26.098], [90.862747, 26.106649], [90.859909, 26.1129], [90.858772, 26.113491], [90.84697, 26.11705], [90.837906, 26.111481], [90.831062, 26.115492], [90.821907, 26.117531], [90.814186, 26.121071], [90.803467, 26.123741], [90.78508, 26.13204], [90.776703, 26.134621], [90.772179, 26.135071], [90.754822, 26.13735], [90.73793, 26.13748], [90.730942, 26.135592], [90.721497, 26.13501], [90.718407, 26.13216], [90.713547, 26.13538], [90.711876, 26.13563], [90.711708, 26.137821], [90.71244, 26.13913], [90.709068, 26.139339], [90.706108, 26.147552], [90.69696, 26.149832], [90.694557, 26.15077], [90.691307, 26.153353], [90.689621, 26.158491], [90.674828, 26.185591], [90.669518, 26.204241], [90.66658, 26.2087], [90.666206, 26.21245], [90.66478, 26.213732], [90.662666, 26.218019], [90.66214, 26.220951], [90.660309, 26.22316], [90.658081, 26.227987], [90.657768, 26.228661], [90.651672, 26.236771], [90.652046, 26.24172], [90.654533, 26.24637], [90.660576, 26.249323], [90.66391, 26.25227], [90.676666, 26.25676], [90.683708, 26.25762], [90.701691, 26.256121], [90.715492, 26.263931], [90.722687, 26.257799], [90.724983, 26.25703], [90.729706, 26.2579], [90.732216, 26.259439], [90.731918, 26.26589], [90.730873, 26.26849], [90.719002, 26.26827], [90.717651, 26.276991], [90.718086, 26.28229], [90.719078, 26.28396], [90.730331, 26.29582], [90.741737, 26.30027], [90.745361, 26.302698], [90.746147, 26.305111], [90.749779, 26.30899], [90.758698, 26.313353], [90.762817, 26.31094], [90.76635, 26.307041], [90.775566, 26.30377], [90.789787, 26.303049], [90.794281, 26.30588], [90.798012, 26.306709], [90.799149, 26.30629], [90.800819, 26.307261], [90.803513, 26.313631], [90.800941, 26.321093], [90.793877, 26.323761], [90.791496, 26.32552], [90.788811, 26.325838], [90.789017, 26.328371], [90.800217, 26.33909], [90.803726, 26.343491], [90.803497, 26.349091], [90.804207, 26.351151], [90.807083, 26.355223], [90.817581, 26.366011], [90.82296, 26.36694], [90.825676, 26.36581], [90.831177, 26.36125], [90.838799, 26.358351], [90.840202, 26.35828], [90.847702, 26.36097], [90.854347, 26.36112], [90.857491, 26.36207], [90.860008, 26.368738], [90.859657, 26.375841], [90.855843, 26.381371], [90.849533, 26.38662], [90.846703, 26.389931], [90.844582, 26.394501], [90.845467, 26.39814], [90.843269, 26.4027], [90.84848, 26.41263], [90.849983, 26.418503], [90.855026, 26.425371], [90.858147, 26.431902], [90.858383, 26.43421], [90.856216, 26.436939], [90.85067, 26.44138], [90.843498, 26.445881], [90.841133, 26.44459], [90.837593, 26.438971], [90.831703, 26.43395], [90.828247, 26.432671], [90.824989, 26.432581], [90.821556, 26.43405], [90.819443, 26.43408], [90.817139, 26.432718], [90.798363, 26.42835], [90.793106, 26.428862], [90.785713, 26.439131], [90.785797, 26.441031], [90.786903, 26.441891], [90.792877, 26.444941], [90.795181, 26.444981], [90.800377, 26.44113], [90.807838, 26.439381], [90.814087, 26.43944], [90.817688, 26.441481], [90.824837, 26.450109], [90.824829, 26.45351], [90.817787, 26.46171], [90.816261, 26.476761], [90.806099, 26.47714], [90.803253, 26.479021], [90.803093, 26.482822], [90.804176, 26.486679], [90.802299, 26.49464], [90.804787, 26.492828], [90.805519, 26.500151], [90.808159, 26.500698], [90.812149, 26.49893], [90.815659, 26.494631], [90.821022, 26.492851], [90.824417, 26.49951], [90.827408, 26.50172], [90.834526, 26.504539], [90.837402, 26.50462], [90.84269, 26.49881], [90.845177, 26.497459], [90.849876, 26.4993], [90.851013, 26.502241], [90.848526, 26.50832], [90.850121, 26.51787], [90.849228, 26.521971], [90.850319, 26.524387], [90.854111, 26.523211], [90.85733, 26.521841], [90.859695, 26.520624], [90.862091, 26.519756], [90.864296, 26.51972], [90.86544, 26.520927], [90.867134, 26.522446], [90.871223, 26.523212], [90.875275, 26.523399], [90.876335, 26.525196], [90.876045, 26.527905], [90.875526, 26.530865], [90.873886, 26.534485], [90.871582, 26.5364], [90.869186, 26.537268], [90.866905, 26.543972], [90.86805, 26.549738], [90.870438, 26.553312], [90.871208, 26.556299], [90.870804, 26.559132], [90.870804, 26.563692], [90.868782, 26.565819], [90.868813, 26.569208], [90.871696, 26.570993], [90.873512, 26.570984], [90.875633, 26.571423], [90.877823, 26.574192], [90.878937, 26.576571], [90.881767, 26.577776], [90.889481, 26.578291], [90.89183, 26.578362], [90.894753, 26.580612], [90.903564, 26.586311], [90.906021, 26.587658], [90.90799, 26.587872], [90.913002, 26.588692], [90.913857, 26.588047], [90.91497, 26.585865], [90.917114, 26.585131], [90.919502, 26.584146], [90.920395, 26.582447], [90.918976, 26.581028], [90.918365, 26.578497], [90.918533, 26.577435], [90.920708, 26.574009], [90.92131, 26.57198], [90.919937, 26.56962], [90.919518, 26.56778], [90.920601, 26.566769], [90.92218, 26.567009], [90.924118, 26.566874], [90.924667, 26.565666], [90.92424, 26.563709], [90.92363, 26.562698], [90.921326, 26.561573], [90.91848, 26.558733], [90.918533, 26.556391], [90.920593, 26.556129], [90.925018, 26.556171], [90.926918, 26.555573], [90.928436, 26.553595], [90.928612, 26.551128], [90.931412, 26.547424], [90.935524, 26.546904], [90.936913, 26.544935], [90.937752, 26.539616], [90.941956, 26.540064], [90.951004, 26.543371], [90.964325, 26.545393], [90.969566, 26.548967], [90.975052, 26.549074], [90.980499, 26.548693], [90.985268, 26.546879], [90.995987, 26.544155], [91.00531, 26.55068], [91.007774, 26.553158], [91.01339, 26.55588], [91.017181, 26.557638], [91.024353, 26.559263], [91.028732, 26.560062], [91.04068, 26.559219], [91.048386, 26.559231], [91.050362, 26.55715], [91.050682, 26.553802], [91.055016, 26.550447], [91.061813, 26.547195], [91.065346, 26.545282], [91.072472, 26.538681], [91.076889, 26.532825], [91.084038, 26.526499], [91.089844, 26.522484], [91.093964, 26.520252], [91.098389, 26.517998], [91.102058, 26.517736], [91.10508, 26.520571], [91.108162, 26.527557], [91.112915, 26.536089], [91.115654, 26.539219], [91.11908, 26.543133], [91.129845, 26.542921], [91.137459, 26.545427], [91.141182, 26.552645], [91.144798, 26.563732], [91.1464, 26.56814], [91.14772, 26.57132], [91.147926, 26.573643], [91.147797, 26.576147], [91.146713, 26.581524], [91.142876, 26.585226], [91.141251, 26.588461], [91.139961, 26.591515], [91.140839, 26.593634], [91.141808, 26.596684], [91.142448, 26.600067], [91.142021, 26.60306], [91.139854, 26.60602], [91.139183, 26.60825], [91.14138, 26.611523], [91.143295, 26.613569], [91.146141, 26.616327], [91.148613, 26.618801], [91.147995, 26.621651], [91.145508, 26.622919], [91.144302, 26.625032], [91.143501, 26.627739], [91.143867, 26.629896], [91.144691, 26.631395], [91.14772, 26.634296], [91.148582, 26.638132], [91.1483, 26.64283], [91.147545, 26.646002], [91.141579, 26.647205], [91.141335, 26.650341], [91.14386, 26.653433], [91.146622, 26.653236], [91.149124, 26.652124], [91.150383, 26.652657], [91.151062, 26.65448], [91.149284, 26.657879], [91.151695, 26.661606], [91.153381, 26.663044], [91.157654, 26.664297], [91.161804, 26.66213], [91.164467, 26.660851], [91.167351, 26.65815], [91.169273, 26.652401], [91.167877, 26.646421], [91.167984, 26.641737], [91.170197, 26.637371], [91.171532, 26.634781], [91.172958, 26.629379], [91.172882, 26.624552], [91.174446, 26.620699], [91.178299, 26.617151], [91.181885, 26.614555], [91.185005, 26.612617], [91.187164, 26.611528], [91.190521, 26.608326], [91.192917, 26.607998], [91.195564, 26.610458], [91.199188, 26.610201], [91.201057, 26.605858], [91.199997, 26.601725], [91.199387, 26.598806], [91.200691, 26.595905], [91.203545, 26.592896], [91.206741, 26.591732], [91.209511, 26.591688], [91.213676, 26.593729], [91.215652, 26.596394], [91.212738, 26.598783], [91.210541, 26.599409], [91.211426, 26.603556], [91.21431, 26.604752], [91.216675, 26.605986], [91.219917, 26.609337], [91.220047, 26.610731], [91.223068, 26.611607], [91.223511, 26.612665], [91.226311, 26.612932], [91.22876, 26.613224], [91.230682, 26.613173], [91.235046, 26.613691], [91.23748, 26.617079], [91.238739, 26.61363], [91.264008, 26.620651], [91.255089, 26.598131], [91.251503, 26.59269], [91.245102, 26.59173], [91.24057, 26.59222], [91.238747, 26.588739], [91.245888, 26.585213], [91.290382, 26.58073], [91.291237, 26.576126]]]}, "properties": {"name": "Barpeta", "state": "Assam"}}, {"type": "Feature", "geometry": {"type": "Polygon", "coordinates": [[[90.449127, 26.354082], [90.447189, 26.35796], [90.447189, 26.365248], [90.446144, 26.381905], [90.443024, 26.397518], [90.441048, 26.405901], [90.441315, 26.405664], [90.442383, 26.406895], [90.443092, 26.409666], [90.443764, 26.412006], [90.445274, 26.412773], [90.445999, 26.409904], [90.447021, 26.407669], [90.449623, 26.407061], [90.452126, 26.408195], [90.453819, 26.408298], [90.455757, 26.405565], [90.45755, 26.403929], [90.460899, 26.403704], [90.462364, 26.406858], [90.462654, 26.410309], [90.463051, 26.412233], [90.46106, 26.41432], [90.459557, 26.416588], [90.460236, 26.418928], [90.461311, 26.420567], [90.4589, 26.420319], [90.456741, 26.420948], [90.45826, 26.422661], [90.460777, 26.422579], [90.462799, 26.423744], [90.462959, 26.425686], [90.460739, 26.428001], [90.461601, 26.42968], [90.462814, 26.432634], [90.464333, 26.436436], [90.464439, 26.437731], [90.464508, 26.438593], [90.468079, 26.440956], [90.470062, 26.44169], [90.471016, 26.444447], [90.471741, 26.447433], [90.47229, 26.451082], [90.47464, 26.45331], [90.475906, 26.454092], [90.47966, 26.455793], [90.494896, 26.454481], [90.507477, 26.454664], [90.51844, 26.455982], [90.526009, 26.450846], [90.524857, 26.437044], [90.52462, 26.427294], [90.525772, 26.420534], [90.531975, 26.419601], [90.538078, 26.42433], [90.54287, 26.427092], [90.548637, 26.427731], [90.552025, 26.434183], [90.551178, 26.444523], [90.552071, 26.455256], [90.55703, 26.466745], [90.561829, 26.469505], [90.563515, 26.476072], [90.563629, 26.484289], [90.561119, 26.495255], [90.556732, 26.50429], [90.564148, 26.510984], [90.570694, 26.514139], [90.574142, 26.51442], [90.591019, 26.511221], [90.596794, 26.505177], [90.600006, 26.495707], [90.604912, 26.48612], [90.60907, 26.481211], [90.614182, 26.480864], [90.617149, 26.482204], [90.627892, 26.487644], [90.633339, 26.498068], [90.624283, 26.50588], [90.621475, 26.513268], [90.621902, 26.518379], [90.642647, 26.527248], [90.656281, 26.52632], [90.664063, 26.523733], [90.668091, 26.51729], [90.675575, 26.511124], [90.686935, 26.510347], [90.694717, 26.501076], [90.694427, 26.490816], [90.702026, 26.485701], [90.706917, 26.486523], [90.711189, 26.487675], [90.71225, 26.485001], [90.715714, 26.484184], [90.718414, 26.485733], [90.721169, 26.484098], [90.72348, 26.481049], [90.728249, 26.484192], [90.733063, 26.48415], [90.737144, 26.483002], [90.74041, 26.483644], [90.744247, 26.483381], [90.745651, 26.480972], [90.748505, 26.476727], [90.752655, 26.47644], [90.753021, 26.473234], [90.755165, 26.471931], [90.759293, 26.475117], [90.762779, 26.478348], [90.763908, 26.484053], [90.767982, 26.486664], [90.773018, 26.485449], [90.774986, 26.482132], [90.777397, 26.476471], [90.779663, 26.472845], [90.78669, 26.472361], [90.790474, 26.475281], [90.793152, 26.480301], [90.79052, 26.483374], [90.784691, 26.486668], [90.781815, 26.490625], [90.777466, 26.496132], [90.774223, 26.499537], [90.767708, 26.502298], [90.762299, 26.50672], [90.760132, 26.511494], [90.761627, 26.517754], [90.765442, 26.520962], [90.777481, 26.522734], [90.784836, 26.522226], [90.789948, 26.521873], [90.79528, 26.524109], [90.797173, 26.527447], [90.79715, 26.53092], [90.800591, 26.533573], [90.803566, 26.534525], [90.812119, 26.533066], [90.817696, 26.530655], [90.824364, 26.529615], [90.833115, 26.526695], [90.838394, 26.524595], [90.848083, 26.52508], [90.850319, 26.524387], [90.849228, 26.521971], [90.850121, 26.51787], [90.848526, 26.50832], [90.851013, 26.502241], [90.849876, 26.4993], [90.845177, 26.497459], [90.84269, 26.49881], [90.837402, 26.50462], [90.834526, 26.504539], [90.827408, 26.50172], [90.824417, 26.49951], [90.821022, 26.492851], [90.815659, 26.494631], [90.812149, 26.49893], [90.808159, 26.500698], [90.805519, 26.500151], [90.804787, 26.492828], [90.802299, 26.49464], [90.804176, 26.486679], [90.803093, 26.482822], [90.803253, 26.479021], [90.806099, 26.47714], [90.816261, 26.476761], [90.817787, 26.46171], [90.824829, 26.45351], [90.824837, 26.450109], [90.817688, 26.441481], [90.814087, 26.43944], [90.807838, 26.439381], [90.800377, 26.44113], [90.795181, 26.444981], [90.792877, 26.444941], [90.786903, 26.441891], [90.785797, 26.441031], [90.785713, 26.439131], [90.793106, 26.428862], [90.798363, 26.42835], [90.817139, 26.432718], [90.819443, 26.43408], [90.821556, 26.43405], [90.824989, 26.432581], [90.828247, 26.432671], [90.831703, 26.43395], [90.837593, 26.438971], [90.841133, 26.44459], [90.843498, 26.445881], [90.85067, 26.44138], [90.856216, 26.436939], [90.858383, 26.43421], [90.858147, 26.431902], [90.855026, 26.425371], [90.849983, 26.418503], [90.84848, 26.41263], [90.843269, 26.4027], [90.845467, 26.39814], [90.844582, 26.394501], [90.846703, 26.389931], [90.849533, 26.38662], [90.855843, 26.381371], [90.859657, 26.375841], [90.860008, 26.368738], [90.857491, 26.36207], [90.854347, 26.36112], [90.847702, 26.36097], [90.840202, 26.35828], [90.838799, 26.358351], [90.831177, 26.36125], [90.825676, 26.36581], [90.82296, 26.36694], [90.817581, 26.366011], [90.807083, 26.355223], [90.804207, 26.351151], [90.803497, 26.349091], [90.803726, 26.343491], [90.800217, 26.33909], [90.789017, 26.328371], [90.788811, 26.325838], [90.791496, 26.32552], [90.793877, 26.323761], [90.800941, 26.321093], [90.803513, 26.313631], [90.800819, 26.307261], [90.799149, 26.30629], [90.798012, 26.306709], [90.794281, 26.30588], [90.789787, 26.303049], [90.775566, 26.30377], [90.76635, 26.307041], [90.762817, 26.31094], [90.758698, 26.313353], [90.749779, 26.30899], [90.746147, 26.305111], [90.745361, 26.302698], [90.741737, 26.30027], [90.730331, 26.29582], [90.719078, 26.28396], [90.718086, 26.28229], [90.717651, 26.276991], [90.719002, 26.26827], [90.730873, 26.26849], [90.731918, 26.26589], [90.732216, 26.259439], [90.729706, 26.2579], [90.724983, 26.25703], [90.722687, 26.257799], [90.715492, 26.263931], [90.701691, 26.256121], [90.683708, 26.25762], [90.676666, 26.25676], [90.66391, 26.25227], [90.660576, 26.249323], [90.654533, 26.24637], [90.652046, 26.24172], [90.651672, 26.236771], [90.657768, 26.228661], [90.658081, 26.227987], [90.645149, 26.226], [90.620483, 26.223944], [90.59993, 26.19928], [90.571159, 26.189001], [90.540329, 26.186949], [90.517715, 26.174616], [90.478668, 26.160229], [90.454002, 26.145842], [90.425232, 26.143785], [90.398506, 26.147896], [90.359459, 26.160229], [90.345993, 26.17594], [90.362053, 26.177431], [90.372971, 26.17927], [90.375183, 26.18166], [90.376129, 26.188932], [90.376938, 26.20665], [90.375801, 26.21339], [90.375679, 26.221571], [90.377609, 26.2241], [90.381332, 26.22574], [90.383827, 26.22566], [90.38694, 26.225121], [90.392342, 26.22238], [90.394173, 26.220581], [90.398071, 26.220852], [90.402939, 26.224211], [90.414017, 26.23461], [90.417938, 26.236551], [90.425667, 26.24456], [90.436378, 26.24345], [90.438232, 26.24436], [90.438957, 26.246889], [90.433647, 26.251421], [90.429367, 26.2572], [90.429199, 26.259399], [90.429993, 26.26088], [90.43383, 26.262289], [90.436562, 26.261131], [90.439468, 26.25424], [90.445076, 26.24984], [90.446701, 26.24884], [90.448166, 26.249001], [90.450546, 26.250669], [90.45108, 26.25239], [90.44445, 26.258362], [90.441986, 26.26189], [90.441818, 26.264723], [90.444229, 26.26895], [90.447838, 26.27194], [90.449753, 26.27249], [90.456642, 26.266171], [90.459557, 26.26523], [90.466042, 26.265072], [90.468971, 26.26631], [90.471619, 26.268942], [90.472282, 26.271591], [90.469803, 26.272631], [90.455437, 26.272751], [90.454887, 26.280451], [90.456207, 26.284651], [90.457283, 26.27808], [90.459778, 26.277481], [90.469032, 26.278111], [90.467972, 26.280939], [90.46402, 26.282301], [90.462639, 26.28829], [90.463402, 26.289211], [90.467171, 26.289242], [90.474243, 26.28826], [90.478653, 26.28968], [90.479561, 26.290409], [90.479843, 26.292479], [90.479416, 26.29623], [90.477547, 26.29958], [90.477127, 26.302071], [90.478508, 26.305342], [90.477402, 26.308281], [90.468399, 26.32148], [90.466293, 26.326441], [90.469048, 26.32769], [90.472778, 26.33135], [90.471756, 26.332621], [90.46949, 26.33321], [90.461151, 26.330391], [90.456001, 26.33798], [90.453903, 26.33901], [90.4561, 26.34321], [90.452667, 26.3498], [90.454559, 26.352543], [90.456558, 26.35631], [90.452118, 26.358141], [90.449127, 26.354082]]]}, "properties": {"name": "Bongaigaon", "state": "Assam"}}, {"type": "Feature", "geometry": {"type": "Polygon", "coordinates": [[[92.765198, 24.520849], [92.763496, 24.521469], [92.762047, 24.520821], [92.759651, 24.521191], [92.760017, 24.523899], [92.762207, 24.527321], [92.763817, 24.532511], [92.77565, 24.548853], [92.773506, 24.551241], [92.77343, 24.55439], [92.779617, 24.56205], [92.781067, 24.56229], [92.780731, 24.571951], [92.774727, 24.572123], [92.764526, 24.56925], [92.761017, 24.57939], [92.755379, 24.585369], [92.75367, 24.58478], [92.750519, 24.584972], [92.746277, 24.58666], [92.741928, 24.58604], [92.739098, 24.58934], [92.734871, 24.58832], [92.735512, 24.585161], [92.72599, 24.571661], [92.719582, 24.56757], [92.717987, 24.57106], [92.715088, 24.57091], [92.705208, 24.566551], [92.701256, 24.572378], [92.690056, 24.58139], [92.68647, 24.583021], [92.678963, 24.584091], [92.677063, 24.58378], [92.672112, 24.589882], [92.67012, 24.59358], [92.670616, 24.596701], [92.67382, 24.600941], [92.669792, 24.609232], [92.670166, 24.61194], [92.67868, 24.611853], [92.68158, 24.61338], [92.690331, 24.61503], [92.69416, 24.61801], [92.696762, 24.61895], [92.696289, 24.620661], [92.693817, 24.623638], [92.681236, 24.631321], [92.675247, 24.62878], [92.670212, 24.62878], [92.666786, 24.641338], [92.669006, 24.66131], [92.667091, 24.664223], [92.666626, 24.672041], [92.660049, 24.671741], [92.658913, 24.674488], [92.657959, 24.677071], [92.655899, 24.694231], [92.658028, 24.6984], [92.65934, 24.714109], [92.658653, 24.722549], [92.657303, 24.725241], [92.656593, 24.730742], [92.656212, 24.73822], [92.657387, 24.744268], [92.659248, 24.749929], [92.666046, 24.76461], [92.66584, 24.767941], [92.667526, 24.76997], [92.666656, 24.779449], [92.669823, 24.792358], [92.672592, 24.79377], [92.68409, 24.804998], [92.6847, 24.80908], [92.680367, 24.81576], [92.677963, 24.81711], [92.67112, 24.817341], [92.660538, 24.81572], [92.656799, 24.81636], [92.643372, 24.821569], [92.639771, 24.821529], [92.636368, 24.829821], [92.635719, 24.8339], [92.638908, 24.838011], [92.631706, 24.8503], [92.630783, 24.853781], [92.631287, 24.855593], [92.620651, 24.86046], [92.610207, 24.86334], [92.597893, 24.880341], [92.581993, 24.87549], [92.582016, 24.873371], [92.590233, 24.869551], [92.592422, 24.866411], [92.588966, 24.864311], [92.57785, 24.87067], [92.572662, 24.872341], [92.560127, 24.87443], [92.552551, 24.87245], [92.545456, 24.867361], [92.540916, 24.865301], [92.535049, 24.86396], [92.530251, 24.861662], [92.52565, 24.860983], [92.520447, 24.871721], [92.518867, 24.873491], [92.519623, 24.874008], [92.515999, 24.87719], [92.509216, 24.876251], [92.503372, 24.87434], [92.49868, 24.87619], [92.494133, 24.87674], [92.495697, 24.87858], [92.497696, 24.880369], [92.500076, 24.882481], [92.500542, 24.891628], [92.49427, 24.89443], [92.495163, 24.898401], [92.495171, 24.899691], [92.495216, 24.89996], [92.498016, 24.90391], [92.50473, 24.904371], [92.502426, 24.90929], [92.501869, 24.91173], [92.497223, 24.915199], [92.496407, 24.918859], [92.492752, 24.9212], [92.49131, 24.92235], [92.493843, 24.926889], [92.493462, 24.935921], [92.488838, 24.938421], [92.487892, 24.938921], [92.488846, 24.942381], [92.490273, 24.94754], [92.489273, 24.954359], [92.48114, 24.94874], [92.480072, 24.94532], [92.479218, 24.94256], [92.473419, 24.942699], [92.468681, 24.94244], [92.466927, 24.944031], [92.464371, 24.94636], [92.458839, 24.945662], [92.456413, 24.946239], [92.456413, 24.948481], [92.452087, 24.95343], [92.453613, 24.95569], [92.455383, 24.95833], [92.458786, 24.959511], [92.461113, 24.957651], [92.464706, 24.954781], [92.471581, 24.95598], [92.473717, 24.9571], [92.471031, 24.9641], [92.467117, 24.96858], [92.464027, 24.970779], [92.460548, 24.976151], [92.454453, 24.973181], [92.449409, 24.97209], [92.449043, 24.971548], [92.445908, 24.966963], [92.440033, 24.966801], [92.435158, 24.966379], [92.43161, 24.970661], [92.428497, 24.97258], [92.428551, 24.97291], [92.429482, 24.979881], [92.424469, 24.982571], [92.423637, 24.996099], [92.425873, 25.003191], [92.429451, 25.009691], [92.430367, 25.01281], [92.431053, 25.01582], [92.431, 25.02162], [92.432198, 25.02508], [92.43325, 25.02809], [92.432846, 25.031021], [92.430649, 25.032261], [92.427826, 25.03157], [92.426262, 25.031641], [92.425903, 25.03182], [92.431923, 25.032907], [92.437881, 25.033752], [92.44178, 25.03985], [92.446533, 25.042042], [92.451019, 25.040951], [92.454208, 25.03661], [92.456802, 25.03503], [92.459763, 25.035181], [92.463257, 25.037128], [92.464661, 25.04723], [92.46286, 25.05015], [92.460152, 25.049591], [92.459839, 25.054661], [92.462036, 25.05583], [92.463669, 25.055571], [92.465988, 25.057158], [92.467506, 25.061371], [92.470917, 25.066891], [92.474617, 25.070801], [92.476547, 25.078253], [92.480179, 25.08584], [92.479759, 25.095741], [92.480316, 25.100409], [92.484299, 25.108061], [92.499107, 25.108149], [92.509781, 25.105471], [92.526512, 25.10585], [92.532013, 25.10396], [92.538048, 25.099312], [92.542946, 25.0996], [92.544601, 25.099331], [92.548737, 25.105961], [92.558167, 25.10578], [92.560188, 25.10639], [92.56562, 25.103451], [92.574448, 25.103849], [92.579659, 25.104681], [92.587433, 25.1073], [92.595978, 25.108431], [92.602913, 25.11261], [92.605003, 25.112751], [92.613541, 25.106871], [92.620827, 25.104362], [92.622963, 25.10433], [92.626503, 25.108978], [92.630241, 25.110291], [92.634521, 25.110291], [92.636482, 25.111399], [92.638626, 25.116158], [92.643188, 25.119261], [92.647896, 25.120291], [92.652313, 25.119541], [92.655922, 25.11739], [92.657143, 25.11544], [92.660339, 25.116131], [92.66217, 25.11573], [92.666107, 25.11302], [92.672417, 25.11062], [92.677261, 25.111191], [92.684761, 25.116291], [92.687149, 25.116911], [92.692497, 25.11639], [92.696251, 25.11331], [92.698082, 25.112009], [92.701736, 25.11125], [92.707596, 25.113451], [92.712486, 25.11857], [92.716583, 25.12006], [92.720177, 25.118019], [92.722847, 25.115459], [92.725891, 25.114691], [92.728157, 25.11961], [92.737236, 25.12668], [92.737976, 25.128189], [92.737251, 25.130711], [92.731743, 25.140268], [92.733208, 25.14547], [92.736351, 25.143539], [92.737267, 25.14212], [92.738342, 25.141781], [92.739777, 25.143181], [92.74649, 25.137911], [92.750389, 25.13835], [92.756363, 25.14123], [92.759598, 25.130569], [92.765503, 25.123901], [92.767258, 25.119591], [92.768318, 25.113331], [92.767639, 25.106121], [92.776772, 25.097361], [92.783516, 25.089251], [92.786003, 25.08795], [92.788116, 25.087749], [92.798813, 25.088551], [92.80265, 25.088079], [92.80854, 25.08584], [92.827316, 25.075281], [92.829102, 25.074211], [92.83094, 25.071171], [92.830536, 25.0646], [92.831268, 25.063051], [92.835968, 25.05769], [92.84127, 25.055908], [92.852669, 25.061491], [92.856232, 25.064993], [92.858658, 25.06605], [92.866013, 25.066418], [92.869957, 25.06875], [92.875648, 25.067961], [92.882927, 25.0697], [92.885811, 25.07106], [92.889793, 25.07662], [92.901756, 25.082331], [92.914207, 25.08304], [92.923851, 25.0825], [92.935806, 25.080021], [92.942062, 25.077391], [92.946136, 25.073339], [92.952049, 25.073339], [92.956032, 25.076321], [92.956268, 25.086571], [92.957397, 25.089121], [92.96254, 25.091242], [92.968208, 25.091471], [92.978607, 25.087881], [92.983063, 25.09041], [92.988617, 25.096609], [92.993713, 25.098101], [93.000061, 25.098269], [93.00843, 25.099253], [93.019318, 25.098398], [93.022148, 25.102701], [93.033546, 25.10652], [93.044182, 25.106079], [93.049767, 25.102041], [93.048088, 25.09672], [93.041542, 25.088051], [93.030479, 25.078239], [93.023857, 25.07663], [93.017807, 25.064251], [93.026428, 25.055281], [93.02951, 25.049931], [93.03875, 25.042761], [93.040543, 25.039381], [93.050102, 25.035822], [93.057007, 25.029949], [93.057426, 25.02709], [93.06115, 25.025831], [93.064133, 25.01848], [93.061699, 25.01742], [93.059532, 25.01491], [93.059113, 25.01112], [93.062569, 25.009399], [93.063499, 25.00518], [93.068909, 25.005791], [93.072273, 25.003349], [93.072243, 25.00046], [93.17115, 25.00001], [93.181183, 24.998663], [93.184319, 24.998663], [93.184822, 24.998211], [93.186172, 24.99818], [93.187172, 24.99992], [93.190033, 24.99992], [93.190018, 24.993641], [93.194321, 24.99489], [93.19857, 24.993629], [93.199989, 24.991119], [93.198563, 24.988611], [93.201401, 24.98609], [93.207047, 24.98357], [93.214058, 24.98605], [93.216896, 24.989798], [93.219696, 24.98978], [93.223862, 24.988503], [93.22525, 24.98724], [93.229439, 24.98847], [93.232178, 24.987211], [93.233551, 24.98596], [93.229271, 24.979719], [93.234749, 24.9772], [93.23613, 24.977211], [93.237526, 24.97971], [93.23893, 24.979719], [93.240257, 24.975971], [93.243027, 24.975981], [93.244431, 24.973461], [93.244461, 24.970949], [93.247276, 24.97097], [93.252876, 24.975149], [93.252907, 24.97263], [93.258713, 24.972651], [93.263237, 24.966379], [93.263329, 24.963881], [93.26059, 24.958872], [93.260826, 24.953871], [93.262413, 24.95137], [93.259506, 24.951361], [93.25354, 24.95509], [93.249237, 24.95508], [93.24939, 24.952593], [93.250923, 24.9501], [93.251106, 24.946348], [93.25412, 24.942619], [93.24984, 24.9426], [93.246933, 24.94385], [93.24408, 24.94384], [93.241318, 24.941339], [93.239983, 24.938843], [93.240036, 24.93758], [93.24144, 24.93759], [93.247078, 24.9401], [93.248497, 24.9401], [93.2472, 24.93634], [93.24305, 24.93133], [93.244507, 24.93008], [93.250198, 24.93008], [93.253258, 24.918831], [93.250458, 24.915062], [93.241859, 24.915041], [93.240433, 24.916281], [93.238991, 24.91503], [93.24189, 24.91127], [93.243362, 24.907501], [93.243378, 24.903742], [93.241951, 24.90122], [93.236221, 24.902451], [93.233383, 24.898691], [93.233383, 24.894911], [93.230492, 24.894901], [93.234833, 24.889891], [93.233391, 24.88485], [93.229088, 24.88484], [93.226219, 24.881069], [93.229088, 24.8773], [93.224808, 24.874781], [93.221947, 24.870993], [93.219063, 24.86972], [93.216187, 24.864691], [93.214287, 24.86195], [93.210136, 24.859041], [93.208702, 24.856531], [93.205841, 24.855261], [93.200073, 24.857759], [93.197197, 24.856491], [93.198647, 24.85273], [93.201523, 24.85022], [93.201553, 24.843941], [93.195801, 24.846441], [93.194382, 24.84392], [93.197273, 24.84016], [93.1987, 24.84016], [93.200127, 24.841431], [93.201553, 24.840172], [93.198708, 24.83639], [93.195831, 24.837641], [93.194389, 24.837641], [93.19297, 24.836382], [93.192978, 24.83387], [93.197289, 24.833881], [93.193001, 24.826321], [93.191597, 24.822561], [93.195908, 24.81629], [93.198776, 24.815041], [93.197357, 24.81126], [93.194496, 24.80875], [93.193077, 24.806231], [93.190201, 24.806221], [93.185898, 24.804951], [93.181587, 24.804939], [93.180176, 24.80242], [93.180176, 24.798651], [93.178757, 24.796141], [93.177299, 24.79612], [93.175873, 24.797388], [93.174423, 24.803671], [93.168678, 24.801128], [93.165817, 24.798611], [93.161537, 24.79734], [93.157242, 24.792311], [93.152946, 24.78978], [93.152931, 24.793539], [93.151482, 24.796051], [93.148613, 24.798561], [93.144287, 24.799801], [93.142853, 24.80106], [93.139946, 24.80481], [93.137062, 24.81109], [93.13134, 24.806042], [93.127007, 24.80854], [93.121277, 24.808531], [93.119843, 24.811029], [93.122696, 24.81481], [93.122673, 24.81983], [93.119797, 24.81731], [93.111221, 24.812262], [93.109787, 24.80974], [93.112701, 24.80221], [93.108459, 24.79088], [93.105583, 24.78837], [93.105629, 24.784601], [93.107063, 24.78334], [93.101326, 24.778311], [93.102806, 24.773291], [93.105667, 24.769531], [93.104279, 24.763241], [93.100029, 24.75444], [93.100037, 24.750669], [93.101471, 24.749411], [93.09864, 24.744381], [93.101501, 24.74188], [93.102936, 24.743151], [93.102921, 24.746901], [93.105797, 24.745661], [93.107246, 24.741899], [93.104416, 24.73687], [93.09726, 24.73181], [93.09729, 24.72805], [93.094429, 24.724279], [93.092987, 24.72426], [93.094437, 24.720509], [93.093033, 24.715483], [93.088783, 24.70919], [93.078697, 24.71417], [93.075867, 24.71039], [93.080208, 24.704142], [93.083069, 24.701641], [93.084526, 24.69787], [93.090286, 24.692869], [93.093193, 24.687853], [93.093201, 24.68408], [93.091797, 24.680321], [93.091797, 24.677811], [93.093246, 24.67655], [93.097542, 24.67782], [93.101822, 24.680351], [93.104691, 24.6791], [93.104706, 24.675343], [93.103302, 24.67156], [93.099037, 24.666531], [93.097633, 24.662762], [93.097656, 24.659], [93.09626, 24.656483], [93.096283, 24.652719], [93.089127, 24.65271], [93.086258, 24.65144], [93.084846, 24.647671], [93.089302, 24.63389], [93.089386, 24.62763], [93.082207, 24.627602], [93.079353, 24.626341], [93.079422, 24.621323], [93.082336, 24.61758], [93.086731, 24.613821], [93.086761, 24.61133], [93.076782, 24.603771], [93.075386, 24.6], [93.075417, 24.59623], [93.079819, 24.592501], [93.088547, 24.590031], [93.098663, 24.591343], [93.104446, 24.587603], [93.10675, 24.58396], [93.106979, 24.583561], [93.104477, 24.582573], [93.097267, 24.582541], [93.09623, 24.580221], [93.087143, 24.57118], [93.078453, 24.574911], [93.071228, 24.576132], [93.061119, 24.574833], [93.072693, 24.56109], [93.065536, 24.54727], [93.061218, 24.554779], [93.052681, 24.54472], [93.0513, 24.537189], [93.04847, 24.53091], [93.052826, 24.52467], [93.052826, 24.51965], [93.04142, 24.514591], [93.040016, 24.510811], [93.044327, 24.5058], [93.035767, 24.496948], [93.045723, 24.481819], [93.048523, 24.475483], [93.048256, 24.463961], [93.037903, 24.461151], [93.036743, 24.443941], [93.03215, 24.42886], [93.03933, 24.417568], [93.039169, 24.411131], [93.029213, 24.40634], [93.015991, 24.402531], [93.008896, 24.405371], [93.006447, 24.41193], [93.000496, 24.403271], [92.998047, 24.401571], [92.995346, 24.401951], [92.99192, 24.405493], [92.988327, 24.40765], [92.985428, 24.40756], [92.980263, 24.409691], [92.975647, 24.407761], [92.970833, 24.401213], [92.960327, 24.395882], [92.958138, 24.39805], [92.954697, 24.403881], [92.953888, 24.404621], [92.951248, 24.404831], [92.944153, 24.401833], [92.940552, 24.401051], [92.938553, 24.399021], [92.937737, 24.396709], [92.935707, 24.39554], [92.92765, 24.398628], [92.925377, 24.40222], [92.92366, 24.402611], [92.9226, 24.40416], [92.923393, 24.40572], [92.911537, 24.412901], [92.909309, 24.40317], [92.905731, 24.399059], [92.905876, 24.39537], [92.905167, 24.394451], [92.900978, 24.393431], [92.896362, 24.3943], [92.894386, 24.395309], [92.891731, 24.401791], [92.890778, 24.40229], [92.888008, 24.40163], [92.884247, 24.40304], [92.878197, 24.39889], [92.873863, 24.397251], [92.871788, 24.397051], [92.8629, 24.3995], [92.859062, 24.398411], [92.854477, 24.394001], [92.851646, 24.39237], [92.849091, 24.386131], [92.846909, 24.382299], [92.844276, 24.379869], [92.839622, 24.3808], [92.832703, 24.376369], [92.828987, 24.377769], [92.828163, 24.379311], [92.828262, 24.385578], [92.825417, 24.38843], [92.825043, 24.390491], [92.826599, 24.393553], [92.831673, 24.399342], [92.831367, 24.400501], [92.83033, 24.401751], [92.824791, 24.404181], [92.821129, 24.40678], [92.818329, 24.412729], [92.816452, 24.412251], [92.81115, 24.413643], [92.811401, 24.415373], [92.809441, 24.415232], [92.808876, 24.416891], [92.809486, 24.4193], [92.807159, 24.419863], [92.803703, 24.418791], [92.800797, 24.41905], [92.800049, 24.421461], [92.803818, 24.421722], [92.804253, 24.422991], [92.802849, 24.42728], [92.800316, 24.431971], [92.797783, 24.43471], [92.793907, 24.44404], [92.789879, 24.456079], [92.786247, 24.463739], [92.784378, 24.471203], [92.782227, 24.4748], [92.779137, 24.4865], [92.765198, 24.520849]]]}, "properties": {"name": "Cachar", "state": "Assam"}}, {"type": "Feature", "geometry": {"type": "Polygon", "coordinates": [[[90.958748, 26.784378], [90.954758, 26.78384], [90.953392, 26.779621], [90.949677, 26.777031], [90.941452, 26.77508], [90.94062, 26.770679], [90.936707, 26.763309], [90.936813, 26.760941], [90.934013, 26.758801], [90.932312, 26.7563], [90.927788, 26.745083], [90.921562, 26.7404], [90.920593, 26.73624], [90.912262, 26.726671], [90.911819, 26.718052], [90.914253, 26.713842], [90.914139, 26.710781], [90.910027, 26.70542], [90.907677, 26.69813], [90.905411, 26.69521], [90.899139, 26.69142], [90.897957, 26.689751], [90.897278, 26.6866], [90.899017, 26.682833], [90.895813, 26.677561], [90.893272, 26.6702], [90.892693, 26.666462], [90.893356, 26.664261], [90.898483, 26.662201], [90.899696, 26.658791], [90.898987, 26.639999], [90.898163, 26.63546], [90.896248, 26.631901], [90.889633, 26.62504], [90.882683, 26.62171], [90.878036, 26.620541], [90.872742, 26.616852], [90.8703, 26.60672], [90.868958, 26.602819], [90.867188, 26.6003], [90.864296, 26.598711], [90.859436, 26.59939], [90.853546, 26.59824], [90.851906, 26.595713], [90.849487, 26.58341], [90.851212, 26.582991], [90.849243, 26.579441], [90.847633, 26.57806], [90.846016, 26.572321], [90.843246, 26.57148], [90.826729, 26.57572], [90.816017, 26.568571], [90.817436, 26.564171], [90.81987, 26.560472], [90.827812, 26.556641], [90.827347, 26.54109], [90.828903, 26.5413], [90.829819, 26.539049], [90.841423, 26.536301], [90.84639, 26.53393], [90.85247, 26.53433], [90.850952, 26.525801], [90.850319, 26.524387], [90.848083, 26.52508], [90.838394, 26.524595], [90.833115, 26.526695], [90.824364, 26.529615], [90.817696, 26.530655], [90.812119, 26.533066], [90.803566, 26.534525], [90.800591, 26.533573], [90.79715, 26.53092], [90.797173, 26.527447], [90.79528, 26.524109], [90.789948, 26.521873], [90.784836, 26.522226], [90.777481, 26.522734], [90.765442, 26.520962], [90.761627, 26.517754], [90.760132, 26.511494], [90.762299, 26.50672], [90.767708, 26.502298], [90.774223, 26.499537], [90.777466, 26.496132], [90.781815, 26.490625], [90.784691, 26.486668], [90.79052, 26.483374], [90.793152, 26.480301], [90.790474, 26.475281], [90.78669, 26.472361], [90.779663, 26.472845], [90.777397, 26.476471], [90.774986, 26.482132], [90.773018, 26.485449], [90.767982, 26.486664], [90.763908, 26.484053], [90.762779, 26.478348], [90.759293, 26.475117], [90.755165, 26.471931], [90.753021, 26.473234], [90.752655, 26.47644], [90.748505, 26.476727], [90.745651, 26.480972], [90.744247, 26.483381], [90.74041, 26.483644], [90.737144, 26.483002], [90.733063, 26.48415], [90.728249, 26.484192], [90.72348, 26.481049], [90.721169, 26.484098], [90.718414, 26.485733], [90.715714, 26.484184], [90.71225, 26.485001], [90.711189, 26.487675], [90.706917, 26.486523], [90.702026, 26.485701], [90.694427, 26.490816], [90.694717, 26.501076], [90.686935, 26.510347], [90.675575, 26.511124], [90.668091, 26.51729], [90.664063, 26.523733], [90.656281, 26.52632], [90.642647, 26.527248], [90.621902, 26.518379], [90.621475, 26.513268], [90.624283, 26.50588], [90.633339, 26.498068], [90.627892, 26.487644], [90.617149, 26.482204], [90.614182, 26.480864], [90.60907, 26.481211], [90.604912, 26.48612], [90.600006, 26.495707], [90.596794, 26.505177], [90.591019, 26.511221], [90.574142, 26.51442], [90.570694, 26.514139], [90.564148, 26.510984], [90.556732, 26.50429], [90.561119, 26.495255], [90.563629, 26.484289], [90.563515, 26.476072], [90.561829, 26.469505], [90.55703, 26.466745], [90.552071, 26.455256], [90.551178, 26.444523], [90.552025, 26.434183], [90.548637, 26.427731], [90.54287, 26.427092], [90.538078, 26.42433], [90.531975, 26.419601], [90.525772, 26.420534], [90.52462, 26.427294], [90.524857, 26.437044], [90.526009, 26.450846], [90.51844, 26.455982], [90.507477, 26.454664], [90.494896, 26.454481], [90.47966, 26.455793], [90.475906, 26.454092], [90.47464, 26.45331], [90.47229, 26.451082], [90.471741, 26.447433], [90.471016, 26.444447], [90.470062, 26.44169], [90.468079, 26.440956], [90.464508, 26.438593], [90.464439, 26.437731], [90.464333, 26.436436], [90.462814, 26.432634], [90.461601, 26.42968], [90.460739, 26.428001], [90.462959, 26.425686], [90.462799, 26.423744], [90.460777, 26.422579], [90.45826, 26.422661], [90.456741, 26.420948], [90.4589, 26.420319], [90.461311, 26.420567], [90.460236, 26.418928], [90.459557, 26.416588], [90.46106, 26.41432], [90.463051, 26.412233], [90.462654, 26.410309], [90.462364, 26.406858], [90.460899, 26.403704], [90.45755, 26.403929], [90.455757, 26.405565], [90.453819, 26.408298], [90.452126, 26.408195], [90.449623, 26.407061], [90.447021, 26.407669], [90.445999, 26.409904], [90.445274, 26.412773], [90.443764, 26.412006], [90.443092, 26.409666], [90.442383, 26.406895], [90.441315, 26.405664], [90.441048, 26.405901], [90.438858, 26.415216], [90.435738, 26.437077], [90.446144, 26.44957], [90.458641, 26.466223], [90.457596, 26.484962], [90.449272, 26.49329], [90.429489, 26.49329], [90.414917, 26.481838], [90.395142, 26.481838], [90.377441, 26.486], [90.36911, 26.500576], [90.357658, 26.522436], [90.3535, 26.546383], [90.364952, 26.552626], [90.389931, 26.559914], [90.409714, 26.557831], [90.425323, 26.550545], [90.43782, 26.550545], [90.457596, 26.548464], [90.469048, 26.541176], [90.490906, 26.534929], [90.505486, 26.542215], [90.533592, 26.540134], [90.556488, 26.526602], [90.572105, 26.531805], [90.574188, 26.553665], [90.564819, 26.578651], [90.547119, 26.59947], [90.53775, 26.611963], [90.524223, 26.630701], [90.523178, 26.643192], [90.523178, 26.665052], [90.532547, 26.686914], [90.540878, 26.711897], [90.560654, 26.742086], [90.587723, 26.771235], [90.61499, 26.795094], [90.617569, 26.794622], [90.630318, 26.79167], [90.63707, 26.786633], [90.643204, 26.780336], [90.645927, 26.776344], [90.646858, 26.776588], [90.675819, 26.784161], [90.689056, 26.773733], [90.693459, 26.770266], [90.695847, 26.770082], [90.716766, 26.768478], [90.740585, 26.774839], [90.741287, 26.775026], [90.74292, 26.775463], [90.776825, 26.775864], [90.786789, 26.77598], [90.816612, 26.776323], [90.949272, 26.787418], [90.956467, 26.788017], [90.957718, 26.786413], [90.959023, 26.784756], [90.958748, 26.784378]]]}, "properties": {"name": "Chirang", "state": "Assam"}}, {"type": "Feature", "geometry": {"type": "Polygon", "coordinates": [[[91.953392, 26.255039], [91.948486, 26.252661], [91.943466, 26.24881], [91.932533, 26.242701], [91.928993, 26.243839], [91.924057, 26.247061], [91.914337, 26.241793], [91.912567, 26.23468], [91.902176, 26.226601], [91.890526, 26.222731], [91.889847, 26.220209], [91.875252, 26.216843], [91.866707, 26.220001], [91.854919, 26.21682], [91.841766, 26.215561], [91.835907, 26.212702], [91.828186, 26.211191], [91.815689, 26.206881], [91.810883, 26.208199], [91.790977, 26.203331], [91.776833, 26.19891], [91.758949, 26.201031], [91.752586, 26.205839], [91.749832, 26.208906], [91.747368, 26.211651], [91.745613, 26.21743], [91.746666, 26.22196], [91.752693, 26.226891], [91.763603, 26.23192], [91.767746, 26.240318], [91.7705, 26.242071], [91.775223, 26.24143], [91.778992, 26.24225], [91.784187, 26.24518], [91.784897, 26.25001], [91.783829, 26.25473], [91.78582, 26.26195], [91.790413, 26.26926], [91.790367, 26.272593], [91.787773, 26.277], [91.788208, 26.28458], [91.784256, 26.2974], [91.784286, 26.30154], [91.785797, 26.303871], [91.783867, 26.305799], [91.787193, 26.306789], [91.788567, 26.310169], [91.791496, 26.31007], [91.794327, 26.31958], [91.7967, 26.31616], [91.799568, 26.315611], [91.804619, 26.317381], [91.808388, 26.317621], [91.810722, 26.32023], [91.811096, 26.324661], [91.814026, 26.326811], [91.819191, 26.325991], [91.821442, 26.333101], [91.819733, 26.337721], [91.819908, 26.35313], [91.821152, 26.36492], [91.819206, 26.36837], [91.819916, 26.37204], [91.817673, 26.38019], [91.811493, 26.38435], [91.806351, 26.382401], [91.803436, 26.38566], [91.80407, 26.388639], [91.801727, 26.390739], [91.798706, 26.392113], [91.797348, 26.39591], [91.797707, 26.399721], [91.797112, 26.40196], [91.794083, 26.408381], [91.782722, 26.4098], [91.780136, 26.412291], [91.78006, 26.419071], [91.777077, 26.420443], [91.778, 26.426821], [91.775818, 26.426161], [91.773552, 26.427271], [91.772461, 26.43166], [91.770622, 26.432781], [91.771767, 26.438049], [91.77002, 26.44066], [91.771797, 26.44455], [91.768967, 26.44735], [91.769203, 26.449471], [91.767838, 26.453341], [91.76503, 26.456881], [91.766159, 26.462049], [91.763756, 26.46726], [91.774307, 26.467291], [91.776627, 26.4706], [91.778099, 26.474953], [91.777809, 26.480131], [91.779213, 26.484541], [91.777336, 26.4879], [91.778122, 26.492493], [91.780235, 26.495062], [91.781807, 26.496969], [91.783691, 26.498093], [91.789383, 26.498522], [91.827835, 26.509249], [91.845543, 26.528568], [91.863228, 26.54063], [91.873901, 26.545195], [91.887604, 26.545687], [91.895233, 26.545107], [91.899132, 26.550186], [91.899414, 26.553234], [91.901611, 26.558441], [91.907837, 26.561039], [91.917305, 26.561853], [91.919426, 26.566298], [91.924385, 26.573597], [91.930466, 26.574669], [91.936401, 26.574215], [91.944588, 26.570518], [91.947983, 26.570259], [91.95433, 26.565168], [91.953751, 26.559069], [91.965187, 26.553587], [91.969498, 26.554026], [91.974098, 26.557512], [91.981888, 26.561823], [91.986145, 26.566841], [91.992607, 26.569502], [92.0037, 26.569061], [92.015167, 26.567413], [92.028076, 26.559509], [92.031105, 26.555437], [92.035461, 26.547424], [92.045464, 26.535904], [92.049339, 26.531765], [92.051369, 26.526234], [92.057014, 26.522726], [92.063499, 26.519154], [92.065674, 26.515146], [92.065727, 26.506697], [92.072136, 26.502361], [92.070007, 26.497919], [92.069839, 26.487181], [92.077026, 26.482018], [92.082108, 26.481625], [92.085861, 26.485174], [92.090096, 26.484846], [92.094139, 26.491446], [92.094505, 26.495256], [92.087532, 26.502707], [92.084511, 26.506781], [92.08078, 26.512444], [92.082214, 26.518476], [92.084343, 26.522919], [92.085625, 26.527426], [92.08783, 26.532631], [92.091515, 26.535418], [92.096191, 26.539663], [92.099167, 26.544041], [92.098976, 26.550966], [92.096024, 26.555801], [92.092079, 26.559177], [92.08622, 26.5604], [92.081688, 26.557678], [92.075172, 26.552038], [92.07135, 26.547728], [92.068657, 26.546398], [92.06089, 26.545464], [92.05941, 26.54788], [92.054207, 26.555962], [92.050545, 26.562386], [92.046745, 26.567286], [92.045441, 26.580441], [92.045876, 26.585012], [92.048294, 26.592505], [92.054398, 26.602783], [92.058449, 26.609383], [92.060432, 26.612301], [92.068214, 26.613235], [92.07148, 26.620661], [92.076691, 26.62862], [92.08194, 26.630495], [92.087448, 26.629349], [92.092278, 26.632339], [92.095963, 26.637341], [92.098228, 26.638609], [92.108498, 26.639736], [92.114769, 26.643816], [92.11982, 26.646309], [92.127129, 26.647184], [92.133995, 26.649055], [92.14225, 26.648655], [92.14743, 26.649694], [92.150604, 26.652092], [92.156937, 26.654003], [92.161263, 26.65727], [92.164169, 26.659689], [92.177078, 26.660366], [92.180367, 26.663956], [92.184715, 26.667463], [92.189392, 26.668781], [92.197746, 26.666687], [92.202194, 26.665619], [92.21357, 26.656078], [92.215302, 26.651857], [92.216759, 26.644775], [92.217667, 26.640377], [92.224304, 26.634331], [92.233353, 26.628336], [92.237854, 26.625099], [92.239563, 26.615112], [92.238853, 26.605072], [92.239029, 26.59857], [92.242439, 26.595179], [92.245453, 26.584848], [92.245438, 26.581964], [92.251312, 26.579102], [92.258049, 26.582418], [92.260223, 26.585611], [92.270233, 26.592278], [92.272018, 26.596945], [92.272842, 26.60265], [92.273605, 26.610521], [92.274452, 26.616463], [92.274872, 26.620756], [92.278946, 26.626926], [92.28466, 26.62792], [92.290039, 26.628218], [92.294312, 26.63365], [92.296501, 26.639727], [92.298004, 26.644175], [92.300171, 26.658186], [92.30056, 26.664885], [92.30365, 26.671852], [92.310867, 26.677294], [92.319992, 26.674892], [92.328651, 26.670364], [92.334137, 26.668892], [92.335747, 26.666891], [92.332611, 26.663179], [92.333267, 26.657721], [92.330467, 26.65357], [92.330826, 26.65197], [92.332581, 26.651039], [92.337303, 26.651039], [92.338463, 26.650249], [92.339531, 26.648903], [92.338722, 26.64646], [92.336678, 26.64617], [92.336349, 26.64467], [92.342651, 26.63854], [92.340683, 26.63809], [92.338669, 26.63903], [92.333717, 26.642941], [92.330147, 26.642391], [92.327309, 26.638342], [92.331497, 26.633791], [92.33271, 26.6318], [92.332741, 26.629499], [92.322998, 26.618031], [92.32238, 26.615532], [92.323547, 26.61412], [92.329338, 26.612362], [92.328987, 26.60947], [92.325363, 26.607651], [92.327057, 26.60603], [92.339218, 26.601891], [92.340073, 26.598801], [92.337563, 26.597698], [92.326538, 26.597443], [92.325417, 26.59326], [92.332489, 26.58814], [92.341156, 26.583101], [92.352158, 26.586592], [92.361183, 26.587271], [92.364319, 26.582218], [92.36216, 26.582331], [92.359436, 26.579458], [92.356361, 26.578291], [92.355087, 26.576012], [92.355553, 26.57336], [92.357239, 26.57168], [92.360352, 26.57044], [92.365707, 26.56975], [92.367157, 26.567951], [92.367126, 26.56513], [92.36541, 26.563011], [92.366333, 26.559401], [92.369919, 26.554991], [92.377739, 26.542162], [92.383316, 26.53619], [92.381317, 26.532791], [92.379547, 26.532478], [92.371483, 26.531651], [92.36573, 26.532431], [92.353279, 26.53179], [92.350449, 26.53051], [92.346901, 26.525991], [92.330246, 26.51619], [92.326019, 26.512711], [92.325577, 26.5109], [92.332741, 26.51177], [92.342033, 26.5098], [92.343933, 26.503799], [92.342346, 26.50296], [92.327812, 26.49563], [92.323517, 26.49271], [92.315117, 26.488762], [92.311378, 26.485628], [92.30304, 26.47753], [92.301537, 26.474211], [92.298279, 26.470221], [92.292053, 26.46419], [92.288773, 26.461109], [92.279648, 26.45549], [92.271446, 26.45303], [92.259796, 26.45339], [92.254799, 26.45285], [92.247246, 26.449211], [92.241028, 26.44313], [92.236839, 26.432199], [92.227058, 26.42321], [92.219963, 26.418381], [92.214951, 26.4163], [92.21106, 26.41643], [92.206413, 26.41868], [92.204536, 26.420891], [92.201843, 26.422421], [92.18692, 26.425041], [92.178886, 26.424498], [92.162537, 26.41839], [92.153816, 26.412083], [92.141472, 26.40003], [92.133476, 26.387342], [92.128456, 26.381458], [92.124527, 26.37232], [92.109993, 26.36034], [92.106178, 26.35799], [92.103867, 26.3545], [92.101257, 26.344591], [92.095398, 26.34178], [92.083588, 26.33839], [92.073456, 26.31572], [92.070236, 26.313091], [92.066307, 26.31234], [92.062798, 26.309481], [92.061737, 26.304651], [92.056099, 26.294201], [92.048286, 26.282221], [92.043037, 26.276861], [92.030342, 26.271221], [92.026253, 26.271891], [92.022018, 26.274193], [92.017853, 26.277481], [92.014801, 26.281281], [92.010712, 26.280178], [92.002373, 26.275], [91.997337, 26.27297], [91.989456, 26.270281], [91.981773, 26.276201], [91.953392, 26.255039]]]}, "properties": {"name": "Darrang", "state": "Assam"}}, {"type": "Feature", "geometry": {"type": "Polygon", "coordinates": [[[94.211113, 27.610842], [94.217438, 27.609001], [94.22596, 27.61799], [94.235077, 27.632511], [94.245071, 27.63587], [94.247269, 27.635811], [94.250069, 27.639721], [94.252228, 27.64093], [94.255989, 27.636553], [94.259071, 27.637018], [94.262787, 27.636021], [94.266708, 27.632561], [94.267166, 27.627863], [94.262222, 27.624519], [94.257103, 27.61912], [94.254089, 27.613701], [94.261887, 27.6101], [94.272453, 27.60347], [94.275208, 27.597401], [94.276031, 27.593349], [94.287659, 27.591791], [94.288483, 27.594511], [94.292892, 27.600361], [94.298019, 27.604271], [94.301643, 27.59988], [94.308357, 27.595581], [94.312408, 27.589651], [94.31971, 27.590052], [94.323738, 27.58717], [94.329056, 27.58839], [94.338142, 27.581039], [94.340576, 27.583441], [94.345078, 27.584591], [94.348846, 27.579451], [94.355698, 27.577381], [94.362198, 27.580231], [94.367493, 27.57675], [94.372307, 27.579269], [94.375839, 27.584578], [94.380432, 27.585091], [94.384377, 27.58646], [94.387596, 27.589279], [94.394829, 27.588779], [94.403183, 27.587191], [94.420929, 27.601341], [94.431038, 27.603081], [94.430588, 27.59646], [94.43605, 27.584421], [94.442383, 27.57946], [94.449608, 27.575041], [94.453468, 27.57094], [94.456223, 27.562902], [94.45974, 27.557711], [94.469307, 27.564013], [94.479156, 27.57699], [94.483109, 27.577202], [94.490967, 27.575493], [94.5, 27.577265], [94.500229, 27.577311], [94.509407, 27.58407], [94.515663, 27.58473], [94.526283, 27.59577], [94.531731, 27.59693], [94.536591, 27.596991], [94.546417, 27.603533], [94.551712, 27.60405], [94.556122, 27.603239], [94.563896, 27.60696], [94.569473, 27.606352], [94.573532, 27.60697], [94.581856, 27.61668], [94.586296, 27.62011], [94.591469, 27.62281], [94.595772, 27.621469], [94.600609, 27.621931], [94.60408, 27.6231], [94.609383, 27.622631], [94.614067, 27.62574], [94.624977, 27.630119], [94.630692, 27.62829], [94.634453, 27.628771], [94.639793, 27.63096], [94.645218, 27.636539], [94.648422, 27.642071], [94.664642, 27.64786], [94.669113, 27.650278], [94.675743, 27.650652], [94.68251, 27.64959], [94.686996, 27.653311], [94.686508, 27.657143], [94.683876, 27.66334], [94.689407, 27.667191], [94.698082, 27.667101], [94.713066, 27.660261], [94.716637, 27.66165], [94.720703, 27.669991], [94.72554, 27.67034], [94.727676, 27.66786], [94.73703, 27.665649], [94.742668, 27.663422], [94.75592, 27.666519], [94.75956, 27.66844], [94.76432, 27.674561], [94.766937, 27.68014], [94.772163, 27.683969], [94.776451, 27.683378], [94.790993, 27.68885], [94.79406, 27.69322], [94.795349, 27.698078], [94.797577, 27.698933], [94.800217, 27.69709], [94.818031, 27.69684], [94.821266, 27.69622], [94.839386, 27.703541], [94.848793, 27.710682], [94.853577, 27.731621], [94.860718, 27.733381], [94.866028, 27.73624], [94.860863, 27.739479], [94.883942, 27.74206], [94.930031, 27.756731], [94.987038, 27.770851], [94.997879, 27.77655], [95.01915, 27.772499], [95.031219, 27.774771], [95.038757, 27.777731], [95.048866, 27.786461], [95.051826, 27.79023], [95.194862, 27.83445], [95.236542, 27.848351], [95.292549, 27.86499], [95.308472, 27.867821], [95.316559, 27.87113], [95.384338, 27.842022], [95.515953, 27.881788], [95.515938, 27.875351], [95.519447, 27.863691], [95.515236, 27.862379], [95.50338, 27.86208], [95.495163, 27.85981], [95.491287, 27.857128], [95.48616, 27.849211], [95.4851, 27.84288], [95.481941, 27.8375], [95.477837, 27.83453], [95.478882, 27.82806], [95.475449, 27.82131], [95.468437, 27.813829], [95.461647, 27.79401], [95.461166, 27.78775], [95.458191, 27.77939], [95.450943, 27.77087], [95.442642, 27.76251], [95.419853, 27.743231], [95.409256, 27.737261], [95.400688, 27.730341], [95.391777, 27.728401], [95.34259, 27.706921], [95.320053, 27.70022], [95.297302, 27.70034], [95.28878, 27.69875], [95.282776, 27.69557], [95.276047, 27.68722], [95.271942, 27.676811], [95.266312, 27.66968], [95.25885, 27.663441], [95.248642, 27.66028], [95.238243, 27.65877], [95.232918, 27.660601], [95.22467, 27.65699], [95.213173, 27.660711], [95.202133, 27.66568], [95.19767, 27.66993], [95.193329, 27.67148], [95.194191, 27.67753], [95.201103, 27.68605], [95.203629, 27.692461], [95.203461, 27.69784], [95.204567, 27.703251], [95.207947, 27.70904], [95.205841, 27.712631], [95.195953, 27.709341], [95.175789, 27.699921], [95.166351, 27.698591], [95.157188, 27.696173], [95.146683, 27.690929], [95.140427, 27.688681], [95.121117, 27.684643], [95.109909, 27.66968], [95.106018, 27.66675], [95.082932, 27.663818], [95.062416, 27.664379], [95.05088, 27.66625], [95.045387, 27.671961], [95.040527, 27.672091], [95.032539, 27.669031], [95.029152, 27.666241], [95.028023, 27.662788], [95.020462, 27.66074], [94.998108, 27.658369], [94.983742, 27.654873], [94.981323, 27.650461], [94.95668, 27.631941], [94.947571, 27.61293], [94.929367, 27.609001], [94.920883, 27.604691], [94.912613, 27.59396], [94.905952, 27.589401], [94.895027, 27.588551], [94.880829, 27.577749], [94.871033, 27.560888], [94.852592, 27.549082], [94.841347, 27.53611], [94.816841, 27.51906], [94.819, 27.518169], [94.822769, 27.519701], [94.819992, 27.509531], [94.798012, 27.4946], [94.793991, 27.485851], [94.78537, 27.486801], [94.778069, 27.488831], [94.773033, 27.487061], [94.761642, 27.47504], [94.758537, 27.46809], [94.753296, 27.460571], [94.750893, 27.448921], [94.745163, 27.43915], [94.741501, 27.44022], [94.738129, 27.443123], [94.731293, 27.445393], [94.727249, 27.443918], [94.721603, 27.431], [94.699051, 27.42676], [94.691673, 27.422981], [94.6875, 27.41399], [94.68856, 27.404091], [94.690689, 27.393801], [94.686409, 27.387268], [94.671249, 27.381941], [94.663887, 27.3804], [94.6633, 27.37534], [94.666801, 27.367371], [94.666969, 27.36105], [94.665031, 27.35321], [94.643623, 27.34457], [94.640518, 27.34152], [94.638359, 27.335381], [94.640846, 27.329533], [94.63649, 27.323971], [94.63343, 27.324423], [94.62085, 27.336491], [94.613693, 27.334358], [94.605896, 27.32902], [94.611107, 27.325001], [94.614578, 27.318762], [94.612297, 27.312281], [94.613899, 27.309681], [94.600876, 27.290661], [94.598137, 27.286104], [94.584618, 27.297363], [94.56926, 27.317451], [94.560989, 27.325722], [94.553894, 27.317451], [94.538536, 27.306818], [94.527901, 27.306818], [94.523178, 27.331629], [94.509003, 27.348171], [94.5, 27.349972], [94.49128, 27.351715], [94.470009, 27.346989], [94.447563, 27.342262], [94.432198, 27.333992], [94.403847, 27.333992], [94.375488, 27.339903], [94.34713, 27.344627], [94.323502, 27.352898], [94.300743, 27.350166], [94.298958, 27.354622], [94.285027, 27.358471], [94.271767, 27.36606], [94.261742, 27.374031], [94.250031, 27.38608], [94.246933, 27.393291], [94.251472, 27.40064], [94.25618, 27.402889], [94.265419, 27.40185], [94.269333, 27.396431], [94.27668, 27.39197], [94.280151, 27.388201], [94.28511, 27.385969], [94.298027, 27.39003], [94.301277, 27.393671], [94.304573, 27.400181], [94.305786, 27.409281], [94.307533, 27.433741], [94.304947, 27.44039], [94.295738, 27.44808], [94.28981, 27.452009], [94.282448, 27.46114], [94.27774, 27.47159], [94.27916, 27.48024], [94.280067, 27.504271], [94.274513, 27.513359], [94.268799, 27.51874], [94.259727, 27.523491], [94.262512, 27.52743], [94.256866, 27.540501], [94.255737, 27.55076], [94.2565, 27.557428], [94.240601, 27.570351], [94.234146, 27.571461], [94.226479, 27.57563], [94.225479, 27.581059], [94.221443, 27.587912], [94.225311, 27.59524], [94.225052, 27.598511], [94.222923, 27.60074], [94.213509, 27.604422], [94.211113, 27.610842]]]}, "properties": {"name": "Dhemaji", "state": "Assam"}}, {"type": "Feature", "geometry": {"type": "Polygon", "coordinates": [[[89.81694, 25.812962], [89.814529, 25.81698], [89.818611, 25.82122], [89.825523, 25.82921], [89.830902, 25.83762], [89.830399, 25.85214], [89.830513, 25.853291], [89.832703, 25.85334], [89.838356, 25.853649], [89.839729, 25.856241], [89.839027, 25.859322], [89.83783, 25.86252], [89.836632, 25.865721], [89.837357, 25.868092], [89.838089, 25.869961], [89.839813, 25.87158], [89.843506, 25.87454], [89.845993, 25.878929], [89.849129, 25.88269], [89.850647, 25.88658], [89.852203, 25.889231], [89.855156, 25.892773], [89.858223, 25.89493], [89.860771, 25.89728], [89.863342, 25.900433], [89.865211, 25.902842], [89.869598, 25.90873], [89.873108, 25.91152], [89.875717, 25.91386], [89.878609, 25.916601], [89.881477, 25.919338], [89.882927, 25.92238], [89.883537, 25.925558], [89.883842, 25.927999], [89.886406, 25.934212], [89.888557, 25.937531], [89.890358, 25.940229], [89.889877, 25.94149], [89.88607, 25.943588], [89.878853, 25.943192], [89.877327, 25.94311], [89.871437, 25.941441], [89.865196, 25.940981], [89.860733, 25.940599], [89.85714, 25.940081], [89.853867, 25.939798], [89.8526, 25.939251], [89.849541, 25.937193], [89.847313, 25.93598], [89.846062, 25.935942], [89.84407, 25.93734], [89.844276, 25.93899], [89.843819, 25.94067], [89.843643, 25.941332], [89.840637, 25.94223], [89.836777, 25.94161], [89.835411, 25.941401], [89.83194, 25.941462], [89.829498, 25.942181], [89.828201, 25.94356], [89.828346, 25.945341], [89.828522, 25.94742], [89.829628, 25.949261], [89.831367, 25.950621], [89.833359, 25.951441], [89.83596, 25.95174], [89.838593, 25.951231], [89.841766, 25.949711], [89.844513, 25.947851], [89.846512, 25.94714], [89.848816, 25.946421], [89.851463, 25.946442], [89.851303, 25.94775], [89.849136, 25.949991], [89.848587, 25.951191], [89.849518, 25.953451], [89.849663, 25.954578], [89.848122, 25.95649], [89.847191, 25.957703], [89.845108, 25.96023], [89.843361, 25.961231], [89.843002, 25.961521], [89.842941, 25.961851], [89.841492, 25.963923], [89.844017, 25.966101], [89.848137, 25.967699], [89.851288, 25.968203], [89.85611, 25.96693], [89.859177, 25.96586], [89.862831, 25.966311], [89.865753, 25.9678], [89.868973, 25.96837], [89.872078, 25.9694], [89.874298, 25.97056], [89.876427, 25.973309], [89.875397, 25.97611], [89.874367, 25.977659], [89.872917, 25.977798], [89.869896, 25.978083], [89.867813, 25.98027], [89.865326, 25.982361], [89.861343, 25.984411], [89.859207, 25.985071], [89.857666, 25.98558], [89.857323, 25.985949], [89.853127, 25.987547], [89.850327, 25.992401], [89.849747, 25.99472], [89.849693, 25.99807], [89.849991, 26.00119], [89.849327, 26.002911], [89.847481, 26.005041], [89.844856, 26.006561], [89.843506, 26.00812], [89.8414, 26.009863], [89.839577, 26.01046], [89.837471, 26.008501], [89.836563, 26.006531], [89.836502, 26.00556], [89.83638, 26.003908], [89.835831, 26.00119], [89.834976, 25.999559], [89.83432, 25.997471], [89.835663, 25.995001], [89.836441, 25.992771], [89.836731, 25.991581], [89.836121, 25.98914], [89.83741, 25.987188], [89.839127, 25.98477], [89.839226, 25.983231], [89.839752, 25.98101], [89.837578, 25.979448], [89.834763, 25.980061], [89.832512, 25.980841], [89.828873, 25.981131], [89.82637, 25.982191], [89.823441, 25.98452], [89.82296, 25.984909], [89.820366, 25.987692], [89.817726, 25.992331], [89.818207, 25.994308], [89.821152, 25.993299], [89.823212, 25.99593], [89.823792, 26.00008], [89.824173, 26.003601], [89.824966, 26.00654], [89.82608, 26.009081], [89.823639, 26.01293], [89.821609, 26.015631], [89.820007, 26.01804], [89.820442, 26.020769], [89.823273, 26.023682], [89.822037, 26.02569], [89.819328, 26.02886], [89.817436, 26.03252], [89.815392, 26.03772], [89.814819, 26.040751], [89.813072, 26.041971], [89.810951, 26.042858], [89.809731, 26.041401], [89.809059, 26.039249], [89.808861, 26.037971], [89.808563, 26.03602], [89.808136, 26.033751], [89.807213, 26.030809], [89.805519, 26.027531], [89.803452, 26.024561], [89.801376, 26.021749], [89.799316, 26.019171], [89.798607, 26.018211], [89.796951, 26.01659], [89.79467, 26.015659], [89.79351, 26.015741], [89.791557, 26.017651], [89.791367, 26.01799], [89.792343, 26.01951], [89.79438, 26.020611], [89.796158, 26.02149], [89.797058, 26.022671], [89.796707, 26.02393], [89.796478, 26.02552], [89.799088, 26.027189], [89.801071, 26.028641], [89.802429, 26.03083], [89.80323, 26.03377], [89.804016, 26.035521], [89.804688, 26.0375], [89.804092, 26.039381], [89.80204, 26.04101], [89.799713, 26.0411], [89.797676, 26.039829], [89.797493, 26.039061], [89.797203, 26.037849], [89.797409, 26.03557], [89.795746, 26.03389], [89.793671, 26.034151], [89.79274, 26.034952], [89.792618, 26.035055], [89.792519, 26.035231], [89.792206, 26.0369], [89.791603, 26.0385], [89.790176, 26.03961], [89.787659, 26.039701], [89.785568, 26.03861], [89.785286, 26.03834], [89.783447, 26.036591], [89.782478, 26.035118], [89.781197, 26.034121], [89.780319, 26.033741], [89.779007, 26.034439], [89.777931, 26.035706], [89.777962, 26.036921], [89.77877, 26.03871], [89.781143, 26.041451], [89.783371, 26.042952], [89.786606, 26.043982], [89.789963, 26.045181], [89.792183, 26.046108], [89.792511, 26.046911], [89.792221, 26.04838], [89.79023, 26.04995], [89.788696, 26.05196], [89.788292, 26.054359], [89.791161, 26.05619], [89.793991, 26.056198], [89.797386, 26.055981], [89.801247, 26.056711], [89.803467, 26.05764], [89.803802, 26.05929], [89.801826, 26.06188], [89.801361, 26.063421], [89.8022, 26.064939], [89.801819, 26.067841], [89.800713, 26.069342], [89.799736, 26.070829], [89.799629, 26.07225], [89.799919, 26.074471], [89.798973, 26.07465], [89.796227, 26.073721], [89.795387, 26.074841], [89.795792, 26.07686], [89.797859, 26.07905], [89.798653, 26.08098], [89.798508, 26.08387], [89.797539, 26.086161], [89.796417, 26.087481], [89.794533, 26.087231], [89.792198, 26.084938], [89.791908, 26.08465], [89.789787, 26.08219], [89.788132, 26.08119], [89.785889, 26.083208], [89.785889, 26.083351], [89.785797, 26.088221], [89.787933, 26.09222], [89.789299, 26.093851], [89.789688, 26.09458], [89.78801, 26.095858], [89.786537, 26.09844], [89.788269, 26.099831], [89.790169, 26.10043], [89.789261, 26.102713], [89.787041, 26.105247], [89.783836, 26.10627], [89.78289, 26.105801], [89.780289, 26.104511], [89.777107, 26.103472], [89.774109, 26.1042], [89.771431, 26.106232], [89.771088, 26.10648], [89.769127, 26.10792], [89.766869, 26.108299], [89.765236, 26.10784], [89.762817, 26.107161], [89.761047, 26.106911], [89.759132, 26.109041], [89.760605, 26.112333], [89.763786, 26.11573], [89.76796, 26.12044], [89.770599, 26.12421], [89.77066, 26.127453], [89.769356, 26.132023], [89.766266, 26.135592], [89.763832, 26.136761], [89.759132, 26.138371], [89.757339, 26.14027], [89.757088, 26.14414], [89.755348, 26.149], [89.750923, 26.155611], [89.748436, 26.157801], [89.744423, 26.15855], [89.73912, 26.15823], [89.736397, 26.15778], [89.734383, 26.15745], [89.730583, 26.156658], [89.727158, 26.155291], [89.724487, 26.154659], [89.722672, 26.154961], [89.722733, 26.15608], [89.722786, 26.157572], [89.723587, 26.1604], [89.722061, 26.16338], [89.721947, 26.16452], [89.719749, 26.164721], [89.718758, 26.166048], [89.725098, 26.16963], [89.725098, 26.17161], [89.727051, 26.17388], [89.732933, 26.172972], [89.733757, 26.17337], [89.734177, 26.17499], [89.733147, 26.175871], [89.73024, 26.177], [89.719803, 26.177938], [89.717056, 26.17721], [89.711617, 26.17351], [89.70652, 26.17313], [89.704277, 26.174549], [89.702538, 26.17712], [89.700203, 26.18483], [89.694839, 26.189072], [89.697578, 26.190861], [89.701843, 26.18815], [89.705368, 26.18807], [89.708221, 26.186838], [89.710739, 26.18856], [89.71405, 26.18936], [89.716133, 26.191328], [89.718102, 26.196798], [89.717476, 26.200121], [89.715561, 26.20265], [89.711632, 26.203199], [89.714218, 26.205978], [89.71727, 26.20561], [89.720627, 26.206171], [89.723213, 26.20533], [89.725662, 26.206079], [89.731323, 26.21077], [89.732033, 26.21229], [89.731277, 26.214911], [89.72438, 26.217291], [89.7155, 26.214781], [89.703079, 26.213291], [89.700249, 26.21376], [89.697548, 26.215942], [89.697227, 26.21723], [89.69957, 26.218901], [89.703102, 26.21731], [89.705559, 26.21706], [89.710228, 26.219141], [89.711708, 26.227741], [89.712807, 26.22897], [89.718178, 26.231621], [89.72332, 26.232929], [89.728767, 26.238201], [89.723572, 26.24354], [89.715721, 26.24638], [89.715027, 26.248972], [89.716522, 26.252338], [89.716423, 26.25526], [89.71537, 26.256491], [89.711388, 26.258039], [89.703621, 26.256971], [89.700996, 26.25919], [89.700676, 26.260841], [89.704811, 26.269901], [89.708946, 26.270821], [89.71154, 26.269581], [89.710846, 26.264561], [89.711426, 26.263269], [89.717346, 26.259161], [89.72522, 26.25841], [89.732277, 26.26034], [89.733452, 26.262501], [89.733673, 26.26646], [89.737457, 26.271101], [89.729187, 26.28294], [89.721092, 26.28817], [89.717056, 26.293053], [89.715446, 26.297029], [89.715683, 26.301981], [89.717827, 26.3057], [89.720253, 26.30813], [89.722763, 26.30755], [89.719803, 26.298632], [89.720886, 26.296289], [89.72345, 26.29475], [89.731796, 26.2929], [89.742348, 26.29521], [89.746063, 26.290762], [89.748886, 26.2894], [89.757103, 26.28853], [89.758659, 26.28933], [89.75914, 26.292591], [89.750893, 26.30624], [89.750542, 26.321461], [89.751663, 26.322161], [89.753647, 26.3218], [89.761963, 26.317068], [89.76638, 26.31385], [89.77092, 26.31295], [89.782127, 26.316271], [89.78643, 26.31222], [89.788116, 26.311611], [89.796051, 26.30253], [89.799232, 26.30088], [89.802963, 26.300451], [89.806923, 26.301361], [89.819901, 26.307701], [89.82341, 26.308439], [89.830322, 26.307461], [89.845383, 26.299431], [89.874191, 26.302111], [89.878906, 26.304461], [89.88253, 26.30835], [89.88987, 26.313082], [89.89473, 26.32506], [89.902901, 26.32556], [89.906082, 26.32769], [89.907722, 26.33152], [89.90834, 26.33659], [89.911537, 26.33894], [89.915031, 26.33942], [89.919876, 26.33872], [89.923843, 26.34075], [89.92823, 26.341721], [89.931923, 26.34053], [89.936012, 26.3353], [89.946556, 26.333252], [89.961639, 26.335011], [89.971489, 26.33819], [89.979233, 26.34166], [89.985397, 26.345581], [89.98851, 26.339939], [89.995201, 26.334433], [89.998093, 26.3337], [90.001953, 26.32881], [90.005386, 26.326361], [90.008583, 26.32692], [90.011002, 26.328339], [90.016548, 26.334711], [90.019096, 26.336201], [90.023979, 26.33617], [90.026688, 26.333851], [90.027313, 26.3323], [90.027229, 26.328781], [90.02478, 26.32539], [90.023537, 26.320631], [90.024567, 26.314911], [90.026642, 26.30942], [90.033226, 26.302891], [90.040398, 26.299089], [90.04673, 26.298321], [90.047798, 26.297392], [90.050598, 26.29693], [90.056297, 26.29874], [90.068268, 26.305311], [90.104523, 26.32942], [90.117699, 26.33927], [90.138863, 26.349531], [90.149727, 26.353111], [90.152031, 26.35298], [90.166512, 26.34577], [90.16964, 26.342531], [90.171677, 26.3424], [90.176727, 26.34536], [90.186638, 26.345371], [90.192566, 26.35317], [90.203407, 26.35881], [90.206177, 26.362598], [90.204399, 26.37706], [90.218307, 26.383949], [90.224129, 26.38553], [90.225647, 26.382811], [90.225677, 26.379301], [90.224037, 26.373381], [90.229927, 26.37007], [90.231758, 26.365391], [90.231407, 26.361992], [90.227257, 26.35471], [90.221367, 26.352501], [90.216766, 26.35269], [90.214386, 26.350519], [90.218147, 26.34952], [90.226677, 26.34971], [90.216209, 26.3318], [90.216881, 26.329498], [90.220657, 26.329943], [90.225647, 26.33267], [90.236183, 26.32391], [90.239441, 26.32539], [90.241058, 26.328041], [90.244957, 26.32761], [90.246742, 26.326269], [90.24794, 26.326328], [90.250458, 26.328041], [90.252197, 26.33086], [90.252998, 26.334881], [90.255753, 26.334461], [90.266426, 26.331181], [90.270576, 26.32902], [90.271843, 26.327921], [90.27301, 26.323299], [90.278076, 26.32], [90.282753, 26.321751], [90.28476, 26.323351], [90.28598, 26.325991], [90.28801, 26.331099], [90.287582, 26.333469], [90.28511, 26.336531], [90.290253, 26.33881], [90.29747, 26.338131], [90.300453, 26.34289], [90.304741, 26.34539], [90.308372, 26.350491], [90.309113, 26.348322], [90.315422, 26.35305], [90.316322, 26.355461], [90.318588, 26.356541], [90.328163, 26.364483], [90.328186, 26.365631], [90.326447, 26.365881], [90.32415, 26.365431], [90.321907, 26.363611], [90.318832, 26.36264], [90.317543, 26.363218], [90.319801, 26.365919], [90.320091, 26.36799], [90.311417, 26.376909], [90.310387, 26.38101], [90.312119, 26.385248], [90.314857, 26.38829], [90.318123, 26.38954], [90.325653, 26.388741], [90.329849, 26.38681], [90.331703, 26.386341], [90.332268, 26.38703], [90.33136, 26.39043], [90.327316, 26.396441], [90.328842, 26.409271], [90.331367, 26.41115], [90.338142, 26.41329], [90.34716, 26.413813], [90.353233, 26.413322], [90.356773, 26.411169], [90.358727, 26.40781], [90.359016, 26.403839], [90.362213, 26.398588], [90.36573, 26.39683], [90.36834, 26.39653], [90.370636, 26.397369], [90.371727, 26.396851], [90.371658, 26.384821], [90.37426, 26.375761], [90.37542, 26.37616], [90.384323, 26.384911], [90.393066, 26.391251], [90.39444, 26.388121], [90.394218, 26.385651], [90.389053, 26.38039], [90.38678, 26.37672], [90.385063, 26.370621], [90.383652, 26.370991], [90.381851, 26.374331], [90.379967, 26.371641], [90.377518, 26.3701], [90.379028, 26.36791], [90.3815, 26.36639], [90.39547, 26.362963], [90.400887, 26.363319], [90.412956, 26.362501], [90.419861, 26.363541], [90.42205, 26.365021], [90.424606, 26.360291], [90.431236, 26.3542], [90.429848, 26.3477], [90.431847, 26.343882], [90.434143, 26.34313], [90.436958, 26.34413], [90.437737, 26.34581], [90.437767, 26.35018], [90.434433, 26.358721], [90.440277, 26.36202], [90.441772, 26.346519], [90.444, 26.346041], [90.445869, 26.347651], [90.448868, 26.353731], [90.449127, 26.354082], [90.452118, 26.358141], [90.456558, 26.35631], [90.454559, 26.352543], [90.452667, 26.3498], [90.4561, 26.34321], [90.453903, 26.33901], [90.456001, 26.33798], [90.461151, 26.330391], [90.46949, 26.33321], [90.471756, 26.332621], [90.472778, 26.33135], [90.469048, 26.32769], [90.466293, 26.326441], [90.468399, 26.32148], [90.477402, 26.308281], [90.478508, 26.305342], [90.477127, 26.302071], [90.477547, 26.29958], [90.479416, 26.29623], [90.479843, 26.292479], [90.479561, 26.290409], [90.478653, 26.28968], [90.474243, 26.28826], [90.467171, 26.289242], [90.463402, 26.289211], [90.462639, 26.28829], [90.46402, 26.282301], [90.467972, 26.280939], [90.469032, 26.278111], [90.459778, 26.277481], [90.457283, 26.27808], [90.456207, 26.284651], [90.454887, 26.280451], [90.455437, 26.272751], [90.469803, 26.272631], [90.472282, 26.271591], [90.471619, 26.268942], [90.468971, 26.26631], [90.466042, 26.265072], [90.459557, 26.26523], [90.456642, 26.266171], [90.449753, 26.27249], [90.447838, 26.27194], [90.444229, 26.26895], [90.441818, 26.264723], [90.441986, 26.26189], [90.44445, 26.258362], [90.45108, 26.25239], [90.450546, 26.250669], [90.448166, 26.249001], [90.446701, 26.24884], [90.445076, 26.24984], [90.439468, 26.25424], [90.436562, 26.261131], [90.43383, 26.262289], [90.429993, 26.26088], [90.429199, 26.259399], [90.429367, 26.2572], [90.433647, 26.251421], [90.438957, 26.246889], [90.438232, 26.24436], [90.436378, 26.24345], [90.425667, 26.24456], [90.417938, 26.236551], [90.414017, 26.23461], [90.402939, 26.224211], [90.398071, 26.220852], [90.394173, 26.220581], [90.392342, 26.22238], [90.38694, 26.225121], [90.383827, 26.22566], [90.381332, 26.22574], [90.377609, 26.2241], [90.375679, 26.221571], [90.375801, 26.21339], [90.376938, 26.20665], [90.376129, 26.188932], [90.375183, 26.18166], [90.372971, 26.17927], [90.362053, 26.177431], [90.345993, 26.17594], [90.339966, 26.175381], [90.333443, 26.17312], [90.32753, 26.173849], [90.323936, 26.179459], [90.320702, 26.18034], [90.309792, 26.179491], [90.296539, 26.18198], [90.292168, 26.184429], [90.287483, 26.185949], [90.276817, 26.18516], [90.27298, 26.184601], [90.269417, 26.186241], [90.260933, 26.183121], [90.25676, 26.18066], [90.247299, 26.177551], [90.2453, 26.175249], [90.245972, 26.171803], [90.247543, 26.1688], [90.244217, 26.14814], [90.238602, 26.13966], [90.236366, 26.13858], [90.228279, 26.13908], [90.22438, 26.137953], [90.219017, 26.13769], [90.216736, 26.132629], [90.214523, 26.131151], [90.209793, 26.131121], [90.20697, 26.129061], [90.205971, 26.125669], [90.204361, 26.12377], [90.1978, 26.1234], [90.195007, 26.124283], [90.192467, 26.126539], [90.18605, 26.120178], [90.183693, 26.11265], [90.180717, 26.10708], [90.171127, 26.09491], [90.16156, 26.08592], [90.158226, 26.08382], [90.153259, 26.082281], [90.154236, 26.07802], [90.158371, 26.073973], [90.171196, 26.065903], [90.175018, 26.064428], [90.17688, 26.065361], [90.175362, 26.059771], [90.172867, 26.05686], [90.169563, 26.050819], [90.168427, 26.047831], [90.168091, 26.0434], [90.170677, 26.04022], [90.173859, 26.038481], [90.184471, 26.036812], [90.188438, 26.031841], [90.189659, 26.028372], [90.188751, 26.025101], [90.185173, 26.022581], [90.179878, 26.02013], [90.174828, 26.018843], [90.171188, 26.01667], [90.174919, 26.013361], [90.174309, 26.009621], [90.179176, 26.01265], [90.178566, 26.009781], [90.174423, 26.004553], [90.173492, 26.000921], [90.176117, 25.99559], [90.176277, 25.991081], [90.170677, 25.99011], [90.168762, 25.98881], [90.157112, 25.986933], [90.149612, 25.980871], [90.144669, 25.98], [90.143341, 25.97533], [90.13427, 25.972401], [90.130852, 25.968073], [90.127541, 25.967821], [90.122932, 25.969707], [90.118332, 25.966011], [90.118652, 25.96126], [90.113777, 25.957439], [90.110916, 25.954111], [90.107887, 25.95059], [90.10537, 25.941931], [90.100517, 25.942068], [90.099136, 25.93926], [90.096123, 25.93952], [90.087959, 25.936199], [90.091927, 25.928761], [90.087387, 25.92627], [90.080727, 25.924528], [90.079453, 25.919279], [90.077972, 25.917681], [90.072426, 25.919338], [90.067619, 25.916161], [90.063309, 25.915548], [90.058922, 25.910271], [90.055077, 25.908091], [90.052193, 25.898689], [90.042099, 25.890751], [90.034508, 25.893511], [90.027916, 25.89431], [90.021263, 25.89319], [90.015251, 25.88862], [90.004738, 25.878681], [90.009773, 25.875731], [90.014366, 25.87179], [90.018723, 25.87137], [90.021378, 25.86849], [90.021919, 25.865528], [90.020767, 25.86161], [90.01152, 25.84967], [90.008316, 25.84683], [90.000267, 25.8486], [89.997566, 25.846701], [89.997437, 25.84421], [89.999832, 25.843691], [90.001602, 25.842241], [89.997803, 25.83967], [89.994713, 25.83876], [89.990807, 25.83551], [89.975899, 25.83404], [89.973549, 25.82814], [89.967957, 25.826151], [89.95887, 25.826569], [89.950569, 25.824871], [89.94458, 25.824478], [89.945816, 25.82023], [89.945618, 25.816101], [89.949356, 25.814423], [89.951996, 25.810911], [89.950813, 25.791981], [89.952606, 25.783421], [89.955017, 25.781641], [89.955246, 25.77446], [89.952393, 25.77017], [89.946686, 25.764721], [89.94352, 25.760542], [89.933716, 25.752531], [89.934647, 25.74754], [89.93351, 25.744551], [89.92794, 25.74135], [89.921867, 25.739168], [89.916138, 25.739191], [89.911377, 25.74157], [89.899086, 25.744051], [89.895416, 25.74412], [89.892616, 25.735001], [89.894241, 25.72724], [89.904877, 25.714781], [89.912636, 25.707062], [89.914276, 25.704008], [89.918503, 25.702688], [89.919548, 25.69677], [89.921127, 25.694422], [89.93235, 25.68996], [89.936996, 25.68663], [89.941727, 25.67812], [89.941849, 25.673651], [89.946953, 25.658831], [89.980438, 25.637569], [89.982307, 25.628431], [89.983322, 25.626711], [89.995293, 25.62303], [89.999336, 25.621851], [90.001381, 25.624432], [90.004539, 25.623821], [90.01844, 25.608391], [90.017296, 25.602192], [90.011063, 25.598351], [90.005821, 25.588369], [90.002121, 25.58419], [89.995361, 25.586349], [89.989502, 25.58881], [89.979156, 25.590731], [89.975052, 25.583509], [89.972809, 25.57461], [89.966461, 25.571701], [89.956757, 25.570461], [89.949379, 25.568251], [89.941643, 25.567621], [89.935837, 25.56271], [89.926056, 25.56353], [89.918098, 25.56263], [89.904411, 25.5595], [89.88636, 25.557871], [89.877586, 25.548931], [89.873802, 25.54928], [89.870102, 25.544222], [89.870628, 25.55162], [89.871277, 25.556721], [89.871773, 25.559851], [89.872627, 25.562099], [89.87442, 25.564291], [89.876526, 25.56579], [89.877182, 25.567541], [89.876717, 25.56937], [89.876686, 25.57159], [89.878746, 25.574739], [89.8797, 25.57847], [89.878746, 25.581438], [89.87825, 25.584923], [89.878677, 25.587809], [89.879677, 25.591202], [89.880737, 25.594028], [89.88504, 25.60305], [89.886383, 25.608089], [89.886589, 25.612692], [89.886681, 25.621052], [89.886116, 25.62509], [89.885208, 25.629829], [89.883057, 25.63628], [89.880943, 25.63973], [89.879776, 25.642139], [89.879082, 25.64533], [89.87796, 25.648479], [89.877243, 25.650421], [89.876183, 25.65379], [89.875137, 25.65597], [89.873726, 25.657591], [89.872169, 25.65818], [89.869926, 25.65901], [89.867508, 25.660702], [89.86673, 25.66276], [89.865578, 25.665049], [89.8629, 25.672991], [89.862236, 25.67454], [89.85965, 25.677601], [89.85762, 25.679899], [89.854439, 25.684273], [89.852921, 25.687431], [89.852058, 25.691641], [89.852356, 25.694139], [89.854156, 25.696621], [89.856018, 25.70261], [89.856056, 25.705221], [89.855659, 25.707109], [89.854736, 25.708601], [89.852631, 25.70977], [89.852341, 25.709881], [89.849701, 25.710831], [89.846237, 25.710442], [89.843796, 25.71048], [89.84211, 25.710743], [89.837791, 25.711941], [89.836319, 25.71456], [89.834686, 25.717451], [89.833618, 25.720881], [89.831802, 25.725], [89.830826, 25.729561], [89.830566, 25.732809], [89.830353, 25.735029], [89.831627, 25.73665], [89.834328, 25.73951], [89.838158, 25.742968], [89.840622, 25.747711], [89.842751, 25.750523], [89.844208, 25.75498], [89.84494, 25.757191], [89.844933, 25.76009], [89.843567, 25.76824], [89.842262, 25.772692], [89.839531, 25.778023], [89.838089, 25.781681], [89.837692, 25.784191], [89.836746, 25.787668], [89.835541, 25.790371], [89.834633, 25.791861], [89.83371, 25.79352], [89.833183, 25.795353], [89.833206, 25.796711], [89.833313, 25.798943], [89.83284, 25.8011], [89.832047, 25.80253], [89.831161, 25.805502], [89.830063, 25.807451], [89.828957, 25.808661], [89.827469, 25.80982], [89.826469, 25.81028], [89.824966, 25.810659], [89.823273, 25.81114], [89.822914, 25.811796], [89.821083, 25.81436], [89.818176, 25.81389], [89.81694, 25.812962]]]}, "properties": {"name": "Dhubri", "state": "Assam"}}, {"type": "Feature", "geometry": {"type": "Polygon", "coordinates": [[[95.376976, 27.10218], [95.372673, 27.101671], [95.373657, 27.108], [95.368301, 27.107363], [95.367783, 27.109711], [95.370667, 27.110149], [95.371269, 27.111401], [95.373459, 27.116051], [95.372856, 27.118221], [95.366066, 27.12175], [95.36338, 27.12982], [95.365852, 27.133301], [95.368507, 27.139469], [95.36882, 27.141781], [95.366669, 27.152271], [95.362511, 27.157209], [95.359619, 27.16361], [95.36071, 27.16609], [95.358902, 27.173491], [95.354706, 27.17573], [95.347977, 27.1768], [95.345589, 27.178032], [95.345047, 27.179861], [95.34671, 27.183271], [95.345322, 27.18664], [95.338028, 27.189371], [95.335289, 27.19157], [95.33007, 27.19277], [95.319359, 27.19235], [95.316597, 27.189381], [95.313637, 27.189871], [95.309669, 27.194122], [95.305733, 27.194483], [95.302803, 27.19795], [95.299568, 27.199579], [95.299629, 27.200142], [95.294907, 27.200661], [95.288841, 27.202538], [95.283112, 27.201771], [95.285828, 27.20031], [95.285278, 27.197781], [95.282951, 27.198668], [95.280418, 27.198191], [95.279587, 27.197201], [95.280197, 27.193979], [95.273232, 27.194403], [95.271927, 27.196171], [95.267746, 27.198191], [95.268066, 27.194111], [95.266693, 27.190928], [95.26207, 27.195181], [95.260399, 27.194361], [95.259827, 27.192518], [95.260757, 27.189772], [95.258827, 27.189348], [95.257378, 27.190981], [95.257172, 27.194672], [95.255623, 27.197121], [95.25219, 27.19672], [95.247177, 27.194529], [95.241898, 27.19326], [95.240036, 27.191912], [95.243179, 27.187422], [95.240883, 27.185431], [95.234177, 27.18449], [95.234261, 27.18207], [95.235962, 27.179623], [95.238869, 27.17794], [95.239922, 27.174961], [95.229637, 27.17794], [95.226158, 27.17185], [95.220497, 27.17005], [95.218613, 27.17164], [95.219879, 27.173901], [95.213516, 27.1784], [95.210693, 27.17728], [95.210266, 27.174751], [95.214729, 27.1728], [95.213676, 27.169392], [95.200912, 27.167961], [95.199623, 27.166401], [95.200607, 27.16358], [95.193489, 27.161251], [95.192383, 27.16296], [95.193657, 27.163841], [95.189598, 27.164249], [95.187576, 27.165991], [95.184212, 27.167158], [95.183136, 27.16444], [95.183563, 27.162781], [95.187469, 27.15663], [95.183372, 27.154329], [95.179497, 27.153301], [95.177971, 27.15093], [95.179413, 27.14876], [95.179047, 27.1464], [95.17572, 27.142681], [95.174088, 27.145479], [95.175667, 27.148771], [95.174736, 27.151041], [95.170021, 27.14743], [95.171997, 27.141941], [95.166916, 27.139921], [95.166039, 27.138071], [95.162109, 27.13658], [95.164543, 27.132311], [95.160797, 27.133221], [95.157257, 27.14007], [95.154343, 27.139801], [95.152573, 27.137199], [95.153053, 27.13438], [95.154793, 27.131533], [95.1521, 27.130529], [95.150032, 27.132681], [95.14978, 27.13888], [95.141098, 27.14221], [95.134773, 27.139999], [95.134003, 27.142918], [95.129807, 27.142971], [95.127663, 27.139038], [95.127296, 27.136278], [95.124016, 27.135529], [95.121933, 27.138901], [95.118378, 27.139528], [95.116898, 27.13578], [95.117371, 27.134171], [95.115646, 27.13335], [95.113876, 27.136023], [95.112686, 27.140091], [95.095451, 27.14135], [95.061623, 27.14097], [95.058899, 27.14329], [95.053917, 27.15645], [95.049767, 27.158941], [95.040337, 27.157141], [95.031738, 27.15023], [95.026642, 27.149101], [95.016609, 27.15036], [95.007141, 27.152868], [94.999077, 27.15206], [94.988953, 27.15144], [94.980492, 27.15546], [94.984467, 27.16432], [94.983673, 27.17079], [94.985428, 27.17485], [94.975243, 27.19943], [94.974319, 27.216871], [94.97213, 27.227619], [94.9692, 27.2337], [94.95755, 27.22566], [94.926193, 27.19463], [94.886581, 27.161591], [94.865868, 27.136461], [94.85585, 27.12229], [94.848213, 27.113058], [94.842201, 27.09955], [94.836311, 27.09874], [94.830093, 27.10033], [94.826103, 27.1049], [94.822006, 27.103493], [94.81929, 27.104801], [94.813286, 27.103701], [94.813927, 27.1106], [94.817909, 27.11339], [94.819763, 27.118999], [94.81134, 27.120251], [94.808777, 27.12244], [94.802147, 27.12471], [94.796913, 27.12372], [94.764816, 27.132261], [94.75943, 27.147139], [94.761337, 27.153971], [94.756973, 27.15559], [94.763962, 27.157579], [94.766487, 27.16194], [94.771828, 27.16494], [94.771683, 27.167801], [94.774139, 27.17021], [94.776878, 27.174629], [94.780167, 27.17631], [94.774826, 27.179062], [94.775063, 27.184931], [94.773872, 27.18874], [94.776077, 27.193451], [94.780403, 27.195431], [94.779648, 27.203001], [94.777977, 27.20812], [94.776596, 27.217051], [94.770493, 27.220951], [94.771759, 27.2274], [94.778328, 27.24321], [94.7742, 27.246231], [94.766418, 27.249729], [94.762726, 27.2535], [94.756699, 27.24947], [94.747322, 27.24839], [94.74128, 27.249811], [94.740807, 27.25337], [94.746147, 27.265772], [94.752289, 27.27354], [94.75106, 27.276451], [94.744476, 27.279051], [94.732239, 27.278221], [94.720596, 27.26923], [94.717331, 27.261011], [94.723846, 27.255581], [94.724876, 27.250441], [94.719681, 27.249001], [94.713852, 27.250071], [94.709488, 27.25514], [94.707191, 27.271219], [94.703346, 27.27533], [94.698273, 27.275278], [94.694199, 27.272543], [94.685196, 27.251221], [94.680939, 27.248821], [94.661659, 27.251438], [94.645302, 27.250891], [94.634537, 27.2271], [94.623466, 27.206072], [94.616623, 27.18025], [94.606941, 27.16366], [94.594566, 27.14953], [94.589966, 27.15346], [94.586197, 27.161341], [94.580238, 27.167761], [94.576187, 27.174841], [94.569336, 27.182781], [94.574829, 27.191233], [94.579391, 27.196569], [94.581497, 27.20615], [94.581108, 27.21406], [94.578636, 27.219412], [94.58712, 27.244471], [94.588707, 27.254539], [94.586098, 27.262701], [94.586723, 27.27063], [94.593483, 27.27837], [94.598137, 27.286104], [94.600876, 27.290661], [94.613899, 27.309681], [94.612297, 27.312281], [94.614578, 27.318762], [94.611107, 27.325001], [94.605896, 27.32902], [94.613693, 27.334358], [94.62085, 27.336491], [94.63343, 27.324423], [94.63649, 27.323971], [94.640846, 27.329533], [94.638359, 27.335381], [94.640518, 27.34152], [94.643623, 27.34457], [94.665031, 27.35321], [94.666969, 27.36105], [94.666801, 27.367371], [94.6633, 27.37534], [94.663887, 27.3804], [94.671249, 27.381941], [94.686409, 27.387268], [94.690689, 27.393801], [94.68856, 27.404091], [94.6875, 27.41399], [94.691673, 27.422981], [94.699051, 27.42676], [94.721603, 27.431], [94.727249, 27.443918], [94.731293, 27.445393], [94.738129, 27.443123], [94.741501, 27.44022], [94.745163, 27.43915], [94.750893, 27.448921], [94.753296, 27.460571], [94.758537, 27.46809], [94.761642, 27.47504], [94.773033, 27.487061], [94.778069, 27.488831], [94.78537, 27.486801], [94.793991, 27.485851], [94.798012, 27.4946], [94.819992, 27.509531], [94.822769, 27.519701], [94.819, 27.518169], [94.816841, 27.51906], [94.841347, 27.53611], [94.852592, 27.549082], [94.871033, 27.560888], [94.880829, 27.577749], [94.895027, 27.588551], [94.905952, 27.589401], [94.912613, 27.59396], [94.920883, 27.604691], [94.929367, 27.609001], [94.947571, 27.61293], [94.95668, 27.631941], [94.981323, 27.650461], [94.983742, 27.654873], [94.998108, 27.658369], [95.020462, 27.66074], [95.028023, 27.662788], [95.029152, 27.666241], [95.032539, 27.669031], [95.040527, 27.672091], [95.045387, 27.671961], [95.05088, 27.66625], [95.062416, 27.664379], [95.082932, 27.663818], [95.106018, 27.66675], [95.109909, 27.66968], [95.121117, 27.684643], [95.140427, 27.688681], [95.146683, 27.690929], [95.157188, 27.696173], [95.166351, 27.698591], [95.175789, 27.699921], [95.195953, 27.709341], [95.205841, 27.712631], [95.207947, 27.70904], [95.204567, 27.703251], [95.203461, 27.69784], [95.203629, 27.692461], [95.201103, 27.68605], [95.194191, 27.67753], [95.193329, 27.67148], [95.19767, 27.66993], [95.202133, 27.66568], [95.213173, 27.660711], [95.22467, 27.65699], [95.232918, 27.660601], [95.238243, 27.65877], [95.248642, 27.66028], [95.25885, 27.663441], [95.266312, 27.66968], [95.271942, 27.676811], [95.276047, 27.68722], [95.28096, 27.681929], [95.290741, 27.674553], [95.293587, 27.664351], [95.297287, 27.656141], [95.308189, 27.62233], [95.321449, 27.592461], [95.316299, 27.589531], [95.307838, 27.58816], [95.30452, 27.590481], [95.301819, 27.588322], [95.301079, 27.58367], [95.298363, 27.58271], [95.29776, 27.58012], [95.294762, 27.581692], [95.292572, 27.581888], [95.289749, 27.576691], [95.290436, 27.573431], [95.286697, 27.57287], [95.2826, 27.57379], [95.277641, 27.578041], [95.276047, 27.575661], [95.275497, 27.572269], [95.277779, 27.56489], [95.284058, 27.560143], [95.280586, 27.5516], [95.274803, 27.555941], [95.270363, 27.55245], [95.265297, 27.541191], [95.271202, 27.530243], [95.266037, 27.52862], [95.265846, 27.52109], [95.263, 27.515383], [95.258606, 27.513081], [95.251961, 27.51185], [95.237717, 27.50754], [95.230843, 27.501129], [95.229332, 27.490488], [95.229019, 27.481701], [95.229843, 27.47723], [95.220657, 27.462931], [95.229599, 27.4519], [95.233429, 27.445061], [95.238182, 27.43984], [95.24395, 27.43795], [95.251457, 27.43782], [95.251106, 27.431499], [95.259613, 27.422873], [95.257973, 27.41556], [95.266098, 27.41176], [95.269783, 27.410711], [95.277069, 27.41684], [95.281891, 27.415062], [95.284157, 27.41297], [95.295311, 27.417011], [95.300949, 27.414101], [95.306976, 27.403721], [95.314339, 27.396749], [95.324226, 27.394569], [95.339737, 27.39476], [95.350311, 27.397011], [95.375847, 27.38607], [95.37957, 27.39086], [95.377762, 27.39723], [95.396553, 27.396931], [95.415192, 27.390249], [95.419243, 27.387381], [95.424187, 27.38055], [95.431068, 27.37764], [95.440498, 27.36862], [95.450127, 27.37476], [95.473541, 27.370201], [95.476013, 27.348181], [95.460457, 27.34428], [95.452339, 27.335791], [95.463631, 27.327131], [95.467537, 27.31517], [95.469948, 27.312099], [95.451111, 27.300751], [95.457573, 27.291168], [95.465317, 27.277309], [95.464706, 27.2726], [95.445763, 27.26232], [95.446678, 27.258018], [95.454163, 27.24008], [95.45768, 27.2381], [95.462257, 27.246021], [95.459053, 27.25351], [95.469101, 27.265511], [95.473396, 27.26889], [95.476677, 27.259062], [95.48172, 27.25882], [95.486969, 27.256653], [95.4879, 27.252008], [95.490997, 27.248699], [95.487228, 27.246031], [95.480553, 27.23234], [95.47451, 27.22687], [95.4739, 27.22365], [95.470673, 27.223211], [95.469429, 27.21826], [95.459709, 27.21343], [95.4589, 27.20957], [95.462051, 27.203011], [95.465813, 27.19743], [95.468643, 27.1905], [95.467117, 27.185551], [95.463669, 27.182121], [95.46801, 27.172291], [95.463837, 27.167021], [95.45871, 27.163288], [95.4599, 27.160419], [95.463318, 27.15954], [95.465073, 27.15761], [95.465851, 27.1548], [95.463676, 27.15036], [95.461067, 27.140221], [95.457787, 27.135641], [95.4534, 27.13588], [95.450752, 27.13884], [95.447136, 27.13833], [95.44558, 27.134291], [95.440987, 27.132811], [95.429192, 27.13405], [95.420273, 27.130781], [95.406311, 27.11832], [95.396149, 27.11447], [95.386116, 27.11171], [95.385468, 27.105091], [95.376976, 27.10218]]]}, "properties": {"name": "Dibrugarh", "state": "Assam"}}, {"type": "Feature", "geometry": {"type": "Polygon", "coordinates": [[[92.542946, 25.0996], [92.540817, 25.10413], [92.533058, 25.112148], [92.531326, 25.119902], [92.530243, 25.121861], [92.525223, 25.12558], [92.524666, 25.14003], [92.527466, 25.13994], [92.53019, 25.136822], [92.535629, 25.134413], [92.53994, 25.13728], [92.543129, 25.135019], [92.553169, 25.130711], [92.557846, 25.129971], [92.565498, 25.131281], [92.568039, 25.130091], [92.579033, 25.13201], [92.581688, 25.13187], [92.594437, 25.12829], [92.598427, 25.12471], [92.603149, 25.12499], [92.610031, 25.1241], [92.621643, 25.117701], [92.624702, 25.11869], [92.629967, 25.125031], [92.630798, 25.13184], [92.632423, 25.13756], [92.638008, 25.14522], [92.644051, 25.151171], [92.64827, 25.152653], [92.651207, 25.152401], [92.655716, 25.154131], [92.659538, 25.159121], [92.660812, 25.162252], [92.662979, 25.172991], [92.664337, 25.17536], [92.666908, 25.177061], [92.672241, 25.17816], [92.67704, 25.18219], [92.679428, 25.18309], [92.682846, 25.182041], [92.687622, 25.18232], [92.693939, 25.181351], [92.704613, 25.190521], [92.716217, 25.194159], [92.724167, 25.1992], [92.733337, 25.20322], [92.742027, 25.203091], [92.747139, 25.207769], [92.751686, 25.20735], [92.754539, 25.205372], [92.758896, 25.204029], [92.763451, 25.20385], [92.767647, 25.20476], [92.779572, 25.20311], [92.78775, 25.20953], [92.792892, 25.212353], [92.798431, 25.213449], [92.803566, 25.217239], [92.80442, 25.21933], [92.803093, 25.22151], [92.79435, 25.226009], [92.786308, 25.231401], [92.77224, 25.233259], [92.770287, 25.2402], [92.764648, 25.24935], [92.776703, 25.260538], [92.776176, 25.262939], [92.76976, 25.26893], [92.779472, 25.273762], [92.78212, 25.275921], [92.789139, 25.278522], [92.792221, 25.285181], [92.792221, 25.286798], [92.788826, 25.29154], [92.786911, 25.300671], [92.783836, 25.308001], [92.784737, 25.311529], [92.788017, 25.31761], [92.78437, 25.332539], [92.782463, 25.33429], [92.772453, 25.339611], [92.76947, 25.339508], [92.763268, 25.33559], [92.760567, 25.335279], [92.758759, 25.339861], [92.75116, 25.348471], [92.750099, 25.35438], [92.748238, 25.35811], [92.745667, 25.361139], [92.740608, 25.363729], [92.740097, 25.364641], [92.740593, 25.366781], [92.736107, 25.37381], [92.737053, 25.38125], [92.73481, 25.3825], [92.725433, 25.38043], [92.721367, 25.37549], [92.720566, 25.374903], [92.718102, 25.374983], [92.716362, 25.379341], [92.712898, 25.384541], [92.709732, 25.38612], [92.702927, 25.38662], [92.700378, 25.387791], [92.69352, 25.39999], [92.688171, 25.404421], [92.680046, 25.408581], [92.673767, 25.417141], [92.670937, 25.416719], [92.667038, 25.41408], [92.663689, 25.40937], [92.660103, 25.41036], [92.656883, 25.415701], [92.653656, 25.423941], [92.654282, 25.435341], [92.650543, 25.431669], [92.641632, 25.419533], [92.63961, 25.41963], [92.639229, 25.42037], [92.637917, 25.422661], [92.637917, 25.42882], [92.63266, 25.433142], [92.629303, 25.434641], [92.628517, 25.430611], [92.629311, 25.426991], [92.628647, 25.42503], [92.620636, 25.423719], [92.617889, 25.422022], [92.614777, 25.417431], [92.611839, 25.416121], [92.609093, 25.416571], [92.60701, 25.418539], [92.606972, 25.427181], [92.607758, 25.430351], [92.605293, 25.441912], [92.605553, 25.44836], [92.604507, 25.450191], [92.601143, 25.452391], [92.600189, 25.453873], [92.59977, 25.45705], [92.601387, 25.46414], [92.59816, 25.471651], [92.593697, 25.47101], [92.585442, 25.467581], [92.582291, 25.472891], [92.57148, 25.464071], [92.56913, 25.46479], [92.567413, 25.46747], [92.566551, 25.475121], [92.567833, 25.48077], [92.575592, 25.490431], [92.581047, 25.495159], [92.5895, 25.499519], [92.593582, 25.50308], [92.605591, 25.50812], [92.609596, 25.512609], [92.621628, 25.515751], [92.627609, 25.522211], [92.637627, 25.528528], [92.644699, 25.537441], [92.644966, 25.5466], [92.649879, 25.560011], [92.657356, 25.563381], [92.660652, 25.570318], [92.660721, 25.581841], [92.663109, 25.57785], [92.663963, 25.57399], [92.665306, 25.576139], [92.666656, 25.57535], [92.669189, 25.575722], [92.682991, 25.579161], [92.684616, 25.58148], [92.681023, 25.583681], [92.68177, 25.586922], [92.691208, 25.596291], [92.697487, 25.600641], [92.702332, 25.602133], [92.708656, 25.60173], [92.711067, 25.602291], [92.714859, 25.601521], [92.718307, 25.592451], [92.719238, 25.59247], [92.741188, 25.597721], [92.746483, 25.599979], [92.749977, 25.602673], [92.751472, 25.606192], [92.750198, 25.608879], [92.752388, 25.61541], [92.76284, 25.620131], [92.765633, 25.61912], [92.76757, 25.621561], [92.767342, 25.62421], [92.762909, 25.628523], [92.762932, 25.63113], [92.769516, 25.636499], [92.772057, 25.642052], [92.780983, 25.649698], [92.787697, 25.658058], [92.788101, 25.66358], [92.784241, 25.67086], [92.778587, 25.676901], [92.777, 25.68045], [92.780891, 25.683599], [92.789703, 25.68807], [92.792778, 25.690458], [92.797958, 25.691151], [92.799507, 25.693411], [92.805817, 25.703091], [92.811951, 25.70455], [92.816086, 25.71328], [92.818489, 25.71526], [92.82325, 25.7278], [92.823471, 25.730633], [92.821312, 25.738611], [92.821411, 25.742531], [92.822586, 25.74357], [92.828262, 25.746231], [92.83194, 25.746443], [92.833199, 25.747129], [92.834877, 25.74992], [92.837769, 25.75202], [92.843201, 25.751621], [92.850098, 25.753759], [92.856728, 25.753773], [92.86924, 25.75753], [92.886673, 25.760578], [92.891777, 25.763231], [92.906349, 25.76741], [92.910446, 25.769341], [92.914543, 25.77244], [92.921303, 25.77347], [92.926826, 25.779179], [92.929016, 25.78352], [92.928223, 25.7876], [92.93174, 25.805698], [92.930573, 25.810301], [92.935852, 25.808681], [92.944008, 25.807501], [92.952263, 25.813499], [92.953957, 25.8134], [92.962349, 25.819761], [92.964867, 25.820198], [92.966843, 25.81934], [92.966278, 25.81778], [92.959358, 25.811441], [92.957733, 25.80821], [92.957977, 25.80331], [92.968979, 25.795881], [92.971336, 25.7929], [92.968842, 25.788568], [92.969116, 25.787361], [92.970177, 25.786793], [92.972076, 25.7875], [92.975792, 25.790348], [92.982956, 25.79376], [92.983566, 25.793261], [92.98201, 25.788971], [92.985268, 25.78607], [92.988716, 25.78956], [92.990288, 25.798151], [92.98848, 25.80562], [92.984573, 25.809151], [92.984489, 25.81185], [92.988457, 25.822359], [92.990158, 25.82469], [92.991852, 25.826078], [92.99913, 25.82254], [93.006683, 25.809158], [93.010239, 25.79426], [93.016777, 25.79266], [93.019562, 25.798658], [93.026146, 25.798571], [93.029968, 25.793949], [93.036453, 25.79076], [93.053398, 25.782713], [93.062569, 25.780981], [93.07193, 25.77754], [93.070961, 25.776751], [93.069237, 25.77338], [93.070488, 25.769852], [93.074928, 25.76968], [93.080856, 25.766161], [93.087463, 25.77459], [93.099442, 25.777151], [93.102371, 25.77589], [93.10836, 25.777231], [93.109863, 25.77387], [93.124413, 25.76552], [93.128387, 25.76565], [93.130989, 25.764273], [93.131767, 25.75905], [93.129768, 25.75317], [93.132713, 25.750172], [93.147377, 25.740492], [93.150551, 25.740641], [93.149971, 25.732651], [93.148346, 25.72596], [93.14576, 25.72208], [93.144623, 25.716028], [93.141312, 25.71328], [93.138847, 25.70927], [93.138008, 25.70513], [93.138641, 25.697071], [93.13755, 25.693331], [93.132889, 25.686871], [93.136917, 25.679562], [93.138657, 25.67198], [93.142593, 25.66703], [93.146027, 25.66419], [93.16494, 25.663641], [93.17086, 25.66186], [93.174683, 25.65472], [93.173683, 25.652651], [93.176178, 25.65089], [93.179916, 25.64588], [93.184059, 25.64213], [93.190956, 25.632151], [93.191643, 25.628523], [93.181717, 25.6196], [93.180481, 25.617401], [93.17984, 25.61273], [93.180733, 25.608191], [93.180443, 25.60541], [93.172546, 25.60113], [93.172768, 25.598532], [93.181511, 25.591921], [93.184486, 25.586601], [93.189178, 25.585461], [93.19294, 25.572781], [93.197166, 25.56823], [93.200363, 25.566721], [93.202377, 25.566629], [93.202362, 25.563181], [93.200493, 25.560329], [93.202347, 25.55863], [93.205498, 25.558901], [93.208618, 25.556919], [93.21254, 25.54731], [93.214691, 25.546362], [93.216583, 25.54804], [93.217972, 25.551861], [93.223221, 25.55175], [93.231873, 25.54755], [93.236542, 25.547331], [93.242973, 25.548611], [93.252419, 25.54924], [93.261658, 25.548201], [93.265121, 25.54859], [93.268028, 25.544783], [93.267952, 25.539942], [93.270996, 25.533932], [93.277588, 25.53229], [93.289871, 25.54348], [93.297783, 25.548201], [93.303307, 25.535141], [93.306877, 25.532061], [93.311813, 25.532013], [93.322517, 25.53323], [93.325577, 25.53614], [93.331741, 25.54681], [93.335747, 25.54541], [93.340393, 25.537291], [93.344582, 25.536079], [93.349228, 25.538328], [93.352341, 25.537571], [93.350166, 25.53367], [93.354179, 25.531191], [93.357567, 25.52767], [93.360046, 25.520323], [93.364723, 25.516169], [93.366821, 25.512873], [93.365021, 25.510139], [93.366898, 25.50787], [93.371147, 25.50515], [93.371819, 25.501131], [93.383041, 25.497568], [93.386368, 25.493351], [93.3871, 25.490311], [93.390503, 25.485628], [93.391312, 25.48143], [93.391037, 25.478043], [93.391907, 25.474201], [93.390419, 25.46917], [93.39592, 25.464121], [93.402916, 25.459183], [93.417107, 25.452791], [93.42202, 25.4548], [93.427513, 25.455261], [93.434959, 25.454773], [93.443596, 25.450609], [93.456871, 25.44195], [93.461868, 25.434698], [93.465149, 25.423403], [93.465408, 25.415871], [93.463257, 25.410961], [93.467186, 25.403061], [93.473938, 25.39311], [93.477287, 25.386009], [93.478218, 25.379883], [93.466263, 25.361731], [93.462318, 25.35887], [93.453743, 25.34812], [93.451889, 25.344191], [93.457909, 25.340919], [93.461937, 25.33659], [93.45797, 25.330051], [93.456703, 25.32526], [93.463127, 25.31986], [93.467979, 25.31381], [93.474022, 25.30928], [93.465591, 25.299051], [93.459969, 25.294731], [93.451973, 25.294748], [93.444817, 25.292311], [93.438637, 25.286551], [93.42643, 25.281061], [93.423317, 25.27791], [93.423309, 25.272161], [93.420708, 25.26626], [93.412056, 25.263451], [93.406342, 25.26408], [93.403572, 25.263071], [93.394592, 25.250299], [93.388718, 25.24592], [93.3871, 25.242392], [93.387627, 25.23204], [93.385513, 25.228558], [93.384796, 25.225731], [93.381989, 25.223869], [93.379501, 25.220791], [93.37809, 25.216101], [93.369583, 25.208061], [93.370567, 25.20359], [93.368538, 25.20005], [93.362221, 25.195608], [93.360817, 25.191959], [93.353073, 25.181801], [93.349152, 25.166731], [93.347359, 25.163891], [93.348839, 25.157171], [93.348557, 25.15349], [93.351013, 25.144541], [93.346863, 25.137701], [93.3489, 25.13479], [93.346077, 25.129869], [93.347046, 25.12746], [93.349213, 25.125408], [93.346443, 25.12509], [93.34436, 25.12133], [93.344353, 25.11615], [93.340462, 25.11442], [93.339172, 25.106409], [93.335777, 25.09584], [93.329506, 25.0945], [93.323631, 25.091671], [93.322342, 25.088381], [93.312721, 25.077959], [93.310791, 25.07263], [93.308792, 25.070593], [93.306076, 25.064421], [93.308929, 25.058521], [93.304253, 25.05603], [93.304596, 25.047993], [93.30246, 25.048189], [93.302406, 25.051941], [93.300087, 25.052601], [93.299339, 25.050461], [93.296982, 25.04767], [93.291893, 25.047091], [93.286873, 25.046801], [93.284492, 25.05155], [93.268181, 25.049681], [93.267799, 25.048809], [93.269463, 25.046591], [93.268356, 25.04409], [93.262917, 25.04184], [93.263916, 25.03891], [93.263809, 25.035921], [93.25985, 25.03207], [93.255608, 25.028681], [93.258369, 25.0252], [93.25779, 25.021742], [93.25383, 25.021351], [93.24884, 25.018801], [93.251717, 25.01602], [93.249161, 25.013161], [93.246696, 25.004168], [93.246948, 25.003632], [93.247467, 25.003281], [93.248077, 25.003031], [93.248688, 25.002901], [93.249359, 25.002872], [93.25, 25.002951], [93.250641, 25.00316], [93.251213, 25.003481], [93.251816, 25.004181], [93.253479, 25.006371], [93.255211, 25.00421], [93.255333, 25.003641], [93.255806, 25.00326], [93.256462, 25.003111], [93.257103, 25.003191], [93.257683, 25.003502], [93.258003, 25.00421], [93.259903, 25.006451], [93.262451, 25.006029], [93.263321, 25.004238], [93.261436, 25.000921], [93.257111, 25.00094], [93.255676, 25.002201], [93.255623, 24.99971], [93.257057, 24.99847], [93.256958, 24.996021], [93.255257, 24.992401], [93.252022, 24.98881], [93.253258, 24.98637], [93.253021, 24.98266], [93.251526, 24.981421], [93.254326, 24.97892], [93.252876, 24.975149], [93.247276, 24.97097], [93.244461, 24.970949], [93.244431, 24.973461], [93.243027, 24.975981], [93.240257, 24.975971], [93.23893, 24.979719], [93.237526, 24.97971], [93.23613, 24.977211], [93.234749, 24.9772], [93.229271, 24.979719], [93.233551, 24.98596], [93.232178, 24.987211], [93.229439, 24.98847], [93.22525, 24.98724], [93.223862, 24.988503], [93.219696, 24.98978], [93.216896, 24.989798], [93.214058, 24.98605], [93.207047, 24.98357], [93.201401, 24.98609], [93.198563, 24.988611], [93.199989, 24.991119], [93.19857, 24.993629], [93.194321, 24.99489], [93.190018, 24.993641], [93.190033, 24.99992], [93.187172, 24.99992], [93.186172, 24.99818], [93.184822, 24.998211], [93.184319, 24.998663], [93.181183, 24.998663], [93.17115, 25.00001], [93.072243, 25.00046], [93.072273, 25.003349], [93.068909, 25.005791], [93.063499, 25.00518], [93.062569, 25.009399], [93.059113, 25.01112], [93.059532, 25.01491], [93.061699, 25.01742], [93.064133, 25.01848], [93.06115, 25.025831], [93.057426, 25.02709], [93.057007, 25.029949], [93.050102, 25.035822], [93.040543, 25.039381], [93.03875, 25.042761], [93.02951, 25.049931], [93.026428, 25.055281], [93.017807, 25.064251], [93.023857, 25.07663], [93.030479, 25.078239], [93.041542, 25.088051], [93.048088, 25.09672], [93.049767, 25.102041], [93.044182, 25.106079], [93.033546, 25.10652], [93.022148, 25.102701], [93.019318, 25.098398], [93.00843, 25.099253], [93.000061, 25.098269], [92.993713, 25.098101], [92.988617, 25.096609], [92.983063, 25.09041], [92.978607, 25.087881], [92.968208, 25.091471], [92.96254, 25.091242], [92.957397, 25.089121], [92.956268, 25.086571], [92.956032, 25.076321], [92.952049, 25.073339], [92.946136, 25.073339], [92.942062, 25.077391], [92.935806, 25.080021], [92.923851, 25.0825], [92.914207, 25.08304], [92.901756, 25.082331], [92.889793, 25.07662], [92.885811, 25.07106], [92.882927, 25.0697], [92.875648, 25.067961], [92.869957, 25.06875], [92.866013, 25.066418], [92.858658, 25.06605], [92.856232, 25.064993], [92.852669, 25.061491], [92.84127, 25.055908], [92.835968, 25.05769], [92.831268, 25.063051], [92.830536, 25.0646], [92.83094, 25.071171], [92.829102, 25.074211], [92.827316, 25.075281], [92.80854, 25.08584], [92.80265, 25.088079], [92.798813, 25.088551], [92.788116, 25.087749], [92.786003, 25.08795], [92.783516, 25.089251], [92.776772, 25.097361], [92.767639, 25.106121], [92.768318, 25.113331], [92.767258, 25.119591], [92.765503, 25.123901], [92.759598, 25.130569], [92.756363, 25.14123], [92.750389, 25.13835], [92.74649, 25.137911], [92.739777, 25.143181], [92.738342, 25.141781], [92.737267, 25.14212], [92.736351, 25.143539], [92.733208, 25.14547], [92.731743, 25.140268], [92.737251, 25.130711], [92.737976, 25.128189], [92.737236, 25.12668], [92.728157, 25.11961], [92.725891, 25.114691], [92.722847, 25.115459], [92.720177, 25.118019], [92.716583, 25.12006], [92.712486, 25.11857], [92.707596, 25.113451], [92.701736, 25.11125], [92.698082, 25.112009], [92.696251, 25.11331], [92.692497, 25.11639], [92.687149, 25.116911], [92.684761, 25.116291], [92.677261, 25.111191], [92.672417, 25.11062], [92.666107, 25.11302], [92.66217, 25.11573], [92.660339, 25.116131], [92.657143, 25.11544], [92.655922, 25.11739], [92.652313, 25.119541], [92.647896, 25.120291], [92.643188, 25.119261], [92.638626, 25.116158], [92.636482, 25.111399], [92.634521, 25.110291], [92.630241, 25.110291], [92.626503, 25.108978], [92.622963, 25.10433], [92.620827, 25.104362], [92.613541, 25.106871], [92.605003, 25.112751], [92.602913, 25.11261], [92.595978, 25.108431], [92.587433, 25.1073], [92.579659, 25.104681], [92.574448, 25.103849], [92.56562, 25.103451], [92.560188, 25.10639], [92.558167, 25.10578], [92.548737, 25.105961], [92.544601, 25.099331], [92.542946, 25.0996]]]}, "properties": {"name": "Dima Hasao", "state": "Assam"}}, {"type": "Feature", "geometry": {"type": "Polygon", "coordinates": [[[90.778061, 25.908291], [90.769051, 25.90851], [90.757721, 25.911072], [90.757629, 25.916571], [90.758949, 25.92164], [90.750061, 25.919241], [90.745438, 25.912291], [90.74234, 25.912951], [90.74054, 25.915211], [90.746193, 25.92193], [90.75264, 25.93396], [90.75071, 25.93408], [90.747467, 25.93232], [90.744133, 25.932791], [90.740303, 25.940891], [90.744698, 25.946501], [90.74379, 25.94943], [90.746048, 25.952641], [90.747437, 25.957321], [90.743553, 25.956673], [90.740288, 25.95491], [90.732269, 25.95256], [90.725403, 25.948771], [90.72068, 25.949171], [90.717743, 25.954708], [90.713097, 25.952183], [90.686043, 25.950809], [90.675652, 25.93648], [90.670189, 25.934259], [90.653992, 25.929663], [90.637833, 25.92333], [90.627327, 25.91699], [90.626862, 25.91127], [90.628937, 25.906549], [90.626717, 25.90136], [90.624809, 25.898899], [90.614197, 25.899509], [90.610748, 25.90745], [90.608093, 25.908018], [90.606506, 25.912281], [90.607567, 25.91958], [90.629013, 25.937429], [90.605392, 25.946951], [90.601936, 25.95178], [90.59185, 25.95212], [90.587273, 25.953913], [90.582458, 25.959791], [90.578796, 25.958031], [90.572777, 25.948151], [90.572739, 25.944], [90.571373, 25.93903], [90.56324, 25.93557], [90.55336, 25.929121], [90.546822, 25.91988], [90.539177, 25.915461], [90.533607, 25.9088], [90.525482, 25.901011], [90.518013, 25.896481], [90.512543, 25.89624], [90.511101, 25.900141], [90.518517, 25.909401], [90.526161, 25.92828], [90.532211, 25.932552], [90.533783, 25.936293], [90.534798, 25.945641], [90.534462, 25.958021], [90.529839, 25.961861], [90.524063, 25.9699], [90.513557, 25.98237], [90.505737, 25.996021], [90.500137, 26.001362], [90.497932, 26.003651], [90.492363, 26.00651], [90.489586, 26.00964], [90.481216, 26.014023], [90.477287, 26.015261], [90.470901, 26.0126], [90.465302, 26.007221], [90.459099, 26.003231], [90.457916, 26.001341], [90.45752, 25.999573], [90.447113, 25.996531], [90.428627, 25.98904], [90.417427, 25.99234], [90.416496, 25.996851], [90.41394, 26.00132], [90.411041, 26.005871], [90.407562, 26.007561], [90.400192, 26.009281], [90.397293, 26.01223], [90.3965, 26.014151], [90.393951, 26.014101], [90.387367, 26.011263], [90.380806, 26.011648], [90.36499, 26.010321], [90.346657, 26.002953], [90.344856, 26.00124], [90.339317, 25.996861], [90.336922, 25.99017], [90.329948, 25.988501], [90.329056, 25.982698], [90.324341, 25.97438], [90.286583, 25.9639], [90.277817, 25.963173], [90.227371, 25.955139], [90.212761, 25.95389], [90.211121, 25.955641], [90.208443, 25.961573], [90.193962, 25.957001], [90.189453, 25.953239], [90.185669, 25.94557], [90.18251, 25.94445], [90.180527, 25.947001], [90.176117, 25.957083], [90.172653, 25.95875], [90.168488, 25.95738], [90.163498, 25.957361], [90.158386, 25.95826], [90.154488, 25.960211], [90.153397, 25.964701], [90.147392, 25.964479], [90.14003, 25.958139], [90.134079, 25.957809], [90.128448, 25.958771], [90.12323, 25.957163], [90.120003, 25.95772], [90.118652, 25.96126], [90.118332, 25.966011], [90.122932, 25.969707], [90.127541, 25.967821], [90.130852, 25.968073], [90.13427, 25.972401], [90.143341, 25.97533], [90.144669, 25.98], [90.149612, 25.980871], [90.157112, 25.986933], [90.168762, 25.98881], [90.170677, 25.99011], [90.176277, 25.991081], [90.176117, 25.99559], [90.173492, 26.000921], [90.174423, 26.004553], [90.178566, 26.009781], [90.179176, 26.01265], [90.174309, 26.009621], [90.174919, 26.013361], [90.171188, 26.01667], [90.174828, 26.018843], [90.179878, 26.02013], [90.185173, 26.022581], [90.188751, 26.025101], [90.189659, 26.028372], [90.188438, 26.031841], [90.184471, 26.036812], [90.173859, 26.038481], [90.170677, 26.04022], [90.168091, 26.0434], [90.168427, 26.047831], [90.169563, 26.050819], [90.172867, 26.05686], [90.175362, 26.059771], [90.17688, 26.065361], [90.175018, 26.064428], [90.171196, 26.065903], [90.158371, 26.073973], [90.154236, 26.07802], [90.153259, 26.082281], [90.158226, 26.08382], [90.16156, 26.08592], [90.171127, 26.09491], [90.180717, 26.10708], [90.183693, 26.11265], [90.18605, 26.120178], [90.192467, 26.126539], [90.195007, 26.124283], [90.1978, 26.1234], [90.204361, 26.12377], [90.205971, 26.125669], [90.20697, 26.129061], [90.209793, 26.131121], [90.214523, 26.131151], [90.216736, 26.132629], [90.219017, 26.13769], [90.22438, 26.137953], [90.228279, 26.13908], [90.236366, 26.13858], [90.238602, 26.13966], [90.244217, 26.14814], [90.247543, 26.1688], [90.245972, 26.171803], [90.2453, 26.175249], [90.247299, 26.177551], [90.25676, 26.18066], [90.260933, 26.183121], [90.269417, 26.186241], [90.27298, 26.184601], [90.276817, 26.18516], [90.287483, 26.185949], [90.292168, 26.184429], [90.296539, 26.18198], [90.309792, 26.179491], [90.320702, 26.18034], [90.323936, 26.179459], [90.32753, 26.173849], [90.333443, 26.17312], [90.339966, 26.175381], [90.345993, 26.17594], [90.359459, 26.160229], [90.398506, 26.147896], [90.425232, 26.143785], [90.454002, 26.145842], [90.478668, 26.160229], [90.517715, 26.174616], [90.540329, 26.186949], [90.571159, 26.189001], [90.59993, 26.19928], [90.620483, 26.223944], [90.645149, 26.226], [90.658081, 26.227987], [90.660309, 26.22316], [90.66214, 26.220951], [90.662666, 26.218019], [90.66478, 26.213732], [90.666206, 26.21245], [90.66658, 26.2087], [90.669518, 26.204241], [90.674828, 26.185591], [90.689621, 26.158491], [90.691307, 26.153353], [90.694557, 26.15077], [90.69696, 26.149832], [90.706108, 26.147552], [90.709068, 26.139339], [90.71244, 26.13913], [90.711708, 26.137821], [90.711876, 26.13563], [90.713547, 26.13538], [90.718407, 26.13216], [90.721497, 26.13501], [90.730942, 26.135592], [90.73793, 26.13748], [90.754822, 26.13735], [90.772179, 26.135071], [90.776703, 26.134621], [90.78508, 26.13204], [90.803467, 26.123741], [90.814186, 26.121071], [90.821907, 26.117531], [90.831062, 26.115492], [90.837906, 26.111481], [90.84697, 26.11705], [90.858772, 26.113491], [90.859909, 26.1129], [90.862747, 26.106649], [90.868233, 26.098], [90.877533, 26.09535], [90.890617, 26.095091], [90.899597, 26.094151], [90.902138, 26.093718], [90.909241, 26.09037], [90.913239, 26.08952], [90.922798, 26.092531], [90.929558, 26.0973], [90.932671, 26.09812], [90.935631, 26.094271], [90.935806, 26.092461], [90.94014, 26.088751], [90.945366, 26.089951], [90.950027, 26.08149], [90.957779, 26.082371], [90.957848, 26.080669], [90.960983, 26.07567], [90.977982, 26.061691], [90.983643, 26.060541], [90.985909, 26.057953], [90.991226, 26.057421], [90.996696, 26.05534], [91.00264, 26.05335], [91.009628, 26.05319], [91.014893, 26.048483], [91.026489, 26.0403], [91.031197, 26.04216], [91.036552, 26.04541], [91.042259, 26.042561], [91.049477, 26.040831], [91.055061, 26.045151], [91.065956, 26.0445], [91.069443, 26.03705], [91.078087, 26.037573], [91.082947, 26.03084], [91.088562, 26.02924], [91.088539, 26.0243], [91.090233, 26.020361], [91.094063, 26.015751], [91.094223, 26.01252], [91.097496, 26.009838], [91.097427, 26.005411], [91.088768, 26.000841], [91.084747, 25.98278], [91.080887, 25.979641], [91.080406, 25.974213], [91.07402, 25.97167], [91.06736, 25.965033], [91.047951, 25.941551], [91.051582, 25.937851], [91.050819, 25.93387], [91.0448, 25.928391], [91.040642, 25.921768], [91.036751, 25.909458], [91.032982, 25.902679], [91.029922, 25.894461], [91.029221, 25.888048], [91.02829, 25.888571], [91.025681, 25.88838], [91.020607, 25.88728], [91.013733, 25.884319], [91.001328, 25.88649], [90.996887, 25.88868], [90.984802, 25.889933], [90.975388, 25.88945], [90.971329, 25.887671], [90.967453, 25.88718], [90.966606, 25.891001], [90.967308, 25.896641], [90.966896, 25.905331], [90.96064, 25.927698], [90.957916, 25.933943], [90.95385, 25.936703], [90.945572, 25.939121], [90.942749, 25.947571], [90.937492, 25.944761], [90.934662, 25.941141], [90.932068, 25.939672], [90.918343, 25.943161], [90.915878, 25.943161], [90.916298, 25.928141], [90.919113, 25.913311], [90.916077, 25.915058], [90.912529, 25.9203], [90.901192, 25.92959], [90.895378, 25.931511], [90.897041, 25.935381], [90.896461, 25.937469], [90.892387, 25.93906], [90.888359, 25.943621], [90.88298, 25.95175], [90.881439, 25.95064], [90.880226, 25.946251], [90.875237, 25.94912], [90.872406, 25.94673], [90.872887, 25.942923], [90.869606, 25.9424], [90.856796, 25.94433], [90.843239, 25.944811], [90.841042, 25.943171], [90.839836, 25.938433], [90.836761, 25.93819], [90.836197, 25.94726], [90.83226, 25.94528], [90.828003, 25.94743], [90.823883, 25.945101], [90.82045, 25.948429], [90.809891, 25.95216], [90.808693, 25.947189], [90.797096, 25.941471], [90.791702, 25.93574], [90.781677, 25.921249], [90.778488, 25.914301], [90.778061, 25.908291]]]}, "properties": {"name": "Goalpara", "state": "Assam"}}, {"type": "Feature", "geometry": {"type": "Polygon", "coordinates": [[[94.167671, 26.35331], [94.16938, 26.354061], [94.175339, 26.355131], [94.179993, 26.35412], [94.179283, 26.35084], [94.175507, 26.344219], [94.17215, 26.34441], [94.16452, 26.33934], [94.154533, 26.339981], [94.149323, 26.339081], [94.146713, 26.335421], [94.142242, 26.33604], [94.143837, 26.3402], [94.142647, 26.342131], [94.138771, 26.341553], [94.135658, 26.338219], [94.12397, 26.335911], [94.11937, 26.3337], [94.119362, 26.33049], [94.128723, 26.32325], [94.118408, 26.32272], [94.11129, 26.32605], [94.108047, 26.326401], [94.104477, 26.322041], [94.102676, 26.308691], [94.098076, 26.30294], [94.090286, 26.297131], [94.087227, 26.290421], [94.084442, 26.288601], [94.080063, 26.288811], [94.07682, 26.2852], [94.07782, 26.275351], [94.076019, 26.269239], [94.070473, 26.260031], [94.064636, 26.26177], [94.052856, 26.255791], [94.049133, 26.250212], [94.04422, 26.239969], [94.041786, 26.233891], [94.03817, 26.229511], [94.040466, 26.223511], [94.03656, 26.21771], [94.036819, 26.209721], [94.035736, 26.20319], [94.031097, 26.19939], [94.026619, 26.197149], [94.021957, 26.19146], [94.013, 26.186281], [94.008766, 26.180531], [94.004807, 26.173271], [94.003899, 26.16938], [94.004349, 26.16407], [93.999657, 26.158241], [94.002907, 26.151339], [94.006363, 26.14724], [94.005226, 26.141861], [94.003098, 26.139021], [93.999657, 26.136499], [93.996277, 26.137411], [93.993202, 26.13739], [93.990753, 26.133871], [93.993263, 26.132818], [93.998306, 26.13098], [93.998329, 26.129358], [93.996613, 26.128139], [93.996483, 26.12237], [93.992821, 26.12027], [93.991241, 26.11812], [93.994957, 26.115702], [93.999863, 26.11591], [94.002136, 26.114861], [94.002167, 26.11138], [93.999573, 26.108471], [93.994133, 26.106089], [93.992172, 26.09783], [93.992493, 26.092781], [93.990967, 26.089491], [93.986427, 26.088301], [93.986023, 26.083569], [93.989388, 26.07412], [93.991119, 26.072639], [93.980812, 26.058632], [93.974503, 26.05216], [93.972633, 26.044962], [93.965889, 26.0424], [93.963127, 26.033352], [93.962662, 26.02216], [93.958382, 26.01189], [93.954887, 26.00733], [93.955986, 26.00457], [93.958977, 26.002459], [93.960587, 25.997009], [93.958046, 25.981571], [93.956009, 25.97419], [93.969208, 25.96084], [93.970848, 25.95326], [93.971092, 25.944853], [93.982681, 25.92627], [93.979393, 25.91968], [93.971977, 25.91754], [93.96917, 25.911423], [93.960754, 25.905855], [93.959839, 25.905251], [93.948357, 25.901201], [93.940193, 25.900961], [93.934631, 25.89143], [93.923851, 25.889803], [93.915901, 25.887663], [93.913826, 25.881769], [93.90184, 25.871031], [93.898613, 25.86375], [93.89341, 25.864811], [93.891617, 25.858641], [93.88855, 25.852461], [93.882736, 25.845909], [93.873627, 25.85092], [93.868729, 25.85541], [93.851707, 25.86297], [93.842339, 25.86261], [93.832741, 25.856251], [93.824303, 25.847092], [93.821373, 25.832401], [93.81884, 25.826229], [93.811577, 25.82127], [93.807587, 25.816338], [93.795761, 25.81435], [93.791321, 25.816031], [93.790703, 25.820801], [93.788757, 25.826019], [93.787346, 25.827963], [93.784523, 25.835781], [93.782593, 25.838221], [93.78109, 25.844641], [93.779823, 25.84631], [93.783806, 25.84996], [93.782967, 25.8514], [93.783592, 25.85393], [93.781471, 25.85927], [93.785286, 25.86326], [93.785782, 25.866899], [93.791817, 25.869692], [93.790642, 25.873781], [93.788277, 25.875721], [93.787453, 25.878929], [93.791458, 25.890059], [93.791847, 25.894913], [93.795143, 25.898041], [93.795731, 25.901211], [93.798111, 25.906288], [93.798332, 25.909693], [93.796303, 25.918192], [93.792267, 25.92252], [93.79361, 25.926041], [93.793213, 25.930981], [93.78862, 25.932961], [93.793266, 25.936741], [93.79142, 25.94005], [93.79068, 25.944191], [93.789406, 25.94602], [93.786598, 25.947441], [93.789192, 25.949011], [93.789421, 25.952581], [93.786606, 25.954231], [93.785187, 25.9583], [93.780281, 25.960609], [93.778816, 25.963251], [93.773018, 25.966021], [93.769653, 25.967131], [93.771286, 25.969568], [93.773033, 25.97039], [93.777077, 25.971809], [93.779312, 25.971182], [93.782997, 25.98295], [93.784073, 25.98406], [93.787437, 25.982771], [93.790527, 25.97756], [93.794136, 25.9781], [93.7938, 25.982191], [93.798119, 25.980091], [93.801971, 25.981171], [93.804382, 25.980721], [93.80468, 25.98361], [93.806549, 25.98678], [93.805206, 25.98867], [93.801041, 25.98576], [93.800217, 25.98398], [93.79763, 25.984991], [93.797539, 25.988491], [93.795441, 25.99584], [93.799286, 25.997181], [93.801292, 26.00193], [93.807648, 25.998871], [93.804443, 26.004669], [93.802223, 26.007111], [93.798653, 26.006561], [93.798691, 26.004669], [93.798203, 26.003681], [93.797806, 26.003231], [93.79734, 26.002823], [93.796837, 26.00248], [93.796288, 26.002192], [93.795677, 26.001982], [93.795067, 26.001829], [93.794418, 26.001751], [93.793793, 26.001751], [93.793152, 26.00181], [93.792526, 26.001961], [93.791916, 26.002178], [93.791382, 26.002459], [93.790871, 26.002798], [93.79039, 26.003201], [93.789993, 26.003651], [93.78965, 26.004669], [93.791748, 26.00983], [93.787407, 26.013088], [93.784546, 26.01162], [93.785423, 26.018339], [93.789803, 26.017431], [93.793877, 26.01829], [93.792381, 26.022461], [93.787727, 26.02412], [93.786743, 26.027719], [93.791237, 26.030371], [93.792671, 26.034813], [93.799652, 26.032028], [93.798851, 26.03644], [93.793533, 26.039289], [93.790871, 26.03805], [93.788101, 26.034861], [93.784073, 26.036579], [93.782822, 26.043051], [93.785217, 26.04401], [93.790367, 26.044189], [93.79306, 26.043011], [93.795403, 26.045], [93.796333, 26.048521], [93.794083, 26.05228], [93.793396, 26.05687], [93.798103, 26.058941], [93.795387, 26.064821], [93.800812, 26.06868], [93.805199, 26.069889], [93.803886, 26.072571], [93.799049, 26.073139], [93.798141, 26.076061], [93.801033, 26.07938], [93.807961, 26.07412], [93.807991, 26.07682], [93.80584, 26.08173], [93.80677, 26.083288], [93.806091, 26.088449], [93.80677, 26.09001], [93.809677, 26.089991], [93.805511, 26.094021], [93.805916, 26.097193], [93.809349, 26.098381], [93.811737, 26.094271], [93.814583, 26.09189], [93.816147, 26.09409], [93.813828, 26.100679], [93.809982, 26.106201], [93.810471, 26.1089], [93.813622, 26.116228], [93.819298, 26.115223], [93.822533, 26.115492], [93.824272, 26.118561], [93.822273, 26.121799], [93.818672, 26.12532], [93.82093, 26.128679], [93.823059, 26.130251], [93.827072, 26.129961], [93.828072, 26.131861], [93.826393, 26.134029], [93.822083, 26.135469], [93.823448, 26.140661], [93.826523, 26.141541], [93.8284, 26.134621], [93.830841, 26.134029], [93.830452, 26.142351], [93.828217, 26.14846], [93.829643, 26.151703], [93.831429, 26.151562], [93.833557, 26.153301], [93.8312, 26.154421], [93.82679, 26.156322], [93.82901, 26.15704], [93.831879, 26.156561], [93.833443, 26.157721], [93.83342, 26.16049], [93.83577, 26.160631], [93.838356, 26.162552], [93.835281, 26.164351], [93.830948, 26.16453], [93.828491, 26.167313], [93.826157, 26.170391], [93.828728, 26.173401], [93.824188, 26.178688], [93.828461, 26.179611], [93.831093, 26.182859], [93.835983, 26.178841], [93.83606, 26.18309], [93.829849, 26.19084], [93.835083, 26.19486], [93.832748, 26.19799], [93.832901, 26.202311], [93.834869, 26.202091], [93.839233, 26.199621], [93.839691, 26.203251], [93.844093, 26.206751], [93.843102, 26.208752], [93.84063, 26.208832], [93.836288, 26.20586], [93.835617, 26.20797], [93.83654, 26.210751], [93.83886, 26.212891], [93.846321, 26.21644], [93.846497, 26.218], [93.845581, 26.21987], [93.840637, 26.219812], [93.841316, 26.221189], [93.844536, 26.22337], [93.847923, 26.2229], [93.849777, 26.220558], [93.853111, 26.21991], [93.854866, 26.220558], [93.857117, 26.223351], [93.858177, 26.230961], [93.864258, 26.239759], [93.86158, 26.244211], [93.861549, 26.2472], [93.859177, 26.24832], [93.851677, 26.24213], [93.84967, 26.244801], [93.851036, 26.24769], [93.856987, 26.25071], [93.859596, 26.251381], [93.866928, 26.24929], [93.868713, 26.250563], [93.866829, 26.253071], [93.863632, 26.25441], [93.863533, 26.25705], [93.866722, 26.25819], [93.869888, 26.258289], [93.868599, 26.263613], [93.872177, 26.26366], [93.876686, 26.26964], [93.869156, 26.27149], [93.870079, 26.274549], [93.874123, 26.277241], [93.87339, 26.279251], [93.875328, 26.28134], [93.880997, 26.27681], [93.884308, 26.27634], [93.883301, 26.280701], [93.878502, 26.28311], [93.874397, 26.28702], [93.877151, 26.293961], [93.874832, 26.29686], [93.870079, 26.300591], [93.873253, 26.301998], [93.872856, 26.30378], [93.873718, 26.305401], [93.878937, 26.305132], [93.887711, 26.30691], [93.886391, 26.311548], [93.884377, 26.314053], [93.877121, 26.313492], [93.87886, 26.317661], [93.885513, 26.316881], [93.888786, 26.31876], [93.88588, 26.323551], [93.886726, 26.325232], [93.888916, 26.324343], [93.894707, 26.318727], [93.897102, 26.320881], [93.894493, 26.325439], [93.889328, 26.32733], [93.889923, 26.32987], [93.895271, 26.33217], [93.895393, 26.335279], [93.889908, 26.33165], [93.889641, 26.3382], [93.891197, 26.346088], [93.884956, 26.3459], [93.88562, 26.350561], [93.889687, 26.350611], [93.889229, 26.353361], [93.885986, 26.35751], [93.885582, 26.359819], [93.888496, 26.360823], [93.888321, 26.36525], [93.885422, 26.367041], [93.889923, 26.36969], [93.892677, 26.37294], [93.894257, 26.376289], [93.888458, 26.37582], [93.8853, 26.376801], [93.885376, 26.38072], [93.889771, 26.38278], [93.89006, 26.386011], [93.886169, 26.386358], [93.884506, 26.3911], [93.884521, 26.397829], [93.869522, 26.393501], [93.867798, 26.398529], [93.862747, 26.40053], [93.861847, 26.405411], [93.859596, 26.4086], [93.853668, 26.40881], [93.849106, 26.411671], [93.8386, 26.415491], [93.832687, 26.42083], [93.828102, 26.42116], [93.827873, 26.418051], [93.825996, 26.41551], [93.824699, 26.41169], [93.820686, 26.406641], [93.816246, 26.403358], [93.813026, 26.40274], [93.809433, 26.399137], [93.807442, 26.400141], [93.803223, 26.39497], [93.799507, 26.393478], [93.795357, 26.38648], [93.796043, 26.383963], [93.794746, 26.38101], [93.789452, 26.38106], [93.783989, 26.384722], [93.776428, 26.387661], [93.77774, 26.390732], [93.780678, 26.390242], [93.786827, 26.398031], [93.791077, 26.400742], [93.793152, 26.406563], [93.796257, 26.408781], [93.798988, 26.409571], [93.801857, 26.413851], [93.797729, 26.41357], [93.785507, 26.41679], [93.783806, 26.421881], [93.782852, 26.42618], [93.789146, 26.428329], [93.795387, 26.433531], [93.793922, 26.438742], [93.786926, 26.43807], [93.785851, 26.441511], [93.787933, 26.443722], [93.793777, 26.44466], [93.791481, 26.45393], [93.787689, 26.45767], [93.788399, 26.461931], [93.787903, 26.467091], [93.778923, 26.471451], [93.772896, 26.478479], [93.772926, 26.481373], [93.775391, 26.48037], [93.777367, 26.478392], [93.779533, 26.48036], [93.779556, 26.483011], [93.776329, 26.491171], [93.767403, 26.505468], [93.766403, 26.51022], [93.758606, 26.5107], [93.756706, 26.515261], [93.758713, 26.51833], [93.755951, 26.519901], [93.755516, 26.523691], [93.758606, 26.526199], [93.759186, 26.5308], [93.751427, 26.534491], [93.747437, 26.53191], [93.742996, 26.541271], [93.73793, 26.53793], [93.73484, 26.54109], [93.735291, 26.544201], [93.74054, 26.54393], [93.741386, 26.546871], [93.740067, 26.550131], [93.736206, 26.55319], [93.736298, 26.5553], [93.738228, 26.55987], [93.737526, 26.563299], [93.739059, 26.564529], [93.740097, 26.56242], [93.742607, 26.566191], [93.740791, 26.57317], [93.751869, 26.580551], [93.752502, 26.582479], [93.750481, 26.585661], [93.747543, 26.586811], [93.742943, 26.586637], [93.738747, 26.58894], [93.737488, 26.59271], [93.733871, 26.597021], [93.723572, 26.59906], [93.722687, 26.60704], [93.718231, 26.607901], [93.685593, 26.609381], [93.678963, 26.603722], [93.676033, 26.60384], [93.670937, 26.607161], [93.670456, 26.605841], [93.665451, 26.60214], [93.661369, 26.60605], [93.658127, 26.605722], [93.648926, 26.602892], [93.648613, 26.600868], [93.649986, 26.597721], [93.646179, 26.59733], [93.640381, 26.60144], [93.636612, 26.60018], [93.62561, 26.593861], [93.628532, 26.589888], [93.624916, 26.57859], [93.620003, 26.5734], [93.622231, 26.56809], [93.617493, 26.57077], [93.61335, 26.569521], [93.616989, 26.5749], [93.614876, 26.58004], [93.609787, 26.578758], [93.603577, 26.575911], [93.586853, 26.571701], [93.588158, 26.57362], [93.587799, 26.577049], [93.585266, 26.58477], [93.586487, 26.58795], [93.588097, 26.59734], [93.592567, 26.60062], [93.591713, 26.603189], [93.587967, 26.606819], [93.570671, 26.606741], [93.568199, 26.61031], [93.559311, 26.611551], [93.555946, 26.608973], [93.551193, 26.60741], [93.546242, 26.6071], [93.542557, 26.603611], [93.533188, 26.598122], [93.511116, 26.596518], [93.508873, 26.598619], [93.504539, 26.61175], [93.497543, 26.614931], [93.497627, 26.607462], [93.483803, 26.606781], [93.478973, 26.604691], [93.476677, 26.600458], [93.472, 26.596651], [93.472633, 26.593451], [93.47802, 26.591352], [93.488701, 26.593821], [93.494263, 26.593901], [93.494347, 26.59137], [93.49205, 26.58848], [93.485123, 26.585892], [93.475693, 26.584709], [93.469467, 26.578362], [93.465172, 26.571621], [93.4599, 26.573441], [93.463303, 26.577169], [93.466721, 26.583191], [93.468353, 26.588791], [93.464363, 26.58717], [93.458122, 26.57719], [93.454941, 26.57807], [93.457397, 26.582701], [93.456558, 26.58396], [93.446136, 26.57959], [93.424049, 26.57683], [93.417633, 26.574888], [93.412292, 26.570551], [93.403748, 26.57329], [93.402, 26.574871], [93.407333, 26.57737], [93.402328, 26.579121], [93.402641, 26.583549], [93.393433, 26.580761], [93.378807, 26.580931], [93.36805, 26.584311], [93.335533, 26.585571], [93.32016, 26.58514], [93.315376, 26.581211], [93.314079, 26.57826], [93.311943, 26.579491], [93.307442, 26.578831], [93.300476, 26.575451], [93.298653, 26.57748], [93.301262, 26.58007], [93.302879, 26.581091], [93.304817, 26.58342], [93.294838, 26.58889], [93.29435, 26.59124], [93.296471, 26.594891], [93.30072, 26.607651], [93.294403, 26.61949], [93.286697, 26.63769], [93.290947, 26.639771], [93.309662, 26.639391], [93.314903, 26.64292], [93.319801, 26.651911], [93.320702, 26.65979], [93.311279, 26.665951], [93.309898, 26.671551], [93.317657, 26.678122], [93.319977, 26.681601], [93.317253, 26.683691], [93.317139, 26.688169], [93.309097, 26.694233], [93.307457, 26.700863], [93.319099, 26.705191], [93.323227, 26.708891], [93.329819, 26.709051], [93.33593, 26.710253], [93.340286, 26.71806], [93.342201, 26.72591], [93.347496, 26.734331], [93.357567, 26.74028], [93.372177, 26.745398], [93.380516, 26.74721], [93.403381, 26.755791], [93.40789, 26.754648], [93.415428, 26.750351], [93.431847, 26.747391], [93.443497, 26.748911], [93.449249, 26.75416], [93.460869, 26.75985], [93.471176, 26.761909], [93.492622, 26.759941], [93.509438, 26.763359], [93.522293, 26.75828], [93.534187, 26.75679], [93.540222, 26.751261], [93.545433, 26.74502], [93.553856, 26.740501], [93.562607, 26.739241], [93.560257, 26.73094], [93.565933, 26.72694], [93.601112, 26.71892], [93.61879, 26.715611], [93.637756, 26.709579], [93.65007, 26.708193], [93.665596, 26.71727], [93.672203, 26.715982], [93.668381, 26.728451], [93.661331, 26.74011], [93.655083, 26.763969], [93.649239, 26.78076], [93.648056, 26.78718], [93.649986, 26.792261], [93.656342, 26.794823], [93.670799, 26.803421], [93.689209, 26.798571], [93.695816, 26.800961], [93.711166, 26.820751], [93.716797, 26.820431], [93.726936, 26.81805], [93.73745, 26.81175], [93.745293, 26.804003], [93.753601, 26.808531], [93.758148, 26.816978], [93.760353, 26.8258], [93.765678, 26.840219], [93.772171, 26.847031], [93.78933, 26.833549], [93.800743, 26.828098], [93.806923, 26.826271], [93.820213, 26.82662], [93.82518, 26.828648], [93.836937, 26.843849], [93.839409, 26.851858], [93.841972, 26.855518], [93.848701, 26.855619], [93.856743, 26.86105], [93.864746, 26.86121], [93.879326, 26.858829], [93.892723, 26.868191], [93.897247, 26.875259], [93.896523, 26.88236], [93.893036, 26.889771], [93.892517, 26.89402], [93.918457, 26.911751], [93.918732, 26.918011], [93.917862, 26.92535], [93.922752, 26.930031], [93.935097, 26.93288], [93.946739, 26.932138], [93.962532, 26.929531], [93.969002, 26.915661], [93.965927, 26.904383], [93.958519, 26.898979], [93.959709, 26.894772], [93.963387, 26.89113], [93.972397, 26.888309], [93.973289, 26.877211], [93.986526, 26.874559], [93.998627, 26.859291], [94.010742, 26.840021], [93.998703, 26.825941], [93.995422, 26.82419], [93.989349, 26.822691], [93.983582, 26.817263], [93.980377, 26.812443], [93.977821, 26.801889], [93.978577, 26.795111], [93.9795, 26.792311], [93.982979, 26.789972], [93.986496, 26.78915], [93.985176, 26.786421], [93.974876, 26.782131], [93.974487, 26.77603], [93.975273, 26.76915], [93.998787, 26.77037], [94.002113, 26.766171], [94.003113, 26.750252], [94.011902, 26.75214], [94.024483, 26.75091], [94.022392, 26.745258], [94.031326, 26.745251], [94.035347, 26.7411], [94.040871, 26.746523], [94.042557, 26.739941], [94.048569, 26.743031], [94.047966, 26.737619], [94.042877, 26.732853], [94.048248, 26.73237], [94.042252, 26.724979], [94.04435, 26.716473], [94.038719, 26.712339], [94.04583, 26.699581], [94.045067, 26.692301], [94.04895, 26.689939], [94.051323, 26.68977], [94.051796, 26.687071], [94.04776, 26.68457], [94.049316, 26.679432], [94.050888, 26.676882], [94.053833, 26.68055], [94.055336, 26.680861], [94.056519, 26.67573], [94.058167, 26.67415], [94.058197, 26.671968], [94.05645, 26.670511], [94.059013, 26.665119], [94.062012, 26.669352], [94.063942, 26.668579], [94.065376, 26.666771], [94.067032, 26.670021], [94.069252, 26.67074], [94.071213, 26.669703], [94.070076, 26.663771], [94.074303, 26.667231], [94.076088, 26.664181], [94.078926, 26.665258], [94.084679, 26.661598], [94.087387, 26.65929], [94.08712, 26.653728], [94.088997, 26.651602], [94.09285, 26.651039], [94.096458, 26.64934], [94.098007, 26.644951], [94.097397, 26.63257], [94.094162, 26.63142], [94.090332, 26.631241], [94.087372, 26.63203], [94.087448, 26.62866], [94.089012, 26.625818], [94.087952, 26.62454], [94.085312, 26.623461], [94.083931, 26.62097], [94.080521, 26.6189], [94.081856, 26.615891], [94.085533, 26.614521], [94.086243, 26.613281], [94.083801, 26.610771], [94.080887, 26.609291], [94.073021, 26.600771], [94.07402, 26.594252], [94.079941, 26.59391], [94.08197, 26.591021], [94.079277, 26.585468], [94.078331, 26.581501], [94.080208, 26.578791], [94.083786, 26.57971], [94.088432, 26.579851], [94.090157, 26.582232], [94.092392, 26.58371], [94.101891, 26.58021], [94.101151, 26.57526], [94.103203, 26.573589], [94.108177, 26.573271], [94.110153, 26.570721], [94.111778, 26.565943], [94.11393, 26.562469], [94.116837, 26.560131], [94.117188, 26.558411], [94.114433, 26.556122], [94.110893, 26.554743], [94.112602, 26.551559], [94.115417, 26.549721], [94.116226, 26.547729], [94.11248, 26.54381], [94.113136, 26.534521], [94.111862, 26.530888], [94.106567, 26.523863], [94.107803, 26.515209], [94.106186, 26.509399], [94.102951, 26.50152], [94.098953, 26.495781], [94.100052, 26.491791], [94.103821, 26.484171], [94.104103, 26.475208], [94.107178, 26.470791], [94.126961, 26.45816], [94.129128, 26.45476], [94.130928, 26.44927], [94.128777, 26.44442], [94.125656, 26.441151], [94.119392, 26.431622], [94.118156, 26.404108], [94.121773, 26.39712], [94.128296, 26.376842], [94.132439, 26.36974], [94.137993, 26.354391], [94.158989, 26.354971], [94.163269, 26.353661], [94.165993, 26.354521], [94.167671, 26.35331]]]}, "properties": {"name": "Golaghat", "state": "Assam"}}, {"type": "Feature", "geometry": {"type": "Polygon", "coordinates": [[[92.765198, 24.520849], [92.764511, 24.518831], [92.759186, 24.511761], [92.753647, 24.507042], [92.754501, 24.50112], [92.751328, 24.49437], [92.750778, 24.491491], [92.74884, 24.488541], [92.743607, 24.474628], [92.730537, 24.452751], [92.723763, 24.435949], [92.71814, 24.41622], [92.715118, 24.41452], [92.714119, 24.41296], [92.714203, 24.41037], [92.715088, 24.40877], [92.714127, 24.40778], [92.714218, 24.405321], [92.70742, 24.39241], [92.707451, 24.387011], [92.703438, 24.383801], [92.704109, 24.376221], [92.702408, 24.375233], [92.698273, 24.374962], [92.696877, 24.374001], [92.695007, 24.36957], [92.693253, 24.367821], [92.694206, 24.36496], [92.693916, 24.36363], [92.691772, 24.362169], [92.691673, 24.356421], [92.690666, 24.354801], [92.687996, 24.352011], [92.684021, 24.34989], [92.6838, 24.347481], [92.679642, 24.34778], [92.674782, 24.3498], [92.667, 24.34561], [92.665253, 24.345211], [92.664108, 24.346741], [92.663231, 24.3438], [92.662247, 24.343439], [92.660721, 24.34515], [92.65847, 24.34346], [92.657516, 24.34351], [92.657593, 24.341551], [92.656456, 24.339121], [92.652397, 24.335291], [92.652039, 24.332861], [92.65184, 24.330339], [92.649399, 24.33082], [92.64978, 24.329222], [92.64904, 24.328751], [92.645248, 24.33181], [92.645943, 24.329231], [92.645012, 24.327671], [92.640991, 24.328711], [92.639839, 24.329731], [92.639259, 24.331751], [92.636688, 24.332691], [92.636543, 24.334238], [92.638237, 24.334431], [92.637718, 24.33552], [92.635902, 24.335741], [92.630638, 24.33337], [92.626167, 24.334473], [92.624283, 24.332651], [92.623352, 24.33077], [92.6231, 24.32029], [92.619438, 24.311508], [92.619637, 24.30846], [92.618027, 24.304359], [92.618309, 24.299709], [92.616783, 24.291231], [92.617233, 24.289061], [92.619057, 24.28787], [92.6194, 24.286779], [92.619041, 24.281321], [92.616821, 24.275311], [92.615768, 24.270531], [92.615509, 24.26362], [92.613083, 24.255838], [92.611588, 24.253349], [92.607956, 24.25008], [92.605957, 24.249201], [92.595963, 24.24931], [92.593567, 24.248589], [92.5914, 24.245981], [92.588013, 24.244862], [92.581841, 24.245359], [92.56456, 24.25009], [92.558937, 24.24789], [92.550636, 24.245899], [92.548828, 24.243231], [92.547096, 24.2377], [92.546936, 24.23476], [92.547783, 24.23189], [92.547386, 24.224409], [92.545746, 24.2199], [92.542236, 24.214178], [92.542427, 24.210621], [92.541473, 24.206228], [92.53727, 24.201931], [92.5364, 24.1999], [92.537819, 24.19647], [92.531479, 24.18346], [92.533463, 24.180832], [92.53289, 24.180531], [92.531517, 24.17742], [92.529907, 24.176411], [92.529663, 24.174801], [92.525398, 24.17293], [92.521759, 24.17293], [92.517593, 24.17621], [92.515129, 24.175488], [92.513573, 24.17358], [92.514793, 24.1702], [92.513733, 24.16926], [92.508636, 24.169201], [92.512001, 24.16482], [92.512833, 24.162579], [92.509537, 24.162889], [92.506783, 24.166821], [92.504883, 24.167311], [92.503258, 24.16667], [92.502457, 24.162111], [92.500137, 24.160521], [92.494759, 24.159941], [92.488083, 24.162218], [92.485863, 24.162201], [92.48494, 24.161381], [92.484901, 24.159309], [92.483963, 24.15814], [92.482643, 24.157091], [92.481186, 24.15708], [92.483559, 24.153931], [92.482933, 24.152719], [92.480659, 24.1523], [92.480629, 24.15011], [92.478752, 24.14871], [92.481499, 24.142941], [92.480873, 24.141321], [92.479607, 24.1409], [92.474823, 24.14291], [92.47332, 24.142031], [92.473351, 24.139961], [92.46859, 24.138], [92.466827, 24.13504], [92.465973, 24.13475], [92.464836, 24.136631], [92.463066, 24.13637], [92.457222, 24.143501], [92.45063, 24.14369], [92.443886, 24.153099], [92.441826, 24.152851], [92.438759, 24.151251], [92.437431, 24.15135], [92.436569, 24.15243], [92.435226, 24.162579], [92.438141, 24.16913], [92.437752, 24.1705], [92.434456, 24.174141], [92.434196, 24.181381], [92.433212, 24.18327], [92.42215, 24.18853], [92.418976, 24.194361], [92.419716, 24.202471], [92.418221, 24.210911], [92.420181, 24.21789], [92.418518, 24.221649], [92.420052, 24.235203], [92.422531, 24.248171], [92.422379, 24.253111], [92.423752, 24.25318], [92.425568, 24.252123], [92.432861, 24.255713], [92.439598, 24.270231], [92.445801, 24.275248], [92.454758, 24.28882], [92.464157, 24.30084], [92.470627, 24.31156], [92.476959, 24.324991], [92.481873, 24.34305], [92.482147, 24.348391], [92.48362, 24.352503], [92.492706, 24.369631], [92.492661, 24.37538], [92.496201, 24.38312], [92.495781, 24.389221], [92.496422, 24.394341], [92.500656, 24.40233], [92.500969, 24.41337], [92.50235, 24.42219], [92.506767, 24.439661], [92.507233, 24.4464], [92.506172, 24.453232], [92.507126, 24.461243], [92.508347, 24.46763], [92.508133, 24.47205], [92.510696, 24.482031], [92.506493, 24.490891], [92.509033, 24.49794], [92.508972, 24.50363], [92.507668, 24.510521], [92.508507, 24.51749], [92.510681, 24.524761], [92.50853, 24.534613], [92.516403, 24.554569], [92.519203, 24.56925], [92.517006, 24.576073], [92.516922, 24.578482], [92.514153, 24.580009], [92.505836, 24.593641], [92.505333, 24.605659], [92.509247, 24.60519], [92.508713, 24.618811], [92.510223, 24.626068], [92.510941, 24.626772], [92.510277, 24.62785], [92.507393, 24.62788], [92.506622, 24.62907], [92.506706, 24.636723], [92.505318, 24.645111], [92.505287, 24.65103], [92.503296, 24.66065], [92.504318, 24.66292], [92.50412, 24.66436], [92.50296, 24.667381], [92.497223, 24.676229], [92.497177, 24.68169], [92.498352, 24.68531], [92.501297, 24.68829], [92.50396, 24.693163], [92.505562, 24.70203], [92.510483, 24.71117], [92.511169, 24.712049], [92.513893, 24.71283], [92.515701, 24.716761], [92.521889, 24.723621], [92.522713, 24.72621], [92.522209, 24.73173], [92.523361, 24.73848], [92.522957, 24.742552], [92.527153, 24.748411], [92.533066, 24.75205], [92.544853, 24.762253], [92.545479, 24.76627], [92.543091, 24.774361], [92.54747, 24.779593], [92.547783, 24.781719], [92.546173, 24.78474], [92.544563, 24.791679], [92.544029, 24.7953], [92.544937, 24.80094], [92.547752, 24.80431], [92.547928, 24.80633], [92.55088, 24.811821], [92.554497, 24.816469], [92.56324, 24.8218], [92.573326, 24.834061], [92.581078, 24.84133], [92.58651, 24.851513], [92.588913, 24.86051], [92.588966, 24.864311], [92.592422, 24.866411], [92.590233, 24.869551], [92.582016, 24.873371], [92.581993, 24.87549], [92.597893, 24.880341], [92.610207, 24.86334], [92.620651, 24.86046], [92.631287, 24.855593], [92.630783, 24.853781], [92.631706, 24.8503], [92.638908, 24.838011], [92.635719, 24.8339], [92.636368, 24.829821], [92.639771, 24.821529], [92.643372, 24.821569], [92.656799, 24.81636], [92.660538, 24.81572], [92.67112, 24.817341], [92.677963, 24.81711], [92.680367, 24.81576], [92.6847, 24.80908], [92.68409, 24.804998], [92.672592, 24.79377], [92.669823, 24.792358], [92.666656, 24.779449], [92.667526, 24.76997], [92.66584, 24.767941], [92.666046, 24.76461], [92.659248, 24.749929], [92.657387, 24.744268], [92.656212, 24.73822], [92.656593, 24.730742], [92.657303, 24.725241], [92.658653, 24.722549], [92.65934, 24.714109], [92.658028, 24.6984], [92.655899, 24.694231], [92.657959, 24.677071], [92.658913, 24.674488], [92.660049, 24.671741], [92.666626, 24.672041], [92.667091, 24.664223], [92.669006, 24.66131], [92.666786, 24.641338], [92.670212, 24.62878], [92.675247, 24.62878], [92.681236, 24.631321], [92.693817, 24.623638], [92.696289, 24.620661], [92.696762, 24.61895], [92.69416, 24.61801], [92.690331, 24.61503], [92.68158, 24.61338], [92.67868, 24.611853], [92.670166, 24.61194], [92.669792, 24.609232], [92.67382, 24.600941], [92.670616, 24.596701], [92.67012, 24.59358], [92.672112, 24.589882], [92.677063, 24.58378], [92.678963, 24.584091], [92.68647, 24.583021], [92.690056, 24.58139], [92.701256, 24.572378], [92.705208, 24.566551], [92.715088, 24.57091], [92.717987, 24.57106], [92.719582, 24.56757], [92.72599, 24.571661], [92.735512, 24.585161], [92.734871, 24.58832], [92.739098, 24.58934], [92.741928, 24.58604], [92.746277, 24.58666], [92.750519, 24.584972], [92.75367, 24.58478], [92.755379, 24.585369], [92.761017, 24.57939], [92.764526, 24.56925], [92.774727, 24.572123], [92.780731, 24.571951], [92.781067, 24.56229], [92.779617, 24.56205], [92.77343, 24.55439], [92.773506, 24.551241], [92.77565, 24.548853], [92.763817, 24.532511], [92.762207, 24.527321], [92.760017, 24.523899], [92.759651, 24.521191], [92.762047, 24.520821], [92.763496, 24.521469], [92.765198, 24.520849]]]}, "properties": {"name": "Hailakandi", "state": "Assam"}}, {"type": "Feature", "geometry": {"type": "Polygon", "coordinates": [[[94.595177, 26.729891], [94.59333, 26.726131], [94.600487, 26.72526], [94.603188, 26.72381], [94.604637, 26.719852], [94.604683, 26.717211], [94.603722, 26.716171], [94.598312, 26.71994], [94.596169, 26.71818], [94.595016, 26.71236], [94.594933, 26.706551], [94.592407, 26.70273], [94.588982, 26.70244], [94.585388, 26.70331], [94.582787, 26.70558], [94.571503, 26.696222], [94.574692, 26.691021], [94.570869, 26.69006], [94.566086, 26.689928], [94.56295, 26.690632], [94.562332, 26.69383], [94.564728, 26.706001], [94.563438, 26.707371], [94.561127, 26.708139], [94.554672, 26.708441], [94.550369, 26.710171], [94.545059, 26.710901], [94.540871, 26.709633], [94.527763, 26.701281], [94.522728, 26.704369], [94.520096, 26.70145], [94.519676, 26.694601], [94.515503, 26.6873], [94.509949, 26.68343], [94.507141, 26.68298], [94.503006, 26.677691], [94.5, 26.675167], [94.498268, 26.673712], [94.492798, 26.672253], [94.485748, 26.6737], [94.467941, 26.669821], [94.464523, 26.667511], [94.46183, 26.66316], [94.458572, 26.65535], [94.461418, 26.64809], [94.461662, 26.643841], [94.464462, 26.640369], [94.464821, 26.63871], [94.462502, 26.63546], [94.45681, 26.636641], [94.454521, 26.639021], [94.434486, 26.62538], [94.409882, 26.61644], [94.407867, 26.61433], [94.408577, 26.609791], [94.406006, 26.601931], [94.414848, 26.583281], [94.41188, 26.5734], [94.409309, 26.568991], [94.407761, 26.561428], [94.410576, 26.560598], [94.411957, 26.558451], [94.408966, 26.557131], [94.406097, 26.557381], [94.404793, 26.555231], [94.407639, 26.552401], [94.407951, 26.549711], [94.406746, 26.54825], [94.402679, 26.546862], [94.401337, 26.544081], [94.402481, 26.538801], [94.398918, 26.53455], [94.399452, 26.53232], [94.396561, 26.529732], [94.394089, 26.53264], [94.391411, 26.532829], [94.378273, 26.525261], [94.376907, 26.52317], [94.378067, 26.51716], [94.377617, 26.513121], [94.369247, 26.509991], [94.364456, 26.51033], [94.358749, 26.509142], [94.354591, 26.510281], [94.351112, 26.508621], [94.353722, 26.50481], [94.35553, 26.50345], [94.353561, 26.502159], [94.351822, 26.499203], [94.352066, 26.49575], [94.349632, 26.492842], [94.343407, 26.49004], [94.336937, 26.484819], [94.332596, 26.485029], [94.329323, 26.483841], [94.323883, 26.47938], [94.324783, 26.47221], [94.324303, 26.470701], [94.316513, 26.462931], [94.313477, 26.465], [94.310982, 26.466061], [94.303307, 26.46726], [94.293922, 26.480742], [94.292427, 26.49003], [94.290237, 26.49597], [94.287239, 26.50852], [94.287071, 26.514961], [94.288788, 26.518318], [94.289063, 26.525171], [94.285622, 26.534092], [94.284943, 26.540291], [94.285622, 26.54657], [94.284836, 26.555363], [94.285309, 26.558241], [94.28891, 26.5599], [94.289787, 26.56411], [94.282288, 26.56354], [94.276741, 26.55884], [94.262573, 26.543949], [94.253319, 26.53253], [94.252052, 26.527733], [94.244827, 26.51692], [94.239891, 26.511431], [94.22892, 26.503262], [94.223618, 26.50057], [94.211487, 26.489849], [94.209366, 26.483723], [94.201118, 26.4699], [94.186546, 26.46051], [94.175758, 26.431801], [94.176521, 26.42807], [94.174011, 26.420891], [94.176842, 26.41341], [94.176941, 26.399561], [94.179092, 26.388721], [94.174049, 26.377823], [94.175491, 26.374451], [94.175606, 26.371759], [94.173576, 26.367579], [94.164467, 26.360121], [94.167671, 26.35331], [94.165993, 26.354521], [94.163269, 26.353661], [94.158989, 26.354971], [94.137993, 26.354391], [94.132439, 26.36974], [94.128296, 26.376842], [94.121773, 26.39712], [94.118156, 26.404108], [94.119392, 26.431622], [94.125656, 26.441151], [94.128777, 26.44442], [94.130928, 26.44927], [94.129128, 26.45476], [94.126961, 26.45816], [94.107178, 26.470791], [94.104103, 26.475208], [94.103821, 26.484171], [94.100052, 26.491791], [94.098953, 26.495781], [94.102951, 26.50152], [94.106186, 26.509399], [94.107803, 26.515209], [94.106567, 26.523863], [94.111862, 26.530888], [94.113136, 26.534521], [94.11248, 26.54381], [94.116226, 26.547729], [94.115417, 26.549721], [94.112602, 26.551559], [94.110893, 26.554743], [94.114433, 26.556122], [94.117188, 26.558411], [94.116837, 26.560131], [94.11393, 26.562469], [94.111778, 26.565943], [94.110153, 26.570721], [94.108177, 26.573271], [94.103203, 26.573589], [94.101151, 26.57526], [94.101891, 26.58021], [94.092392, 26.58371], [94.090157, 26.582232], [94.088432, 26.579851], [94.083786, 26.57971], [94.080208, 26.578791], [94.078331, 26.581501], [94.079277, 26.585468], [94.08197, 26.591021], [94.079941, 26.59391], [94.07402, 26.594252], [94.073021, 26.600771], [94.080887, 26.609291], [94.083801, 26.610771], [94.086243, 26.613281], [94.085533, 26.614521], [94.081856, 26.615891], [94.080521, 26.6189], [94.083931, 26.62097], [94.085312, 26.623461], [94.087952, 26.62454], [94.089012, 26.625818], [94.087448, 26.62866], [94.087372, 26.63203], [94.090332, 26.631241], [94.094162, 26.63142], [94.097397, 26.63257], [94.098007, 26.644951], [94.096458, 26.64934], [94.09285, 26.651039], [94.088997, 26.651602], [94.08712, 26.653728], [94.087387, 26.65929], [94.084679, 26.661598], [94.078926, 26.665258], [94.076088, 26.664181], [94.074303, 26.667231], [94.070076, 26.663771], [94.071213, 26.669703], [94.069252, 26.67074], [94.067032, 26.670021], [94.065376, 26.666771], [94.063942, 26.668579], [94.062012, 26.669352], [94.059013, 26.665119], [94.05645, 26.670511], [94.058197, 26.671968], [94.058167, 26.67415], [94.056519, 26.67573], [94.055336, 26.680861], [94.053833, 26.68055], [94.050888, 26.676882], [94.049316, 26.679432], [94.04776, 26.68457], [94.051796, 26.687071], [94.051323, 26.68977], [94.04895, 26.689939], [94.045067, 26.692301], [94.04583, 26.699581], [94.038719, 26.712339], [94.04435, 26.716473], [94.042252, 26.724979], [94.048248, 26.73237], [94.042877, 26.732853], [94.047966, 26.737619], [94.048569, 26.743031], [94.042557, 26.739941], [94.040871, 26.746523], [94.035347, 26.7411], [94.031326, 26.745251], [94.022392, 26.745258], [94.024483, 26.75091], [94.011902, 26.75214], [94.003113, 26.750252], [94.002113, 26.766171], [93.998787, 26.77037], [93.975273, 26.76915], [93.974487, 26.77603], [93.974876, 26.782131], [93.985176, 26.786421], [93.986496, 26.78915], [93.982979, 26.789972], [93.9795, 26.792311], [93.978577, 26.795111], [93.977821, 26.801889], [93.980377, 26.812443], [93.983582, 26.817263], [93.989349, 26.822691], [93.995422, 26.82419], [93.998703, 26.825941], [94.010742, 26.840021], [93.998627, 26.859291], [93.986526, 26.874559], [93.973289, 26.877211], [93.972397, 26.888309], [93.963387, 26.89113], [93.959709, 26.894772], [93.958519, 26.898979], [93.965927, 26.904383], [93.969002, 26.915661], [93.962532, 26.929531], [93.975151, 26.92701], [93.986641, 26.93108], [93.998497, 26.94346], [94.007027, 26.93815], [94.01252, 26.931129], [94.025581, 26.933571], [94.029152, 26.938232], [94.02655, 26.95083], [94.027527, 26.95982], [94.040733, 26.971189], [94.043488, 26.977388], [94.052727, 26.9828], [94.059807, 26.9839], [94.067467, 26.981413], [94.077713, 26.963951], [94.086136, 26.9643], [94.100182, 26.970421], [94.11113, 26.973801], [94.11898, 26.97431], [94.133987, 26.972982], [94.138687, 26.97595], [94.140213, 26.97995], [94.137291, 26.99317], [94.154297, 26.997499], [94.158653, 27.002691], [94.163467, 27.00296], [94.169876, 27.001011], [94.174522, 27.003139], [94.178139, 27.00304], [94.180962, 27.00091], [94.185753, 27.004259], [94.190857, 27.011883], [94.19194, 27.01458], [94.191597, 27.019753], [94.188759, 27.025398], [94.186813, 27.031853], [94.189812, 27.03944], [94.194473, 27.040871], [94.197861, 27.03878], [94.202477, 27.032761], [94.218819, 27.033861], [94.22448, 27.03566], [94.225822, 27.039358], [94.223259, 27.04183], [94.225807, 27.04941], [94.230293, 27.062971], [94.238098, 27.077009], [94.253357, 27.088711], [94.259071, 27.09116], [94.266113, 27.09598], [94.281189, 27.099003], [94.286018, 27.09487], [94.296577, 27.08956], [94.302559, 27.08396], [94.307556, 27.07622], [94.312843, 27.07387], [94.316231, 27.076658], [94.323837, 27.091322], [94.337143, 27.085051], [94.34549, 27.08658], [94.351891, 27.089611], [94.358299, 27.09654], [94.367256, 27.101601], [94.383362, 27.099279], [94.392288, 27.10157], [94.409576, 27.09647], [94.417793, 27.094891], [94.424347, 27.0993], [94.427811, 27.103983], [94.427353, 27.11627], [94.431923, 27.12085], [94.438286, 27.123291], [94.446083, 27.120609], [94.457321, 27.118931], [94.461777, 27.11553], [94.470047, 27.11837], [94.474106, 27.12611], [94.474083, 27.13541], [94.477837, 27.139412], [94.483582, 27.14172], [94.490326, 27.13735], [94.490601, 27.131321], [94.493279, 27.12668], [94.5, 27.125065], [94.503517, 27.12422], [94.508598, 27.124571], [94.512062, 27.144171], [94.513817, 27.14588], [94.528458, 27.14571], [94.53299, 27.15064], [94.530487, 27.157639], [94.524582, 27.16279], [94.546638, 27.175192], [94.56205, 27.17779], [94.562073, 27.18565], [94.569336, 27.182781], [94.576187, 27.174841], [94.580238, 27.167761], [94.586197, 27.161341], [94.589966, 27.15346], [94.594566, 27.14953], [94.581711, 27.138571], [94.581413, 27.129263], [94.577347, 27.12125], [94.569626, 27.11474], [94.564056, 27.10503], [94.558357, 27.10284], [94.551407, 27.09745], [94.548729, 27.08659], [94.545456, 27.078411], [94.538803, 27.073139], [94.530159, 27.070648], [94.514008, 27.051811], [94.509911, 27.0455], [94.5, 27.040066], [94.498497, 27.039242], [94.479897, 27.03371], [94.474487, 27.026901], [94.471939, 27.018372], [94.469498, 27.005121], [94.46402, 26.998133], [94.459709, 26.995131], [94.440521, 26.986681], [94.425331, 26.976789], [94.402428, 26.964199], [94.400787, 26.962101], [94.401329, 26.955898], [94.40287, 26.951839], [94.407349, 26.94772], [94.411659, 26.9464], [94.414406, 26.946091], [94.417068, 26.94758], [94.422089, 26.94685], [94.430443, 26.943531], [94.43454, 26.943241], [94.43782, 26.942141], [94.443268, 26.941879], [94.458656, 26.944], [94.467102, 26.94338], [94.475586, 26.941038], [94.481247, 26.93841], [94.481003, 26.929379], [94.483978, 26.92219], [94.480896, 26.919147], [94.485443, 26.91106], [94.48056, 26.906733], [94.481346, 26.902018], [94.488327, 26.890921], [94.490723, 26.888941], [94.494713, 26.88796], [94.495506, 26.88493], [94.493843, 26.88105], [94.496269, 26.878271], [94.497459, 26.874031], [94.494156, 26.867661], [94.493042, 26.860628], [94.494438, 26.857321], [94.494087, 26.854271], [94.489151, 26.83844], [94.489616, 26.83609], [94.497459, 26.829712], [94.5, 26.828688], [94.502968, 26.827492], [94.508347, 26.82246], [94.511948, 26.817791], [94.523582, 26.812153], [94.524582, 26.80526], [94.518379, 26.80064], [94.518532, 26.79829], [94.520866, 26.796598], [94.522186, 26.796841], [94.524338, 26.794861], [94.524826, 26.791601], [94.520782, 26.7882], [94.518791, 26.78454], [94.516777, 26.782848], [94.515488, 26.779501], [94.517693, 26.776772], [94.524902, 26.7763], [94.525307, 26.774982], [94.523926, 26.772779], [94.521393, 26.772001], [94.524132, 26.768471], [94.530632, 26.76932], [94.529266, 26.76619], [94.53318, 26.760391], [94.535507, 26.758402], [94.538399, 26.760851], [94.536263, 26.764851], [94.540382, 26.766241], [94.544411, 26.761641], [94.546959, 26.756901], [94.550743, 26.752253], [94.554451, 26.75569], [94.559883, 26.761169], [94.561821, 26.75918], [94.562759, 26.75552], [94.566818, 26.753153], [94.569923, 26.755451], [94.575577, 26.756672], [94.57341, 26.748081], [94.574577, 26.746429], [94.583992, 26.740471], [94.582291, 26.737049], [94.585777, 26.730551], [94.595177, 26.729891]]]}, "properties": {"name": "Jorhat", "state": "Assam"}}, {"type": "Feature", "geometry": {"type": "Polygon", "coordinates": [[[92.178307, 26.07951], [92.16909, 26.077591], [92.154678, 26.06806], [92.15052, 26.064899], [92.148987, 26.06163], [92.146217, 26.058559], [92.143776, 26.05764], [92.138168, 26.052818], [92.133118, 26.045891], [92.127022, 26.0459], [92.123383, 26.044889], [92.116226, 26.046553], [92.108887, 26.049711], [92.093361, 26.048521], [92.081131, 26.043621], [92.078827, 26.04178], [92.073631, 26.040279], [92.070457, 26.037849], [92.063217, 26.034718], [92.052856, 26.032831], [92.050186, 26.033041], [92.039612, 26.036221], [92.036102, 26.0394], [92.034752, 26.039688], [92.027893, 26.0399], [92.023872, 26.038431], [92.022186, 26.039261], [92.017616, 26.039591], [92.008179, 26.03945], [92.00338, 26.038031], [92.000443, 26.039181], [91.99765, 26.038841], [91.991066, 26.041033], [91.987396, 26.038721], [91.98423, 26.03054], [91.978172, 26.02585], [91.957817, 26.01889], [91.952423, 26.017813], [91.94632, 26.0145], [91.941292, 26.014002], [91.933968, 26.014669], [91.926811, 26.00161], [91.925827, 25.999741], [91.922096, 25.999531], [91.919571, 26.00013], [91.919533, 26.001591], [91.918716, 26.00724], [91.915657, 26.010328], [91.916847, 26.01376], [91.916969, 26.021461], [91.911652, 26.02383], [91.907463, 26.027111], [91.900917, 26.02627], [91.891953, 26.029552], [91.883232, 26.030001], [91.870163, 26.052191], [91.869347, 26.05686], [91.875237, 26.08456], [91.875786, 26.097731], [91.8647, 26.100348], [91.853836, 26.10479], [91.826553, 26.118141], [91.819313, 26.11874], [91.815559, 26.111441], [91.810806, 26.105171], [91.80806, 26.103823], [91.801788, 26.10494], [91.790367, 26.087021], [91.784576, 26.08658], [91.780426, 26.088301], [91.778519, 26.091249], [91.772064, 26.084482], [91.770119, 26.09614], [91.765358, 26.108038], [91.758217, 26.107086], [91.739662, 26.104231], [91.726814, 26.109465], [91.717773, 26.107561], [91.701111, 26.106134], [91.693024, 26.096617], [91.691116, 26.101376], [91.688744, 26.109941], [91.681129, 26.109941], [91.676842, 26.104706], [91.668274, 26.104706], [91.662094, 26.105183], [91.65638, 26.110416], [91.652573, 26.115175], [91.646385, 26.118982], [91.640678, 26.121363], [91.636391, 26.123266], [91.635437, 26.1285], [91.639244, 26.131355], [91.640198, 26.133736], [91.638771, 26.137066], [91.639244, 26.141825], [91.638771, 26.146585], [91.635437, 26.150867], [91.630203, 26.156578], [91.630684, 26.162766], [91.633537, 26.169428], [91.638771, 26.172283], [91.645912, 26.172283], [91.651146, 26.174187], [91.650665, 26.177517], [91.645912, 26.181324], [91.640198, 26.185608], [91.637344, 26.18989], [91.640198, 26.191793], [91.648766, 26.186083], [91.662567, 26.181801], [91.671608, 26.180372], [91.681602, 26.178469], [91.687309, 26.181324], [91.692551, 26.181324], [91.701591, 26.181324], [91.714439, 26.183704], [91.724434, 26.185131], [91.724907, 26.19227], [91.728714, 26.199884], [91.735374, 26.20274], [91.743942, 26.206547], [91.749832, 26.208906], [91.752586, 26.205839], [91.758949, 26.201031], [91.776833, 26.19891], [91.790977, 26.203331], [91.810883, 26.208199], [91.815689, 26.206881], [91.828186, 26.211191], [91.835907, 26.212702], [91.841766, 26.215561], [91.854919, 26.21682], [91.866707, 26.220001], [91.875252, 26.216843], [91.889847, 26.220209], [91.890526, 26.222731], [91.902176, 26.226601], [91.912567, 26.23468], [91.914337, 26.241793], [91.924057, 26.247061], [91.928993, 26.243839], [91.932533, 26.242701], [91.943466, 26.24881], [91.948486, 26.252661], [91.953392, 26.255039], [91.957428, 26.249161], [91.95768, 26.24501], [91.955948, 26.240089], [91.955696, 26.23658], [91.956596, 26.23278], [91.959396, 26.22905], [91.966927, 26.225971], [91.976242, 26.218941], [91.997437, 26.20583], [92.002853, 26.20463], [92.004227, 26.203569], [92.005768, 26.205021], [92.008102, 26.20582], [92.014549, 26.20664], [92.019997, 26.202841], [92.023956, 26.201933], [92.028267, 26.208101], [92.030403, 26.209242], [92.032059, 26.20912], [92.03653, 26.206188], [92.038338, 26.202761], [92.040489, 26.200823], [92.043617, 26.200769], [92.045891, 26.20561], [92.046082, 26.2148], [92.06102, 26.19862], [92.063278, 26.197741], [92.071709, 26.197811], [92.077347, 26.19656], [92.08152, 26.187132], [92.084007, 26.18639], [92.09005, 26.189959], [92.09211, 26.189272], [92.093407, 26.186241], [92.091766, 26.184181], [92.083908, 26.179689], [92.081566, 26.179062], [92.093559, 26.17738], [92.108559, 26.172571], [92.114967, 26.177471], [92.122688, 26.17985], [92.129646, 26.17997], [92.131279, 26.178982], [92.132286, 26.17502], [92.147217, 26.164091], [92.15184, 26.16276], [92.153946, 26.164421], [92.154541, 26.167839], [92.156349, 26.168701], [92.158852, 26.16783], [92.16288, 26.165001], [92.168137, 26.16494], [92.167206, 26.15863], [92.162842, 26.149771], [92.164627, 26.13516], [92.168686, 26.1194], [92.16996, 26.11701], [92.172119, 26.10265], [92.168282, 26.09506], [92.168159, 26.093271], [92.173798, 26.083311], [92.178307, 26.07951]]]}, "properties": {"name": "Kamrup Metropolitan", "state": "Assam"}}, {"type": "Feature", "geometry": {"type": "Polygon", "coordinates": [[[90.935631, 26.094271], [90.950027, 26.095501], [90.954849, 26.09742], [90.968727, 26.10763], [90.972321, 26.112], [90.983833, 26.12055], [90.988373, 26.124741], [90.996689, 26.12755], [91.00177, 26.129919], [91.005707, 26.129141], [91.01796, 26.123709], [91.024559, 26.119982], [91.030869, 26.12138], [91.035751, 26.125601], [91.042343, 26.128601], [91.04834, 26.12891], [91.051346, 26.131701], [91.05188, 26.135731], [91.055428, 26.139891], [91.07328, 26.15667], [91.080437, 26.160521], [91.090523, 26.1644], [91.099617, 26.162333], [91.115799, 26.154039], [91.130287, 26.158979], [91.145653, 26.16], [91.164856, 26.170021], [91.18042, 26.17433], [91.224876, 26.18062], [91.233498, 26.182871], [91.229347, 26.177731], [91.246483, 26.16877], [91.254318, 26.163891], [91.285683, 26.158939], [91.296547, 26.15826], [91.303017, 26.160631], [91.307869, 26.161551], [91.318367, 26.1614], [91.330162, 26.162731], [91.335373, 26.16613], [91.338867, 26.16604], [91.34285, 26.16354], [91.348137, 26.163811], [91.352417, 26.16568], [91.355537, 26.16518], [91.369026, 26.15741], [91.390739, 26.140051], [91.396828, 26.13748], [91.40638, 26.13829], [91.412857, 26.137081], [91.418762, 26.166981], [91.419136, 26.17308], [91.418503, 26.182631], [91.416122, 26.187031], [91.412277, 26.198221], [91.411789, 26.203569], [91.415817, 26.204969], [91.418289, 26.210409], [91.419746, 26.214991], [91.420273, 26.227468], [91.422569, 26.233829], [91.424538, 26.23698], [91.430603, 26.23801], [91.43026, 26.24176], [91.427986, 26.243443], [91.423531, 26.244289], [91.416977, 26.24424], [91.412598, 26.245941], [91.410057, 26.253], [91.412247, 26.261431], [91.417267, 26.2658], [91.423912, 26.265051], [91.437492, 26.260601], [91.441292, 26.2635], [91.450462, 26.27346], [91.448631, 26.291309], [91.448959, 26.303911], [91.45092, 26.30826], [91.454987, 26.311951], [91.447983, 26.31225], [91.447098, 26.313751], [91.455971, 26.31889], [91.476997, 26.318691], [91.491051, 26.31986], [91.496399, 26.323881], [91.500786, 26.32263], [91.50486, 26.322651], [91.507156, 26.32704], [91.510803, 26.328161], [91.516838, 26.328161], [91.524803, 26.330709], [91.528221, 26.33326], [91.533333, 26.334471], [91.531197, 26.337378], [91.526299, 26.337891], [91.5205, 26.3395], [91.518181, 26.343271], [91.518837, 26.349468], [91.521736, 26.356281], [91.525566, 26.362391], [91.531631, 26.367161], [91.535316, 26.37154], [91.532036, 26.37417], [91.525543, 26.374929], [91.524643, 26.378853], [91.53286, 26.389511], [91.532669, 26.39394], [91.5401, 26.40151], [91.543503, 26.4074], [91.542686, 26.41011], [91.539429, 26.414751], [91.541191, 26.417431], [91.546997, 26.417603], [91.551308, 26.41531], [91.558426, 26.417311], [91.558426, 26.422831], [91.561401, 26.425261], [91.563606, 26.434099], [91.561729, 26.43774], [91.559677, 26.444948], [91.553558, 26.456409], [91.551437, 26.47138], [91.55616, 26.48035], [91.560486, 26.48439], [91.559097, 26.50108], [91.555687, 26.514921], [91.558411, 26.521271], [91.562958, 26.522711], [91.56794, 26.523001], [91.572693, 26.524273], [91.578217, 26.527088], [91.581146, 26.53194], [91.581421, 26.537861], [91.586113, 26.5408], [91.584358, 26.552959], [91.587471, 26.55603], [91.595406, 26.555056], [91.597191, 26.54789], [91.598114, 26.541168], [91.599525, 26.533024], [91.605415, 26.530092], [91.609398, 26.529316], [91.61451, 26.528318], [91.618668, 26.524313], [91.620773, 26.52046], [91.623566, 26.515076], [91.628395, 26.513977], [91.636223, 26.514135], [91.641457, 26.513006], [91.641975, 26.508751], [91.64286, 26.501442], [91.642822, 26.496639], [91.645622, 26.48682], [91.655685, 26.480154], [91.662964, 26.469999], [91.672142, 26.467096], [91.68853, 26.462173], [91.704811, 26.460585], [91.711403, 26.460831], [91.716774, 26.465603], [91.722214, 26.471109], [91.723709, 26.478392], [91.72847, 26.485426], [91.732857, 26.488424], [91.741905, 26.497356], [91.747818, 26.49913], [91.757202, 26.498425], [91.770226, 26.497074], [91.779915, 26.495234], [91.780235, 26.495062], [91.778122, 26.492493], [91.777336, 26.4879], [91.779213, 26.484541], [91.777809, 26.480131], [91.778099, 26.474953], [91.776627, 26.4706], [91.774307, 26.467291], [91.763756, 26.46726], [91.766159, 26.462049], [91.76503, 26.456881], [91.767838, 26.453341], [91.769203, 26.449471], [91.768967, 26.44735], [91.771797, 26.44455], [91.77002, 26.44066], [91.771767, 26.438049], [91.770622, 26.432781], [91.772461, 26.43166], [91.773552, 26.427271], [91.775818, 26.426161], [91.778, 26.426821], [91.777077, 26.420443], [91.78006, 26.419071], [91.780136, 26.412291], [91.782722, 26.4098], [91.794083, 26.408381], [91.797112, 26.40196], [91.797707, 26.399721], [91.797348, 26.39591], [91.798706, 26.392113], [91.801727, 26.390739], [91.80407, 26.388639], [91.803436, 26.38566], [91.806351, 26.382401], [91.811493, 26.38435], [91.817673, 26.38019], [91.819916, 26.37204], [91.819206, 26.36837], [91.821152, 26.36492], [91.819908, 26.35313], [91.819733, 26.337721], [91.821442, 26.333101], [91.819191, 26.325991], [91.814026, 26.326811], [91.811096, 26.324661], [91.810722, 26.32023], [91.808388, 26.317621], [91.804619, 26.317381], [91.799568, 26.315611], [91.7967, 26.31616], [91.794327, 26.31958], [91.791496, 26.31007], [91.788567, 26.310169], [91.787193, 26.306789], [91.783867, 26.305799], [91.785797, 26.303871], [91.784286, 26.30154], [91.784256, 26.2974], [91.788208, 26.28458], [91.787773, 26.277], [91.790367, 26.272593], [91.790413, 26.26926], [91.78582, 26.26195], [91.783829, 26.25473], [91.784897, 26.25001], [91.784187, 26.24518], [91.778992, 26.24225], [91.775223, 26.24143], [91.7705, 26.242071], [91.767746, 26.240318], [91.763603, 26.23192], [91.752693, 26.226891], [91.746666, 26.22196], [91.745613, 26.21743], [91.747368, 26.211651], [91.749832, 26.208906], [91.743942, 26.206547], [91.735374, 26.20274], [91.728714, 26.199884], [91.724907, 26.19227], [91.724434, 26.185131], [91.714439, 26.183704], [91.701591, 26.181324], [91.692551, 26.181324], [91.687309, 26.181324], [91.681602, 26.178469], [91.671608, 26.180372], [91.662567, 26.181801], [91.648766, 26.186083], [91.640198, 26.191793], [91.637344, 26.18989], [91.640198, 26.185608], [91.645912, 26.181324], [91.650665, 26.177517], [91.651146, 26.174187], [91.645912, 26.172283], [91.638771, 26.172283], [91.633537, 26.169428], [91.630684, 26.162766], [91.630203, 26.156578], [91.635437, 26.150867], [91.638771, 26.146585], [91.639244, 26.141825], [91.638771, 26.137066], [91.640198, 26.133736], [91.639244, 26.131355], [91.635437, 26.1285], [91.636391, 26.123266], [91.640678, 26.121363], [91.646385, 26.118982], [91.652573, 26.115175], [91.65638, 26.110416], [91.662094, 26.105183], [91.668274, 26.104706], [91.676842, 26.104706], [91.681129, 26.109941], [91.688744, 26.109941], [91.691116, 26.101376], [91.693024, 26.096617], [91.701111, 26.106134], [91.717773, 26.107561], [91.726814, 26.109465], [91.739662, 26.104231], [91.758217, 26.107086], [91.765358, 26.108038], [91.770119, 26.09614], [91.772064, 26.084482], [91.759483, 26.071293], [91.731262, 26.05921], [91.734589, 26.056641], [91.732956, 26.051029], [91.72641, 26.046911], [91.723183, 26.030321], [91.724663, 26.02726], [91.722763, 26.019798], [91.721169, 26.001841], [91.71978, 25.9783], [91.721626, 25.965078], [91.720177, 25.954071], [91.713936, 25.947229], [91.708168, 25.94437], [91.700912, 25.941891], [91.701973, 25.937929], [91.692322, 25.929102], [91.686417, 25.921249], [91.678596, 25.91732], [91.675987, 25.911833], [91.669312, 25.90539], [91.667236, 25.90819], [91.661942, 25.90988], [91.656883, 25.907881], [91.651489, 25.907669], [91.647919, 25.91374], [91.632828, 25.92577], [91.622757, 25.93099], [91.611153, 25.93992], [91.610931, 25.944601], [91.624626, 25.945971], [91.630119, 25.944639], [91.634087, 25.960501], [91.637947, 25.964849], [91.632141, 25.970791], [91.628021, 25.976971], [91.626793, 25.982389], [91.624718, 25.985903], [91.62867, 25.995131], [91.626717, 25.99765], [91.630447, 25.999828], [91.632072, 26.001871], [91.633026, 26.00491], [91.632103, 26.01396], [91.6334, 26.017851], [91.632156, 26.022409], [91.626106, 26.02397], [91.620293, 26.027031], [91.616547, 26.024721], [91.601868, 26.022631], [91.596809, 26.0208], [91.597061, 26.017061], [91.588127, 26.030149], [91.584099, 26.031981], [91.575836, 26.03311], [91.57003, 26.027481], [91.56881, 26.021742], [91.569717, 26.016842], [91.568596, 26.01195], [91.565132, 26.007509], [91.566086, 26.003759], [91.565369, 26.001841], [91.55484, 25.98661], [91.551262, 25.974899], [91.548943, 25.975098], [91.537277, 25.96839], [91.53717, 25.962101], [91.53241, 25.96224], [91.525848, 25.961321], [91.523796, 25.95941], [91.518501, 25.958151], [91.518188, 25.952803], [91.519783, 25.940891], [91.516289, 25.93833], [91.501633, 25.920761], [91.503342, 25.914322], [91.505577, 25.91308], [91.51078, 25.91543], [91.516853, 25.920021], [91.521698, 25.92485], [91.535896, 25.934002], [91.531326, 25.923712], [91.52478, 25.92079], [91.508537, 25.90976], [91.501152, 25.89847], [91.503258, 25.89216], [91.498611, 25.892467], [91.49292, 25.895578], [91.488533, 25.89485], [91.483383, 25.89106], [91.478676, 25.884682], [91.475937, 25.878038], [91.474762, 25.871231], [91.477386, 25.868723], [91.49369, 25.865528], [91.498306, 25.867203], [91.507782, 25.867441], [91.51355, 25.870951], [91.51725, 25.874672], [91.519768, 25.878021], [91.522217, 25.885933], [91.52578, 25.890108], [91.529739, 25.889681], [91.532059, 25.888151], [91.532623, 25.884069], [91.528877, 25.880871], [91.525406, 25.87289], [91.521767, 25.87435], [91.519119, 25.873121], [91.512756, 25.866558], [91.507881, 25.864799], [91.496033, 25.862341], [91.48304, 25.8629], [91.478401, 25.857681], [91.47496, 25.857191], [91.468727, 25.85903], [91.454956, 25.851313], [91.447403, 25.845661], [91.444397, 25.841021], [91.441223, 25.841631], [91.430847, 25.847761], [91.424301, 25.853559], [91.4189, 25.854721], [91.412727, 25.853918], [91.40509, 25.84988], [91.401192, 25.851101], [91.388519, 25.8473], [91.382118, 25.846939], [91.376869, 25.844879], [91.370499, 25.844301], [91.363701, 25.84049], [91.356888, 25.841461], [91.35331, 25.83774], [91.348557, 25.840351], [91.344398, 25.839439], [91.342491, 25.8361], [91.336426, 25.838409], [91.333557, 25.83884], [91.332176, 25.8337], [91.332428, 25.83209], [91.324989, 25.82379], [91.306328, 25.79637], [91.296898, 25.77825], [91.287292, 25.764111], [91.279587, 25.756662], [91.276466, 25.751671], [91.275627, 25.746941], [91.262283, 25.74929], [91.255371, 25.747829], [91.232498, 25.729158], [91.223877, 25.723419], [91.221443, 25.726049], [91.215866, 25.723909], [91.197998, 25.73098], [91.191986, 25.729582], [91.192337, 25.73609], [91.188713, 25.73893], [91.189178, 25.76347], [91.185699, 25.766878], [91.185913, 25.769939], [91.181183, 25.77335], [91.179932, 25.77632], [91.183968, 25.782591], [91.184746, 25.795031], [91.187248, 25.803289], [91.190956, 25.810699], [91.188156, 25.815571], [91.189873, 25.82078], [91.194313, 25.826401], [91.194519, 25.83061], [91.202629, 25.840542], [91.198662, 25.847639], [91.19812, 25.854832], [91.19648, 25.859011], [91.193039, 25.85523], [91.185471, 25.84997], [91.181763, 25.844122], [91.179016, 25.842751], [91.16819, 25.845631], [91.161652, 25.849319], [91.152863, 25.850073], [91.145393, 25.84734], [91.137909, 25.842131], [91.131683, 25.841949], [91.126343, 25.8382], [91.120781, 25.831341], [91.081352, 25.829342], [91.066536, 25.82576], [91.063263, 25.82037], [91.059021, 25.822269], [91.049881, 25.828899], [91.05722, 25.832043], [91.061798, 25.836081], [91.067513, 25.836309], [91.072876, 25.838331], [91.072998, 25.84248], [91.078537, 25.852619], [91.065903, 25.84642], [91.049103, 25.848808], [91.041969, 25.839401], [91.02494, 25.82756], [91.020813, 25.82262], [91.012703, 25.821091], [91.006111, 25.82078], [91.000786, 25.82225], [91.001587, 25.8258], [91.008667, 25.83824], [91.012741, 25.848841], [91.013107, 25.857191], [91.015129, 25.85906], [91.021828, 25.861332], [91.02652, 25.866621], [91.029106, 25.87985], [91.029221, 25.888048], [91.029922, 25.894461], [91.032982, 25.902679], [91.036751, 25.909458], [91.040642, 25.921768], [91.0448, 25.928391], [91.050819, 25.93387], [91.051582, 25.937851], [91.047951, 25.941551], [91.06736, 25.965033], [91.07402, 25.97167], [91.080406, 25.974213], [91.080887, 25.979641], [91.084747, 25.98278], [91.088768, 26.000841], [91.097427, 26.005411], [91.097496, 26.009838], [91.094223, 26.01252], [91.094063, 26.015751], [91.090233, 26.020361], [91.088539, 26.0243], [91.088562, 26.02924], [91.082947, 26.03084], [91.078087, 26.037573], [91.069443, 26.03705], [91.065956, 26.0445], [91.055061, 26.045151], [91.049477, 26.040831], [91.042259, 26.042561], [91.036552, 26.04541], [91.031197, 26.04216], [91.026489, 26.0403], [91.014893, 26.048483], [91.009628, 26.05319], [91.00264, 26.05335], [90.996696, 26.05534], [90.991226, 26.057421], [90.985909, 26.057953], [90.983643, 26.060541], [90.977982, 26.061691], [90.960983, 26.07567], [90.957848, 26.080669], [90.957779, 26.082371], [90.950027, 26.08149], [90.945366, 26.089951], [90.94014, 26.088751], [90.935806, 26.092461], [90.935631, 26.094271]]]}, "properties": {"name": "Kamrup", "state": "Assam"}}, {"type": "Feature", "geometry": {"type": "Polygon", "coordinates": [[[93.773018, 25.966021], [93.769547, 25.957991], [93.770256, 25.953501], [93.768417, 25.95505], [93.762787, 25.954929], [93.75885, 25.94869], [93.749413, 25.942051], [93.752022, 25.939602], [93.751846, 25.936371], [93.750092, 25.937281], [93.73645, 25.930538], [93.728943, 25.928398], [93.716507, 25.921721], [93.712509, 25.92267], [93.705063, 25.92128], [93.697678, 25.917068], [93.687683, 25.909441], [93.685829, 25.90494], [93.690903, 25.889271], [93.706436, 25.853291], [93.705482, 25.848631], [93.702377, 25.846991], [93.703636, 25.849701], [93.70359, 25.8535], [93.697853, 25.851313], [93.693771, 25.84725], [93.690536, 25.847569], [93.692017, 25.84413], [93.682503, 25.8407], [93.682877, 25.835751], [93.678062, 25.828871], [93.672562, 25.828121], [93.66951, 25.828793], [93.66861, 25.824631], [93.660828, 25.824381], [93.656738, 25.826351], [93.652359, 25.822821], [93.648491, 25.823971], [93.644356, 25.819571], [93.640999, 25.817921], [93.640297, 25.813431], [93.636116, 25.813681], [93.634056, 25.809971], [93.633347, 25.805241], [93.628998, 25.804399], [93.629799, 25.79998], [93.627533, 25.79863], [93.626953, 25.791601], [93.623817, 25.790428], [93.621132, 25.785231], [93.623558, 25.78392], [93.62233, 25.779831], [93.611412, 25.776491], [93.60807, 25.776871], [93.605713, 25.772631], [93.605568, 25.76746], [93.602753, 25.770821], [93.598343, 25.76836], [93.593712, 25.76429], [93.592667, 25.766241], [93.588226, 25.76815], [93.58712, 25.765551], [93.587189, 25.759451], [93.583771, 25.75775], [93.57325, 25.760799], [93.573822, 25.759661], [93.573418, 25.756611], [93.569252, 25.755011], [93.570061, 25.75174], [93.565483, 25.741341], [93.561943, 25.74095], [93.556267, 25.741928], [93.556923, 25.73774], [93.549881, 25.732441], [93.5467, 25.73447], [93.544838, 25.726971], [93.546196, 25.721519], [93.549782, 25.718971], [93.548813, 25.714701], [93.545929, 25.71019], [93.544418, 25.7059], [93.543556, 25.7017], [93.537979, 25.703199], [93.531494, 25.694006], [93.530571, 25.692699], [93.528557, 25.693769], [93.52594, 25.699673], [93.522728, 25.693201], [93.516838, 25.68807], [93.519386, 25.68597], [93.520287, 25.68367], [93.510193, 25.671021], [93.508293, 25.666811], [93.502083, 25.66202], [93.499916, 25.656521], [93.493942, 25.65526], [93.490196, 25.65597], [93.490723, 25.653439], [93.487213, 25.650471], [93.483597, 25.65176], [93.483353, 25.645769], [93.475937, 25.647989], [93.474777, 25.644291], [93.468529, 25.643761], [93.465569, 25.644192], [93.460701, 25.641548], [93.457138, 25.640591], [93.458603, 25.63842], [93.46122, 25.636551], [93.46196, 25.63339], [93.459358, 25.633129], [93.451981, 25.63748], [93.449936, 25.634932], [93.446793, 25.638811], [93.444397, 25.638042], [93.441521, 25.634781], [93.439186, 25.634399], [93.439087, 25.632339], [93.434181, 25.629869], [93.431023, 25.629202], [93.427536, 25.631458], [93.42247, 25.622261], [93.418297, 25.621059], [93.414871, 25.61664], [93.416779, 25.614889], [93.412277, 25.61368], [93.40905, 25.611691], [93.407639, 25.609421], [93.407227, 25.606491], [93.409637, 25.604101], [93.409248, 25.60041], [93.406837, 25.596479], [93.4002, 25.596281], [93.390053, 25.594721], [93.390633, 25.5891], [93.382401, 25.584751], [93.38311, 25.5828], [93.385033, 25.5812], [93.384743, 25.577921], [93.382698, 25.57618], [93.376488, 25.577311], [93.376839, 25.57374], [93.375992, 25.571041], [93.373421, 25.569172], [93.369438, 25.570259], [93.365158, 25.569761], [93.365982, 25.563261], [93.364182, 25.56065], [93.360703, 25.560438], [93.354393, 25.565201], [93.348312, 25.563219], [93.345467, 25.561121], [93.341263, 25.554859], [93.333382, 25.549021], [93.331741, 25.54681], [93.325577, 25.53614], [93.322517, 25.53323], [93.311813, 25.532013], [93.306877, 25.532061], [93.303307, 25.535141], [93.297783, 25.548201], [93.289871, 25.54348], [93.277588, 25.53229], [93.270996, 25.533932], [93.267952, 25.539942], [93.268028, 25.544783], [93.265121, 25.54859], [93.261658, 25.548201], [93.252419, 25.54924], [93.242973, 25.548611], [93.236542, 25.547331], [93.231873, 25.54755], [93.223221, 25.55175], [93.217972, 25.551861], [93.216583, 25.54804], [93.214691, 25.546362], [93.21254, 25.54731], [93.208618, 25.556919], [93.205498, 25.558901], [93.202347, 25.55863], [93.200493, 25.560329], [93.202362, 25.563181], [93.202377, 25.566629], [93.200363, 25.566721], [93.197166, 25.56823], [93.19294, 25.572781], [93.189178, 25.585461], [93.184486, 25.586601], [93.181511, 25.591921], [93.172768, 25.598532], [93.172546, 25.60113], [93.180443, 25.60541], [93.180733, 25.608191], [93.17984, 25.61273], [93.180481, 25.617401], [93.181717, 25.6196], [93.191643, 25.628523], [93.190956, 25.632151], [93.184059, 25.64213], [93.179916, 25.64588], [93.176178, 25.65089], [93.173683, 25.652651], [93.174683, 25.65472], [93.17086, 25.66186], [93.16494, 25.663641], [93.146027, 25.66419], [93.142593, 25.66703], [93.138657, 25.67198], [93.136917, 25.679562], [93.132889, 25.686871], [93.13755, 25.693331], [93.138641, 25.697071], [93.138008, 25.70513], [93.138847, 25.70927], [93.141312, 25.71328], [93.144623, 25.716028], [93.169487, 25.72003], [93.177147, 25.728071], [93.184547, 25.732651], [93.209427, 25.731359], [93.222549, 25.728472], [93.227707, 25.734581], [93.234207, 25.75065], [93.234581, 25.756071], [93.233383, 25.761751], [93.234703, 25.767172], [93.240868, 25.76932], [93.241203, 25.773239], [93.248291, 25.78167], [93.250107, 25.784559], [93.251602, 25.78994], [93.249046, 25.79266], [93.251167, 25.800011], [93.250343, 25.805401], [93.250832, 25.810881], [93.247902, 25.812679], [93.245621, 25.81777], [93.247322, 25.822222], [93.245781, 25.829342], [93.246483, 25.834061], [93.244713, 25.83997], [93.238106, 25.84955], [93.236183, 25.85627], [93.222893, 25.86628], [93.217506, 25.872601], [93.21489, 25.877571], [93.207047, 25.886341], [93.1996, 25.8939], [93.191101, 25.900009], [93.187233, 25.90538], [93.177597, 25.943399], [93.173996, 25.948071], [93.174362, 25.952961], [93.172539, 25.95686], [93.168976, 25.95727], [93.166443, 25.959082], [93.162651, 25.965191], [93.161148, 25.968851], [93.161957, 25.970423], [93.161087, 25.977831], [93.157593, 25.983311], [93.159309, 25.99345], [93.156097, 25.995199], [93.1539, 25.99781], [93.152397, 26.00342], [93.14637, 26.009821], [93.144676, 26.016651], [93.142036, 26.020281], [93.130623, 26.0256], [93.128067, 26.030491], [93.124382, 26.034281], [93.118568, 26.037401], [93.108963, 26.037621], [93.095459, 26.034861], [93.107201, 26.07299], [93.107239, 26.077869], [93.104439, 26.07737], [93.10321, 26.07884], [93.099701, 26.0798], [93.096832, 26.079679], [93.0914, 26.077351], [93.090553, 26.07848], [93.092796, 26.080879], [93.092209, 26.081961], [93.087601, 26.080261], [93.085518, 26.08279], [93.085808, 26.08666], [93.084923, 26.08663], [93.081871, 26.08382], [93.082916, 26.081251], [93.079086, 26.082211], [93.077263, 26.08601], [93.073288, 26.08712], [93.072876, 26.084938], [93.069832, 26.085331], [93.069496, 26.08268], [93.065247, 26.085001], [93.062683, 26.084021], [93.057999, 26.08876], [93.0578, 26.090919], [93.053627, 26.088181], [93.051903, 26.0879], [93.051216, 26.089533], [93.049568, 26.089943], [93.04483, 26.088711], [93.038872, 26.09276], [93.038651, 26.095182], [93.03978, 26.099171], [93.036606, 26.103451], [93.036079, 26.105501], [93.038002, 26.10779], [93.037727, 26.109251], [93.036079, 26.109678], [93.029236, 26.107019], [93.022949, 26.110401], [93.022308, 26.11442], [93.020546, 26.11389], [93.015221, 26.115492], [93.014923, 26.11451], [93.010513, 26.113871], [93.00621, 26.11751], [93.002777, 26.117929], [93.000526, 26.12005], [92.998703, 26.123381], [92.993668, 26.12479], [92.982086, 26.130001], [92.973106, 26.13201], [92.970726, 26.130751], [92.969063, 26.131121], [92.958893, 26.14139], [92.953957, 26.141413], [92.944687, 26.138741], [92.94252, 26.1399], [92.936348, 26.14081], [92.932892, 26.14362], [92.931396, 26.14756], [92.933968, 26.149059], [92.933731, 26.151468], [92.935211, 26.15295], [92.942528, 26.154659], [92.944283, 26.15785], [92.948891, 26.161411], [92.949318, 26.164751], [92.953987, 26.168301], [92.956322, 26.172041], [92.956917, 26.17597], [92.954697, 26.184151], [92.954849, 26.18784], [92.953957, 26.19025], [92.94825, 26.19577], [92.946442, 26.199881], [92.942917, 26.20332], [92.939857, 26.203951], [92.932053, 26.2034], [92.92762, 26.20577], [92.922729, 26.205839], [92.909378, 26.204073], [92.900002, 26.205601], [92.886749, 26.21023], [92.882927, 26.21084], [92.870956, 26.206911], [92.860909, 26.20475], [92.85009, 26.20388], [92.842377, 26.208101], [92.827736, 26.207088], [92.822868, 26.208611], [92.806053, 26.20594], [92.801697, 26.204458], [92.795761, 26.208599], [92.797966, 26.22385], [92.806023, 26.220968], [92.8106, 26.21841], [92.814041, 26.21867], [92.819267, 26.217449], [92.827499, 26.22592], [92.827667, 26.229441], [92.826256, 26.232691], [92.817657, 26.2362], [92.816711, 26.240721], [92.819931, 26.261351], [92.819702, 26.26515], [92.820282, 26.26753], [92.822762, 26.267], [92.823112, 26.27317], [92.826187, 26.273689], [92.830292, 26.273041], [92.83976, 26.28285], [92.841667, 26.28796], [92.843498, 26.298651], [92.848572, 26.30665], [92.852287, 26.304651], [92.854843, 26.304651], [92.856216, 26.30307], [92.855049, 26.301491], [92.85701, 26.29917], [92.861786, 26.29627], [92.871559, 26.292391], [92.879852, 26.288073], [92.882767, 26.287951], [92.892509, 26.291721], [92.894188, 26.293081], [92.896523, 26.29855], [92.895866, 26.302221], [92.894386, 26.30398], [92.897141, 26.307598], [92.900261, 26.310141], [92.909592, 26.315741], [92.915321, 26.31805], [92.918121, 26.31823], [92.920197, 26.315741], [92.921478, 26.31558], [92.935677, 26.32468], [92.940193, 26.326851], [92.942497, 26.329151], [92.946007, 26.338442], [92.943581, 26.34461], [92.941772, 26.35327], [92.93837, 26.354351], [92.935852, 26.353771], [92.933228, 26.354361], [92.93013, 26.356359], [92.923912, 26.35791], [92.916687, 26.35667], [92.914673, 26.356911], [92.913307, 26.35775], [92.91243, 26.35968], [92.912376, 26.361933], [92.913513, 26.364719], [92.918716, 26.370468], [92.919777, 26.37579], [92.925026, 26.3797], [92.927231, 26.382801], [92.924492, 26.384241], [92.921547, 26.384583], [92.920128, 26.38242], [92.917923, 26.38163], [92.907959, 26.380791], [92.904488, 26.385099], [92.894173, 26.38522], [92.89061, 26.383133], [92.885109, 26.381639], [92.883583, 26.381729], [92.884293, 26.384159], [92.890228, 26.38682], [92.891747, 26.39151], [92.893509, 26.391951], [92.89637, 26.389191], [92.897797, 26.390551], [92.903511, 26.401609], [92.905678, 26.401531], [92.907333, 26.395811], [92.91153, 26.39854], [92.912796, 26.398281], [92.913017, 26.394711], [92.920853, 26.397011], [92.927116, 26.400459], [92.940697, 26.404329], [92.942871, 26.40436], [92.944832, 26.402271], [92.950493, 26.39876], [92.951607, 26.400049], [92.951843, 26.40604], [92.960747, 26.411522], [92.963867, 26.416012], [92.965263, 26.416679], [92.968956, 26.416632], [92.972168, 26.417971], [92.976631, 26.422043], [92.979652, 26.423771], [92.981407, 26.423641], [92.985893, 26.42078], [92.993156, 26.42259], [92.99826, 26.425581], [93.004608, 26.428228], [93.017151, 26.423401], [93.02314, 26.423931], [93.030983, 26.426611], [93.045647, 26.440001], [93.047737, 26.43705], [93.052803, 26.436501], [93.055267, 26.426781], [93.055847, 26.423822], [93.054733, 26.421963], [93.050476, 26.423429], [93.049919, 26.4198], [93.050926, 26.417192], [93.054489, 26.417431], [93.060509, 26.419161], [93.066246, 26.419161], [93.069611, 26.426439], [93.071228, 26.42555], [93.07122, 26.422729], [93.076706, 26.4231], [93.089058, 26.43392], [93.094627, 26.435341], [93.096077, 26.437149], [93.091751, 26.436831], [93.07946, 26.43152], [93.073471, 26.43194], [93.071587, 26.433521], [93.074783, 26.43638], [93.089233, 26.44166], [93.097946, 26.44618], [93.101906, 26.44912], [93.107849, 26.445341], [93.107613, 26.44367], [93.102119, 26.44029], [93.100006, 26.437618], [93.1007, 26.434891], [93.109901, 26.440861], [93.117332, 26.443232], [93.114922, 26.44507], [93.112572, 26.444738], [93.112228, 26.446861], [93.114021, 26.448841], [93.112473, 26.450069], [93.109421, 26.44939], [93.107979, 26.451872], [93.122208, 26.460569], [93.124336, 26.463671], [93.126793, 26.46286], [93.127617, 26.465801], [93.129951, 26.467058], [93.123833, 26.47089], [93.117378, 26.471041], [93.113083, 26.47221], [93.113876, 26.474588], [93.133408, 26.47979], [93.138908, 26.486622], [93.138603, 26.489601], [93.130928, 26.483183], [93.12928, 26.48695], [93.133713, 26.491961], [93.130791, 26.49053], [93.124771, 26.49505], [93.127983, 26.4977], [93.126869, 26.49979], [93.119781, 26.496611], [93.123337, 26.48671], [93.122681, 26.484449], [93.120346, 26.48251], [93.11866, 26.487301], [93.115433, 26.486601], [93.111748, 26.48205], [93.10704, 26.47891], [93.106743, 26.476851], [93.103951, 26.476511], [93.100777, 26.475], [93.105721, 26.47344], [93.108246, 26.47143], [93.108856, 26.469549], [93.106277, 26.468243], [93.104843, 26.46649], [93.105186, 26.464321], [93.104271, 26.462521], [93.100456, 26.465151], [93.094337, 26.461693], [93.0914, 26.4617], [93.090942, 26.465073], [93.093582, 26.467461], [93.091919, 26.470881], [93.081482, 26.4736], [93.078636, 26.472113], [93.077347, 26.475521], [93.077477, 26.47891], [93.074142, 26.480101], [93.066238, 26.48007], [93.067276, 26.485481], [93.081291, 26.490271], [93.085709, 26.49604], [93.09407, 26.4993], [93.091476, 26.502621], [93.080742, 26.496111], [93.077477, 26.49684], [93.074318, 26.494951], [93.073212, 26.49888], [93.070076, 26.50289], [93.068626, 26.50194], [93.068176, 26.498781], [93.070518, 26.495901], [93.070351, 26.491831], [93.064026, 26.49189], [93.048683, 26.490391], [93.045738, 26.48863], [93.040367, 26.48818], [93.030426, 26.4839], [93.023666, 26.481852], [93.020889, 26.479979], [93.015587, 26.480171], [93.010712, 26.484591], [93.01049, 26.489691], [93.00705, 26.496201], [93.012657, 26.499729], [93.013611, 26.506578], [93.03463, 26.515362], [93.040466, 26.519781], [93.045731, 26.528353], [93.050697, 26.52894], [93.046349, 26.532381], [93.045227, 26.53791], [93.062019, 26.544243], [93.07135, 26.543991], [93.077507, 26.545431], [93.086899, 26.544281], [93.091667, 26.545919], [93.096756, 26.542803], [93.103157, 26.54184], [93.105003, 26.54026], [93.103462, 26.536503], [93.10601, 26.533463], [93.119301, 26.53166], [93.122322, 26.534941], [93.119637, 26.53867], [93.12323, 26.54047], [93.131958, 26.541328], [93.136391, 26.54332], [93.138107, 26.54991], [93.144447, 26.556351], [93.148628, 26.558041], [93.152397, 26.552031], [93.156357, 26.550159], [93.170578, 26.556141], [93.187538, 26.57015], [93.198677, 26.56843], [93.207321, 26.56411], [93.212273, 26.55876], [93.209473, 26.55394], [93.205307, 26.550701], [93.20108, 26.5455], [93.197563, 26.542971], [93.193756, 26.544491], [93.189499, 26.543381], [93.185089, 26.541161], [93.182472, 26.537319], [93.178596, 26.535931], [93.176102, 26.533241], [93.162292, 26.52704], [93.1651, 26.524342], [93.184967, 26.53231], [93.190437, 26.533522], [93.195923, 26.538219], [93.200417, 26.536591], [93.205353, 26.528261], [93.208656, 26.52063], [93.209908, 26.51594], [93.209846, 26.512381], [93.214417, 26.509832], [93.217789, 26.509958], [93.21273, 26.522091], [93.214531, 26.52389], [93.219421, 26.52244], [93.219749, 26.525261], [93.216667, 26.526058], [93.213173, 26.52939], [93.213699, 26.531641], [93.220352, 26.530621], [93.222633, 26.539381], [93.22834, 26.538111], [93.232063, 26.5364], [93.23587, 26.53797], [93.246147, 26.533241], [93.246193, 26.531351], [93.24781, 26.53005], [93.250221, 26.52355], [93.258629, 26.524], [93.274429, 26.52161], [93.272949, 26.51561], [93.268089, 26.512421], [93.267853, 26.508621], [93.276253, 26.50952], [93.274582, 26.515011], [93.278076, 26.517601], [93.285713, 26.519291], [93.287827, 26.51841], [93.288017, 26.514631], [93.286728, 26.51202], [93.29007, 26.511223], [93.292267, 26.50868], [93.293678, 26.505199], [93.298126, 26.50655], [93.298683, 26.510971], [93.296127, 26.51449], [93.293732, 26.520241], [93.290619, 26.52334], [93.284172, 26.5238], [93.279396, 26.522963], [93.274643, 26.525511], [93.270836, 26.53009], [93.276207, 26.53381], [93.277336, 26.538488], [93.27755, 26.5448], [93.27478, 26.546242], [93.272087, 26.543329], [93.267342, 26.533701], [93.259361, 26.53326], [93.258942, 26.53549], [93.265579, 26.536131], [93.264313, 26.54031], [93.255188, 26.54616], [93.251617, 26.545401], [93.25032, 26.54785], [93.260582, 26.55171], [93.259033, 26.553301], [93.251869, 26.55303], [93.239487, 26.551929], [93.238106, 26.55442], [93.239067, 26.55788], [93.250343, 26.56625], [93.252327, 26.570881], [93.25795, 26.571211], [93.263046, 26.570271], [93.275169, 26.575319], [93.286522, 26.573971], [93.290077, 26.575991], [93.296051, 26.58103], [93.302879, 26.581091], [93.301262, 26.58007], [93.298653, 26.57748], [93.300476, 26.575451], [93.307442, 26.578831], [93.311943, 26.579491], [93.314079, 26.57826], [93.315376, 26.581211], [93.32016, 26.58514], [93.335533, 26.585571], [93.36805, 26.584311], [93.378807, 26.580931], [93.393433, 26.580761], [93.402641, 26.583549], [93.402328, 26.579121], [93.407333, 26.57737], [93.402, 26.574871], [93.403748, 26.57329], [93.412292, 26.570551], [93.417633, 26.574888], [93.424049, 26.57683], [93.446136, 26.57959], [93.456558, 26.58396], [93.457397, 26.582701], [93.454941, 26.57807], [93.458122, 26.57719], [93.464363, 26.58717], [93.468353, 26.588791], [93.466721, 26.583191], [93.463303, 26.577169], [93.4599, 26.573441], [93.465172, 26.571621], [93.469467, 26.578362], [93.475693, 26.584709], [93.485123, 26.585892], [93.49205, 26.58848], [93.494347, 26.59137], [93.494263, 26.593901], [93.488701, 26.593821], [93.47802, 26.591352], [93.472633, 26.593451], [93.472, 26.596651], [93.476677, 26.600458], [93.478973, 26.604691], [93.483803, 26.606781], [93.497627, 26.607462], [93.497543, 26.614931], [93.504539, 26.61175], [93.508873, 26.598619], [93.511116, 26.596518], [93.533188, 26.598122], [93.542557, 26.603611], [93.546242, 26.6071], [93.551193, 26.60741], [93.555946, 26.608973], [93.559311, 26.611551], [93.568199, 26.61031], [93.570671, 26.606741], [93.587967, 26.606819], [93.591713, 26.603189], [93.592567, 26.60062], [93.588097, 26.59734], [93.586487, 26.58795], [93.585266, 26.58477], [93.587799, 26.577049], [93.588158, 26.57362], [93.586853, 26.571701], [93.603577, 26.575911], [93.609787, 26.578758], [93.614876, 26.58004], [93.616989, 26.5749], [93.61335, 26.569521], [93.617493, 26.57077], [93.622231, 26.56809], [93.620003, 26.5734], [93.624916, 26.57859], [93.628532, 26.589888], [93.62561, 26.593861], [93.636612, 26.60018], [93.640381, 26.60144], [93.646179, 26.59733], [93.649986, 26.597721], [93.648613, 26.600868], [93.648926, 26.602892], [93.658127, 26.605722], [93.661369, 26.60605], [93.665451, 26.60214], [93.670456, 26.605841], [93.670937, 26.607161], [93.676033, 26.60384], [93.678963, 26.603722], [93.685593, 26.609381], [93.718231, 26.607901], [93.722687, 26.60704], [93.723572, 26.59906], [93.733871, 26.597021], [93.737488, 26.59271], [93.738747, 26.58894], [93.742943, 26.586637], [93.747543, 26.586811], [93.750481, 26.585661], [93.752502, 26.582479], [93.751869, 26.580551], [93.740791, 26.57317], [93.742607, 26.566191], [93.740097, 26.56242], [93.739059, 26.564529], [93.737526, 26.563299], [93.738228, 26.55987], [93.736298, 26.5553], [93.736206, 26.55319], [93.740067, 26.550131], [93.741386, 26.546871], [93.74054, 26.54393], [93.735291, 26.544201], [93.73484, 26.54109], [93.73793, 26.53793], [93.742996, 26.541271], [93.747437, 26.53191], [93.751427, 26.534491], [93.759186, 26.5308], [93.758606, 26.526199], [93.755516, 26.523691], [93.755951, 26.519901], [93.758713, 26.51833], [93.756706, 26.515261], [93.758606, 26.5107], [93.766403, 26.51022], [93.767403, 26.505468], [93.776329, 26.491171], [93.779556, 26.483011], [93.779533, 26.48036], [93.777367, 26.478392], [93.775391, 26.48037], [93.772926, 26.481373], [93.772896, 26.478479], [93.778923, 26.471451], [93.787903, 26.467091], [93.788399, 26.461931], [93.787689, 26.45767], [93.791481, 26.45393], [93.793777, 26.44466], [93.787933, 26.443722], [93.785851, 26.441511], [93.786926, 26.43807], [93.793922, 26.438742], [93.795387, 26.433531], [93.789146, 26.428329], [93.782852, 26.42618], [93.783806, 26.421881], [93.785507, 26.41679], [93.797729, 26.41357], [93.801857, 26.413851], [93.798988, 26.409571], [93.796257, 26.408781], [93.793152, 26.406563], [93.791077, 26.400742], [93.786827, 26.398031], [93.780678, 26.390242], [93.77774, 26.390732], [93.776428, 26.387661], [93.783989, 26.384722], [93.789452, 26.38106], [93.794746, 26.38101], [93.796043, 26.383963], [93.795357, 26.38648], [93.799507, 26.393478], [93.803223, 26.39497], [93.807442, 26.400141], [93.809433, 26.399137], [93.813026, 26.40274], [93.816246, 26.403358], [93.820686, 26.406641], [93.824699, 26.41169], [93.825996, 26.41551], [93.827873, 26.418051], [93.828102, 26.42116], [93.832687, 26.42083], [93.8386, 26.415491], [93.849106, 26.411671], [93.853668, 26.40881], [93.859596, 26.4086], [93.861847, 26.405411], [93.862747, 26.40053], [93.867798, 26.398529], [93.869522, 26.393501], [93.884521, 26.397829], [93.884506, 26.3911], [93.886169, 26.386358], [93.89006, 26.386011], [93.889771, 26.38278], [93.885376, 26.38072], [93.8853, 26.376801], [93.888458, 26.37582], [93.894257, 26.376289], [93.892677, 26.37294], [93.889923, 26.36969], [93.885422, 26.367041], [93.888321, 26.36525], [93.888496, 26.360823], [93.885582, 26.359819], [93.885986, 26.35751], [93.889229, 26.353361], [93.889687, 26.350611], [93.88562, 26.350561], [93.884956, 26.3459], [93.891197, 26.346088], [93.889641, 26.3382], [93.889908, 26.33165], [93.895393, 26.335279], [93.895271, 26.33217], [93.889923, 26.32987], [93.889328, 26.32733], [93.894493, 26.325439], [93.897102, 26.320881], [93.894707, 26.318727], [93.888916, 26.324343], [93.886726, 26.325232], [93.88588, 26.323551], [93.888786, 26.31876], [93.885513, 26.316881], [93.87886, 26.317661], [93.877121, 26.313492], [93.884377, 26.314053], [93.886391, 26.311548], [93.887711, 26.30691], [93.878937, 26.305132], [93.873718, 26.305401], [93.872856, 26.30378], [93.873253, 26.301998], [93.870079, 26.300591], [93.874832, 26.29686], [93.877151, 26.293961], [93.874397, 26.28702], [93.878502, 26.28311], [93.883301, 26.280701], [93.884308, 26.27634], [93.880997, 26.27681], [93.875328, 26.28134], [93.87339, 26.279251], [93.874123, 26.277241], [93.870079, 26.274549], [93.869156, 26.27149], [93.876686, 26.26964], [93.872177, 26.26366], [93.868599, 26.263613], [93.869888, 26.258289], [93.866722, 26.25819], [93.863533, 26.25705], [93.863632, 26.25441], [93.866829, 26.253071], [93.868713, 26.250563], [93.866928, 26.24929], [93.859596, 26.251381], [93.856987, 26.25071], [93.851036, 26.24769], [93.84967, 26.244801], [93.851677, 26.24213], [93.859177, 26.24832], [93.861549, 26.2472], [93.86158, 26.244211], [93.864258, 26.239759], [93.858177, 26.230961], [93.857117, 26.223351], [93.854866, 26.220558], [93.853111, 26.21991], [93.849777, 26.220558], [93.847923, 26.2229], [93.844536, 26.22337], [93.841316, 26.221189], [93.840637, 26.219812], [93.845581, 26.21987], [93.846497, 26.218], [93.846321, 26.21644], [93.83886, 26.212891], [93.83654, 26.210751], [93.835617, 26.20797], [93.836288, 26.20586], [93.84063, 26.208832], [93.843102, 26.208752], [93.844093, 26.206751], [93.839691, 26.203251], [93.839233, 26.199621], [93.834869, 26.202091], [93.832901, 26.202311], [93.832748, 26.19799], [93.835083, 26.19486], [93.829849, 26.19084], [93.83606, 26.18309], [93.835983, 26.178841], [93.831093, 26.182859], [93.828461, 26.179611], [93.824188, 26.178688], [93.828728, 26.173401], [93.826157, 26.170391], [93.828491, 26.167313], [93.830948, 26.16453], [93.835281, 26.164351], [93.838356, 26.162552], [93.83577, 26.160631], [93.83342, 26.16049], [93.833443, 26.157721], [93.831879, 26.156561], [93.82901, 26.15704], [93.82679, 26.156322], [93.8312, 26.154421], [93.833557, 26.153301], [93.831429, 26.151562], [93.829643, 26.151703], [93.828217, 26.14846], [93.830452, 26.142351], [93.830841, 26.134029], [93.8284, 26.134621], [93.826523, 26.141541], [93.823448, 26.140661], [93.822083, 26.135469], [93.826393, 26.134029], [93.828072, 26.131861], [93.827072, 26.129961], [93.823059, 26.130251], [93.82093, 26.128679], [93.818672, 26.12532], [93.822273, 26.121799], [93.824272, 26.118561], [93.822533, 26.115492], [93.819298, 26.115223], [93.813622, 26.116228], [93.810471, 26.1089], [93.809982, 26.106201], [93.813828, 26.100679], [93.816147, 26.09409], [93.814583, 26.09189], [93.811737, 26.094271], [93.809349, 26.098381], [93.805916, 26.097193], [93.805511, 26.094021], [93.809677, 26.089991], [93.80677, 26.09001], [93.806091, 26.088449], [93.80677, 26.083288], [93.80584, 26.08173], [93.807991, 26.07682], [93.807961, 26.07412], [93.801033, 26.07938], [93.798141, 26.076061], [93.799049, 26.073139], [93.803886, 26.072571], [93.805199, 26.069889], [93.800812, 26.06868], [93.795387, 26.064821], [93.798103, 26.058941], [93.793396, 26.05687], [93.794083, 26.05228], [93.796333, 26.048521], [93.795403, 26.045], [93.79306, 26.043011], [93.790367, 26.044189], [93.785217, 26.04401], [93.782822, 26.043051], [93.784073, 26.036579], [93.788101, 26.034861], [93.790871, 26.03805], [93.793533, 26.039289], [93.798851, 26.03644], [93.799652, 26.032028], [93.792671, 26.034813], [93.791237, 26.030371], [93.786743, 26.027719], [93.787727, 26.02412], [93.792381, 26.022461], [93.793877, 26.01829], [93.789803, 26.017431], [93.785423, 26.018339], [93.784546, 26.01162], [93.787407, 26.013088], [93.791748, 26.00983], [93.78965, 26.004669], [93.789993, 26.003651], [93.79039, 26.003201], [93.790871, 26.002798], [93.791382, 26.002459], [93.791916, 26.002178], [93.792526, 26.001961], [93.793152, 26.00181], [93.793793, 26.001751], [93.794418, 26.001751], [93.795067, 26.001829], [93.795677, 26.001982], [93.796288, 26.002192], [93.796837, 26.00248], [93.79734, 26.002823], [93.797806, 26.003231], [93.798203, 26.003681], [93.798691, 26.004669], [93.798653, 26.006561], [93.802223, 26.007111], [93.804443, 26.004669], [93.807648, 25.998871], [93.801292, 26.00193], [93.799286, 25.997181], [93.795441, 25.99584], [93.797539, 25.988491], [93.79763, 25.984991], [93.800217, 25.98398], [93.801041, 25.98576], [93.805206, 25.98867], [93.806549, 25.98678], [93.80468, 25.98361], [93.804382, 25.980721], [93.801971, 25.981171], [93.798119, 25.980091], [93.7938, 25.982191], [93.794136, 25.9781], [93.790527, 25.97756], [93.787437, 25.982771], [93.784073, 25.98406], [93.782997, 25.98295], [93.779312, 25.971182], [93.777077, 25.971809], [93.773033, 25.97039], [93.771286, 25.969568], [93.769653, 25.967131], [93.773018, 25.966021]]]}, "properties": {"name": "Karbi Anglong", "state": "Assam"}}, {"type": "Feature", "geometry": {"type": "Polygon", "coordinates": [[[92.314453, 24.907551], [92.315193, 24.903841], [92.319252, 24.901001], [92.320053, 24.900431], [92.319656, 24.89464], [92.324913, 24.894892], [92.327057, 24.89484], [92.328957, 24.89282], [92.334076, 24.893009], [92.335533, 24.893061], [92.338928, 24.888613], [92.34063, 24.886251], [92.339043, 24.880341], [92.343422, 24.87746], [92.347336, 24.87764], [92.348419, 24.878971], [92.346176, 24.88406], [92.346153, 24.884918], [92.34597, 24.889408], [92.347977, 24.89397], [92.35041, 24.889591], [92.355492, 24.880463], [92.362106, 24.882648], [92.362892, 24.882431], [92.365463, 24.881701], [92.367363, 24.878059], [92.370697, 24.871658], [92.376297, 24.87171], [92.378227, 24.86796], [92.383591, 24.867249], [92.384552, 24.867123], [92.388832, 24.861551], [92.389252, 24.861], [92.385391, 24.857201], [92.387512, 24.851139], [92.391472, 24.849941], [92.395058, 24.855358], [92.404533, 24.85479], [92.409332, 24.85132], [92.41098, 24.857441], [92.413597, 24.85825], [92.416451, 24.862843], [92.421722, 24.86134], [92.425926, 24.860142], [92.42588, 24.859921], [92.424919, 24.854321], [92.428947, 24.851971], [92.43235, 24.85211], [92.434326, 24.853691], [92.433212, 24.859541], [92.437523, 24.861019], [92.440689, 24.863701], [92.447006, 24.862921], [92.450203, 24.87151], [92.449417, 24.87528], [92.449181, 24.877247], [92.45491, 24.87739], [92.458527, 24.877468], [92.461037, 24.87265], [92.466606, 24.872181], [92.470306, 24.870758], [92.473717, 24.87347], [92.475662, 24.87501], [92.479622, 24.872601], [92.486023, 24.87434], [92.488007, 24.8738], [92.491798, 24.874022], [92.494133, 24.87674], [92.49868, 24.87619], [92.503372, 24.87434], [92.509216, 24.876251], [92.515999, 24.87719], [92.519623, 24.874008], [92.518867, 24.873491], [92.520447, 24.871721], [92.52565, 24.860983], [92.530251, 24.861662], [92.535049, 24.86396], [92.540916, 24.865301], [92.545456, 24.867361], [92.552551, 24.87245], [92.560127, 24.87443], [92.572662, 24.872341], [92.57785, 24.87067], [92.588966, 24.864311], [92.588913, 24.86051], [92.58651, 24.851513], [92.581078, 24.84133], [92.573326, 24.834061], [92.56324, 24.8218], [92.554497, 24.816469], [92.55088, 24.811821], [92.547928, 24.80633], [92.547752, 24.80431], [92.544937, 24.80094], [92.544029, 24.7953], [92.544563, 24.791679], [92.546173, 24.78474], [92.547783, 24.781719], [92.54747, 24.779593], [92.543091, 24.774361], [92.545479, 24.76627], [92.544853, 24.762253], [92.533066, 24.75205], [92.527153, 24.748411], [92.522957, 24.742552], [92.523361, 24.73848], [92.522209, 24.73173], [92.522713, 24.72621], [92.521889, 24.723621], [92.515701, 24.716761], [92.513893, 24.71283], [92.511169, 24.712049], [92.510483, 24.71117], [92.505562, 24.70203], [92.50396, 24.693163], [92.501297, 24.68829], [92.498352, 24.68531], [92.497177, 24.68169], [92.497223, 24.676229], [92.50296, 24.667381], [92.50412, 24.66436], [92.504318, 24.66292], [92.503296, 24.66065], [92.505287, 24.65103], [92.505318, 24.645111], [92.506706, 24.636723], [92.506622, 24.62907], [92.507393, 24.62788], [92.510277, 24.62785], [92.510941, 24.626772], [92.510223, 24.626068], [92.508713, 24.618811], [92.509247, 24.60519], [92.505333, 24.605659], [92.505836, 24.593641], [92.514153, 24.580009], [92.516922, 24.578482], [92.517006, 24.576073], [92.519203, 24.56925], [92.516403, 24.554569], [92.50853, 24.534613], [92.510681, 24.524761], [92.508507, 24.51749], [92.507668, 24.510521], [92.508972, 24.50363], [92.509033, 24.49794], [92.506493, 24.490891], [92.510696, 24.482031], [92.508133, 24.47205], [92.508347, 24.46763], [92.507126, 24.461243], [92.506172, 24.453232], [92.507233, 24.4464], [92.506767, 24.439661], [92.50235, 24.42219], [92.500969, 24.41337], [92.500656, 24.40233], [92.496422, 24.394341], [92.495781, 24.389221], [92.496201, 24.38312], [92.492661, 24.37538], [92.492706, 24.369631], [92.48362, 24.352503], [92.482147, 24.348391], [92.481873, 24.34305], [92.476959, 24.324991], [92.470627, 24.31156], [92.464157, 24.30084], [92.454758, 24.28882], [92.445801, 24.275248], [92.439598, 24.270231], [92.432861, 24.255713], [92.425568, 24.252123], [92.423752, 24.25318], [92.422379, 24.253111], [92.416451, 24.253429], [92.406837, 24.25194], [92.395706, 24.252529], [92.376526, 24.25131], [92.314072, 24.252602], [92.310501, 24.251348], [92.303497, 24.252691], [92.296684, 24.251741], [92.296608, 24.25173], [92.29187, 24.251282], [92.284912, 24.252052], [92.284782, 24.252068], [92.259705, 24.250488], [92.259583, 24.25049], [92.240479, 24.250671], [92.212891, 24.249329], [92.264099, 24.362148], [92.264153, 24.362261], [92.268127, 24.36731], [92.2677, 24.373291], [92.268303, 24.374792], [92.272255, 24.377689], [92.272469, 24.37928], [92.271873, 24.380033], [92.269882, 24.382198], [92.269943, 24.38229], [92.272659, 24.386223], [92.272705, 24.386292], [92.273087, 24.388451], [92.270508, 24.39093], [92.269897, 24.394897], [92.264282, 24.397705], [92.262672, 24.404829], [92.26265, 24.404917], [92.263306, 24.408081], [92.26268, 24.409811], [92.259277, 24.413513], [92.258636, 24.414646], [92.255959, 24.41898], [92.257477, 24.43252], [92.256531, 24.436279], [92.256325, 24.436411], [92.239319, 24.447327], [92.236069, 24.450272], [92.235939, 24.453781], [92.235069, 24.456432], [92.2323, 24.458496], [92.231148, 24.460415], [92.231087, 24.46051], [92.231094, 24.460814], [92.231171, 24.465441], [92.228958, 24.472002], [92.22892, 24.472101], [92.230293, 24.48004], [92.233841, 24.484711], [92.239502, 24.489929], [92.236603, 24.492823], [92.236328, 24.494324], [92.236153, 24.494844], [92.235474, 24.496887], [92.235107, 24.498291], [92.23468, 24.499329], [92.234268, 24.500441], [92.230995, 24.504091], [92.231148, 24.509378], [92.231369, 24.51936], [92.232788, 24.530441], [92.232933, 24.533022], [92.233383, 24.541271], [92.233292, 24.551081], [92.233337, 24.551311], [92.233871, 24.55407], [92.233833, 24.56179], [92.235077, 24.570421], [92.235718, 24.579929], [92.237419, 24.591631], [92.239319, 24.6], [92.242027, 24.608261], [92.246101, 24.61928], [92.249527, 24.629539], [92.251083, 24.636021], [92.252167, 24.642061], [92.253166, 24.64913], [92.252899, 24.65098], [92.250648, 24.653551], [92.250908, 24.657089], [92.252228, 24.66054], [92.255981, 24.663719], [92.258141, 24.66868], [92.259583, 24.673271], [92.259499, 24.67523], [92.258408, 24.678261], [92.2593, 24.680862], [92.261391, 24.68227], [92.261772, 24.68461], [92.262749, 24.688641], [92.265221, 24.691299], [92.268646, 24.69421], [92.272636, 24.699261], [92.27726, 24.70653], [92.278679, 24.709681], [92.279106, 24.71179], [92.282143, 24.71545], [92.286003, 24.7204], [92.290291, 24.724131], [92.293678, 24.72858], [92.298271, 24.736551], [92.297539, 24.738171], [92.293259, 24.73922], [92.288559, 24.740789], [92.285057, 24.7437], [92.285339, 24.748741], [92.288193, 24.754761], [92.292236, 24.75971], [92.294273, 24.762501], [92.292191, 24.76465], [92.288567, 24.76635], [92.286659, 24.769411], [92.287193, 24.7722], [92.289978, 24.777081], [92.293106, 24.783602], [92.293427, 24.786013], [92.293411, 24.7894], [92.290131, 24.790277], [92.286842, 24.792311], [92.284927, 24.79521], [92.282036, 24.805828], [92.281441, 24.81436], [92.279663, 24.828041], [92.277779, 24.830408], [92.272537, 24.83143], [92.266823, 24.832138], [92.262726, 24.832651], [92.262306, 24.832741], [92.254616, 24.834242], [92.257278, 24.841311], [92.254868, 24.842211], [92.250603, 24.841471], [92.248497, 24.842131], [92.24762, 24.843309], [92.24662, 24.84461], [92.24411, 24.849373], [92.244041, 24.855061], [92.244118, 24.856531], [92.244308, 24.859989], [92.244263, 24.86372], [92.241882, 24.86606], [92.24028, 24.86808], [92.240547, 24.8703], [92.240601, 24.870651], [92.242096, 24.87254], [92.243919, 24.87266], [92.24791, 24.872931], [92.250023, 24.874571], [92.250557, 24.879881], [92.250473, 24.880932], [92.25013, 24.884781], [92.249016, 24.888788], [92.247246, 24.892139], [92.244476, 24.89455], [92.241638, 24.896622], [92.240517, 24.899191], [92.241386, 24.901279], [92.242897, 24.902271], [92.244461, 24.90333], [92.244843, 24.90675], [92.245232, 24.91025], [92.250206, 24.912863], [92.255058, 24.913931], [92.256401, 24.910391], [92.257759, 24.90686], [92.261803, 24.905951], [92.267662, 24.90576], [92.270859, 24.911259], [92.279083, 24.91003], [92.279861, 24.90991], [92.279999, 24.909691], [92.283096, 24.904779], [92.288147, 24.905951], [92.291046, 24.90955], [92.290451, 24.911819], [92.289749, 24.915813], [92.298378, 24.92005], [92.299469, 24.91774], [92.301369, 24.913721], [92.305298, 24.913038], [92.308571, 24.90831], [92.312149, 24.90785], [92.314453, 24.907551]]]}, "properties": {"name": "Karimganj", "state": "Assam"}}, {"type": "Feature", "geometry": {"type": "Polygon", "coordinates": [[[89.858856, 26.735218], [89.859779, 26.735966], [89.860985, 26.736383], [89.862923, 26.737383], [89.897453, 26.724449], [89.962135, 26.723869], [89.967018, 26.723825], [89.975403, 26.725668], [89.992584, 26.729445], [89.997032, 26.730423], [90.006081, 26.732048], [90.008209, 26.732431], [90.009712, 26.732349], [90.012886, 26.732176], [90.013191, 26.732159], [90.018745, 26.731857], [90.04924, 26.730703], [90.138351, 26.753296], [90.188614, 26.771303], [90.194595, 26.773445], [90.187462, 26.806999], [90.200768, 26.835365], [90.227455, 26.85689], [90.229073, 26.858194], [90.230217, 26.859118], [90.234032, 26.859142], [90.241753, 26.85919], [90.248596, 26.859232], [90.254051, 26.858198], [90.254456, 26.85812], [90.25547, 26.857929], [90.264984, 26.856136], [90.283104, 26.852718], [90.300217, 26.848406], [90.315041, 26.856829], [90.315392, 26.857031], [90.322052, 26.860815], [90.337265, 26.869455], [90.346962, 26.874964], [90.347786, 26.875435], [90.35006, 26.888624], [90.350174, 26.889305], [90.356445, 26.901009], [90.416481, 26.904701], [90.42025, 26.902145], [90.423904, 26.89967], [90.438248, 26.88995], [90.466011, 26.87113], [90.481873, 26.860369], [90.501701, 26.846914], [90.508904, 26.842028], [90.514595, 26.838163], [90.533409, 26.825384], [90.542992, 26.818876], [90.545853, 26.816936], [90.570396, 26.808701], [90.584976, 26.803808], [90.633896, 26.793976], [90.643204, 26.780336], [90.63707, 26.786633], [90.630318, 26.79167], [90.617569, 26.794622], [90.61499, 26.795094], [90.587723, 26.771235], [90.560654, 26.742086], [90.540878, 26.711897], [90.532547, 26.686914], [90.523178, 26.665052], [90.523178, 26.643192], [90.524223, 26.630701], [90.53775, 26.611963], [90.547119, 26.59947], [90.564819, 26.578651], [90.574188, 26.553665], [90.572105, 26.531805], [90.556488, 26.526602], [90.533592, 26.540134], [90.505486, 26.542215], [90.490906, 26.534929], [90.469048, 26.541176], [90.457596, 26.548464], [90.43782, 26.550545], [90.425323, 26.550545], [90.409714, 26.557831], [90.389931, 26.559914], [90.364952, 26.552626], [90.3535, 26.546383], [90.357658, 26.522436], [90.36911, 26.500576], [90.377441, 26.486], [90.395142, 26.481838], [90.414917, 26.481838], [90.429489, 26.49329], [90.449272, 26.49329], [90.457596, 26.484962], [90.458641, 26.466223], [90.446144, 26.44957], [90.435738, 26.437077], [90.438858, 26.415216], [90.441048, 26.405901], [90.443024, 26.397518], [90.446144, 26.381905], [90.447189, 26.365248], [90.447189, 26.35796], [90.449127, 26.354082], [90.448868, 26.353731], [90.445869, 26.347651], [90.444, 26.346041], [90.441772, 26.346519], [90.440277, 26.36202], [90.434433, 26.358721], [90.437767, 26.35018], [90.437737, 26.34581], [90.436958, 26.34413], [90.434143, 26.34313], [90.431847, 26.343882], [90.429848, 26.3477], [90.431236, 26.3542], [90.424606, 26.360291], [90.42205, 26.365021], [90.419861, 26.363541], [90.412956, 26.362501], [90.400887, 26.363319], [90.39547, 26.362963], [90.3815, 26.36639], [90.379028, 26.36791], [90.377518, 26.3701], [90.379967, 26.371641], [90.381851, 26.374331], [90.383652, 26.370991], [90.385063, 26.370621], [90.38678, 26.37672], [90.389053, 26.38039], [90.394218, 26.385651], [90.39444, 26.388121], [90.393066, 26.391251], [90.384323, 26.384911], [90.37542, 26.37616], [90.37426, 26.375761], [90.371658, 26.384821], [90.371727, 26.396851], [90.370636, 26.397369], [90.36834, 26.39653], [90.36573, 26.39683], [90.362213, 26.398588], [90.359016, 26.403839], [90.358727, 26.40781], [90.356773, 26.411169], [90.353233, 26.413322], [90.34716, 26.413813], [90.338142, 26.41329], [90.331367, 26.41115], [90.328842, 26.409271], [90.327316, 26.396441], [90.33136, 26.39043], [90.332268, 26.38703], [90.331703, 26.386341], [90.329849, 26.38681], [90.325653, 26.388741], [90.318123, 26.38954], [90.314857, 26.38829], [90.312119, 26.385248], [90.310387, 26.38101], [90.311417, 26.376909], [90.320091, 26.36799], [90.319801, 26.365919], [90.317543, 26.363218], [90.318832, 26.36264], [90.321907, 26.363611], [90.32415, 26.365431], [90.326447, 26.365881], [90.328186, 26.365631], [90.328163, 26.364483], [90.318588, 26.356541], [90.316322, 26.355461], [90.315422, 26.35305], [90.309113, 26.348322], [90.308372, 26.350491], [90.304741, 26.34539], [90.300453, 26.34289], [90.29747, 26.338131], [90.290253, 26.33881], [90.28511, 26.336531], [90.287582, 26.333469], [90.28801, 26.331099], [90.28598, 26.325991], [90.28476, 26.323351], [90.282753, 26.321751], [90.278076, 26.32], [90.27301, 26.323299], [90.271843, 26.327921], [90.270576, 26.32902], [90.266426, 26.331181], [90.255753, 26.334461], [90.252998, 26.334881], [90.252197, 26.33086], [90.250458, 26.328041], [90.24794, 26.326328], [90.246742, 26.326269], [90.244957, 26.32761], [90.241058, 26.328041], [90.239441, 26.32539], [90.236183, 26.32391], [90.225647, 26.33267], [90.220657, 26.329943], [90.216881, 26.329498], [90.216209, 26.3318], [90.226677, 26.34971], [90.218147, 26.34952], [90.214386, 26.350519], [90.216766, 26.35269], [90.221367, 26.352501], [90.227257, 26.35471], [90.231407, 26.361992], [90.231758, 26.365391], [90.229927, 26.37007], [90.224037, 26.373381], [90.225677, 26.379301], [90.225647, 26.382811], [90.224129, 26.38553], [90.218307, 26.383949], [90.204399, 26.37706], [90.206177, 26.362598], [90.203407, 26.35881], [90.192566, 26.35317], [90.186638, 26.345371], [90.176727, 26.34536], [90.171677, 26.3424], [90.16964, 26.342531], [90.166512, 26.34577], [90.152031, 26.35298], [90.149727, 26.353111], [90.138863, 26.349531], [90.117699, 26.33927], [90.104523, 26.32942], [90.068268, 26.305311], [90.056297, 26.29874], [90.050598, 26.29693], [90.047798, 26.297392], [90.04673, 26.298321], [90.040398, 26.299089], [90.033226, 26.302891], [90.026642, 26.30942], [90.024567, 26.314911], [90.023537, 26.320631], [90.02478, 26.32539], [90.027229, 26.328781], [90.027313, 26.3323], [90.026688, 26.333851], [90.023979, 26.33617], [90.019096, 26.336201], [90.016548, 26.334711], [90.011002, 26.328339], [90.008583, 26.32692], [90.005386, 26.326361], [90.001953, 26.32881], [89.998093, 26.3337], [89.995201, 26.334433], [89.98851, 26.339939], [89.985397, 26.345581], [89.979233, 26.34166], [89.971489, 26.33819], [89.961639, 26.335011], [89.946556, 26.333252], [89.936012, 26.3353], [89.931923, 26.34053], [89.92823, 26.341721], [89.923843, 26.34075], [89.919876, 26.33872], [89.915031, 26.33942], [89.911537, 26.33894], [89.90834, 26.33659], [89.907722, 26.33152], [89.906082, 26.32769], [89.902901, 26.32556], [89.89473, 26.32506], [89.88987, 26.313082], [89.88253, 26.30835], [89.878906, 26.304461], [89.874191, 26.302111], [89.845383, 26.299431], [89.830322, 26.307461], [89.82341, 26.308439], [89.819901, 26.307701], [89.806923, 26.301361], [89.802963, 26.300451], [89.799232, 26.30088], [89.796051, 26.30253], [89.788116, 26.311611], [89.78643, 26.31222], [89.782127, 26.316271], [89.77092, 26.31295], [89.76638, 26.31385], [89.761963, 26.317068], [89.768532, 26.323803], [89.777748, 26.327761], [89.780861, 26.330881], [89.781036, 26.33584], [89.779213, 26.343203], [89.77906, 26.34741], [89.780891, 26.352171], [89.782013, 26.353279], [89.790321, 26.358063], [89.804001, 26.362343], [89.809853, 26.366501], [89.812561, 26.367001], [89.820419, 26.370621], [89.81723, 26.3661], [89.812668, 26.3624], [89.811546, 26.36071], [89.811493, 26.358021], [89.813629, 26.35317], [89.815567, 26.35146], [89.820099, 26.350382], [89.82119, 26.351139], [89.82341, 26.355249], [89.82106, 26.35907], [89.827057, 26.36665], [89.827423, 26.36982], [89.824409, 26.37689], [89.825592, 26.379318], [89.827873, 26.381121], [89.830986, 26.38203], [89.834023, 26.381262], [89.840927, 26.37776], [89.845497, 26.384029], [89.851257, 26.38405], [89.855072, 26.38203], [89.857292, 26.38446], [89.853157, 26.39599], [89.850327, 26.398281], [89.846817, 26.40274], [89.846062, 26.397793], [89.844498, 26.39435], [89.840393, 26.39082], [89.830589, 26.3902], [89.827972, 26.393478], [89.827278, 26.396473], [89.829468, 26.40328], [89.83329, 26.412291], [89.836342, 26.41127], [89.844849, 26.410221], [89.849808, 26.414209], [89.847649, 26.419823], [89.847786, 26.421753], [89.849762, 26.422251], [89.852997, 26.424561], [89.855202, 26.43405], [89.857689, 26.438122], [89.86113, 26.44042], [89.869499, 26.44842], [89.869431, 26.457281], [89.870621, 26.45989], [89.870209, 26.46398], [89.867096, 26.465811], [89.862373, 26.46607], [89.861023, 26.474781], [89.852692, 26.48778], [89.854973, 26.494303], [89.855606, 26.50514], [89.8535, 26.517233], [89.854431, 26.521078], [89.861839, 26.53046], [89.862267, 26.537291], [89.86142, 26.543188], [89.864616, 26.54829], [89.864326, 26.56078], [89.865486, 26.56584], [89.864998, 26.570271], [89.861526, 26.57456], [89.862007, 26.577883], [89.869873, 26.57951], [89.877548, 26.584242], [89.874222, 26.589212], [89.872116, 26.594709], [89.872543, 26.59757], [89.875221, 26.60117], [89.876633, 26.606342], [89.877228, 26.61305], [89.871613, 26.61496], [89.861832, 26.61515], [89.859001, 26.61721], [89.85704, 26.623411], [89.857292, 26.63209], [89.861267, 26.635559], [89.873672, 26.643511], [89.875839, 26.646301], [89.876373, 26.6495], [89.872757, 26.651859], [89.868057, 26.656618], [89.868286, 26.660761], [89.869873, 26.66267], [89.870522, 26.66622], [89.869339, 26.67095], [89.869469, 26.673811], [89.871483, 26.679218], [89.871429, 26.683531], [89.861412, 26.70035], [89.860077, 26.701374], [89.863152, 26.700655], [89.862503, 26.701653], [89.865555, 26.705976], [89.865051, 26.707769], [89.864014, 26.710762], [89.862595, 26.71373], [89.862022, 26.716526], [89.862762, 26.719269], [89.863495, 26.722178], [89.864235, 26.725418], [89.86451, 26.727247], [89.864296, 26.728001], [89.864319, 26.73057], [89.862656, 26.731897], [89.860283, 26.733955], [89.859688, 26.73447], [89.858856, 26.735218]]]}, "properties": {"name": "Kokrajhar", "state": "Assam"}}, {"type": "Feature", "geometry": {"type": "Polygon", "coordinates": [[[93.962532, 26.929531], [93.946739, 26.932138], [93.935097, 26.93288], [93.922752, 26.930031], [93.917862, 26.92535], [93.918732, 26.918011], [93.918457, 26.911751], [93.892517, 26.89402], [93.893036, 26.889771], [93.896523, 26.88236], [93.897247, 26.875259], [93.892723, 26.868191], [93.879326, 26.858829], [93.864746, 26.86121], [93.856743, 26.86105], [93.848701, 26.855619], [93.841972, 26.855518], [93.839409, 26.851858], [93.836937, 26.843849], [93.82518, 26.828648], [93.820213, 26.82662], [93.806923, 26.826271], [93.800743, 26.828098], [93.78933, 26.833549], [93.772171, 26.847031], [93.773003, 26.85261], [93.779877, 26.854601], [93.788872, 26.860811], [93.781853, 26.876221], [93.781799, 26.881151], [93.779381, 26.887781], [93.774551, 26.8915], [93.764511, 26.89407], [93.756172, 26.894758], [93.74884, 26.897421], [93.744797, 26.903671], [93.743416, 26.910999], [93.748093, 26.91543], [93.750847, 26.922129], [93.748413, 26.928181], [93.748207, 26.933861], [93.745171, 26.94025], [93.746216, 26.950998], [93.743126, 26.96146], [93.737167, 26.967461], [93.727623, 26.97254], [93.725563, 26.9778], [93.70916, 26.98641], [93.703217, 26.988171], [93.70163, 26.99258], [93.69828, 26.994791], [93.700951, 26.997103], [93.705681, 27.003681], [93.704498, 27.006561], [93.705566, 27.008329], [93.718933, 27.01922], [93.733887, 27.027231], [93.742577, 27.029713], [93.746429, 27.03241], [93.768478, 27.043291], [93.768196, 27.055519], [93.770073, 27.05558], [93.770958, 27.05455], [93.77179, 27.055519], [93.7724, 27.062302], [93.773682, 27.062361], [93.775436, 27.056219], [93.777946, 27.052771], [93.77916, 27.053343], [93.779137, 27.05829], [93.781166, 27.06082], [93.782272, 27.0669], [93.783211, 27.06719], [93.78511, 27.058359], [93.786133, 27.05537], [93.787422, 27.05423], [93.791191, 27.054569], [93.793999, 27.05773], [93.797096, 27.070883], [93.798058, 27.070942], [93.798767, 27.069681], [93.799423, 27.066872], [93.802132, 27.061762], [93.804886, 27.06135], [93.808548, 27.062571], [93.810188, 27.06814], [93.812881, 27.070681], [93.815712, 27.065451], [93.818787, 27.064932], [93.822876, 27.068321], [93.824577, 27.07217], [93.825493, 27.072123], [93.827103, 27.06885], [93.828247, 27.068951], [93.82901, 27.072123], [93.8321, 27.072868], [93.835022, 27.074991], [93.836746, 27.078213], [93.834763, 27.08205], [93.834366, 27.08285], [93.836212, 27.086479], [93.833031, 27.08761], [93.831322, 27.09244], [93.826637, 27.09938], [93.827232, 27.11194], [93.825493, 27.119341], [93.821953, 27.12203], [93.819107, 27.122902], [93.814957, 27.122608], [93.813156, 27.12376], [93.811363, 27.126268], [93.81385, 27.128618], [93.814232, 27.130821], [93.813507, 27.132011], [93.808189, 27.13287], [93.805809, 27.13475], [93.802223, 27.13286], [93.800247, 27.132629], [93.798431, 27.134399], [93.797798, 27.136009], [93.798241, 27.137161], [93.801437, 27.137911], [93.805611, 27.137791], [93.806808, 27.147209], [93.807297, 27.150141], [93.808586, 27.151751], [93.817017, 27.158241], [93.82666, 27.169371], [93.828979, 27.170643], [93.836998, 27.172079], [93.839882, 27.173458], [93.847168, 27.179781], [93.85746, 27.191101], [93.867447, 27.198841], [93.885612, 27.224382], [93.890976, 27.230181], [93.892982, 27.23097], [93.901047, 27.241541], [93.9189, 27.257141], [93.933907, 27.268341], [93.938911, 27.273279], [93.95652, 27.29476], [93.972672, 27.30834], [93.980949, 27.313768], [93.985672, 27.32058], [93.990181, 27.32465], [93.996033, 27.327883], [93.997803, 27.32786], [94.000687, 27.330139], [94.000008, 27.334709], [94.009789, 27.33889], [94.025833, 27.3477], [94.030083, 27.347992], [94.041641, 27.353291], [94.048317, 27.358749], [94.054832, 27.362831], [94.060928, 27.36356], [94.063148, 27.368912], [94.068649, 27.374401], [94.072449, 27.383013], [94.086349, 27.40456], [94.0933, 27.41094], [94.099922, 27.413919], [94.106522, 27.418051], [94.117081, 27.430971], [94.123337, 27.43498], [94.135857, 27.44586], [94.140808, 27.44846], [94.154457, 27.460461], [94.160202, 27.466471], [94.158737, 27.470001], [94.157211, 27.478048], [94.164223, 27.480989], [94.167931, 27.484188], [94.174713, 27.484072], [94.186897, 27.49081], [94.191246, 27.496321], [94.195229, 27.497459], [94.210655, 27.497904], [94.212326, 27.49795], [94.215401, 27.503139], [94.221672, 27.50703], [94.259056, 27.5226], [94.259727, 27.523491], [94.268799, 27.51874], [94.274513, 27.513359], [94.280067, 27.504271], [94.27916, 27.48024], [94.27774, 27.47159], [94.282448, 27.46114], [94.28981, 27.452009], [94.295738, 27.44808], [94.304947, 27.44039], [94.307533, 27.433741], [94.305786, 27.409281], [94.304573, 27.400181], [94.301277, 27.393671], [94.298027, 27.39003], [94.28511, 27.385969], [94.280151, 27.388201], [94.27668, 27.39197], [94.269333, 27.396431], [94.265419, 27.40185], [94.25618, 27.402889], [94.251472, 27.40064], [94.246933, 27.393291], [94.250031, 27.38608], [94.261742, 27.374031], [94.271767, 27.36606], [94.285027, 27.358471], [94.298958, 27.354622], [94.300743, 27.350166], [94.323502, 27.352898], [94.34713, 27.344627], [94.375488, 27.339903], [94.403847, 27.333992], [94.432198, 27.333992], [94.447563, 27.342262], [94.470009, 27.346989], [94.49128, 27.351715], [94.5, 27.349972], [94.509003, 27.348171], [94.523178, 27.331629], [94.527901, 27.306818], [94.538536, 27.306818], [94.553894, 27.317451], [94.560989, 27.325722], [94.56926, 27.317451], [94.584618, 27.297363], [94.598137, 27.286104], [94.593483, 27.27837], [94.586723, 27.27063], [94.586098, 27.262701], [94.588707, 27.254539], [94.58712, 27.244471], [94.578636, 27.219412], [94.581108, 27.21406], [94.581497, 27.20615], [94.579391, 27.196569], [94.574829, 27.191233], [94.569336, 27.182781], [94.562073, 27.18565], [94.56205, 27.17779], [94.546638, 27.175192], [94.524582, 27.16279], [94.530487, 27.157639], [94.53299, 27.15064], [94.528458, 27.14571], [94.513817, 27.14588], [94.512062, 27.144171], [94.508598, 27.124571], [94.503517, 27.12422], [94.5, 27.125065], [94.493279, 27.12668], [94.490601, 27.131321], [94.490326, 27.13735], [94.483582, 27.14172], [94.477837, 27.139412], [94.474083, 27.13541], [94.474106, 27.12611], [94.470047, 27.11837], [94.461777, 27.11553], [94.457321, 27.118931], [94.446083, 27.120609], [94.438286, 27.123291], [94.431923, 27.12085], [94.427353, 27.11627], [94.427811, 27.103983], [94.424347, 27.0993], [94.417793, 27.094891], [94.409576, 27.09647], [94.392288, 27.10157], [94.383362, 27.099279], [94.367256, 27.101601], [94.358299, 27.09654], [94.351891, 27.089611], [94.34549, 27.08658], [94.337143, 27.085051], [94.323837, 27.091322], [94.316231, 27.076658], [94.312843, 27.07387], [94.307556, 27.07622], [94.302559, 27.08396], [94.296577, 27.08956], [94.286018, 27.09487], [94.281189, 27.099003], [94.266113, 27.09598], [94.259071, 27.09116], [94.253357, 27.088711], [94.238098, 27.077009], [94.230293, 27.062971], [94.225807, 27.04941], [94.223259, 27.04183], [94.225822, 27.039358], [94.22448, 27.03566], [94.218819, 27.033861], [94.202477, 27.032761], [94.197861, 27.03878], [94.194473, 27.040871], [94.189812, 27.03944], [94.186813, 27.031853], [94.188759, 27.025398], [94.191597, 27.019753], [94.19194, 27.01458], [94.190857, 27.011883], [94.185753, 27.004259], [94.180962, 27.00091], [94.178139, 27.00304], [94.174522, 27.003139], [94.169876, 27.001011], [94.163467, 27.00296], [94.158653, 27.002691], [94.154297, 26.997499], [94.137291, 26.99317], [94.140213, 26.97995], [94.138687, 26.97595], [94.133987, 26.972982], [94.11898, 26.97431], [94.11113, 26.973801], [94.100182, 26.970421], [94.086136, 26.9643], [94.077713, 26.963951], [94.067467, 26.981413], [94.059807, 26.9839], [94.052727, 26.9828], [94.043488, 26.977388], [94.040733, 26.971189], [94.027527, 26.95982], [94.02655, 26.95083], [94.029152, 26.938232], [94.025581, 26.933571], [94.01252, 26.931129], [94.007027, 26.93815], [93.998497, 26.94346], [93.986641, 26.93108], [93.975151, 26.92701], [93.962532, 26.929531]]]}, "properties": {"name": "Lakhimpur", "state": "Assam"}}, {"type": "Feature", "geometry": {"type": "Polygon", "coordinates": [[[92.178307, 26.07951], [92.173798, 26.083311], [92.168159, 26.093271], [92.168282, 26.09506], [92.172119, 26.10265], [92.16996, 26.11701], [92.168686, 26.1194], [92.164627, 26.13516], [92.162842, 26.149771], [92.167206, 26.15863], [92.168137, 26.16494], [92.16288, 26.165001], [92.158852, 26.16783], [92.156349, 26.168701], [92.154541, 26.167839], [92.153946, 26.164421], [92.15184, 26.16276], [92.147217, 26.164091], [92.132286, 26.17502], [92.131279, 26.178982], [92.129646, 26.17997], [92.122688, 26.17985], [92.114967, 26.177471], [92.108559, 26.172571], [92.093559, 26.17738], [92.081566, 26.179062], [92.083908, 26.179689], [92.091766, 26.184181], [92.093407, 26.186241], [92.09211, 26.189272], [92.09005, 26.189959], [92.084007, 26.18639], [92.08152, 26.187132], [92.077347, 26.19656], [92.071709, 26.197811], [92.063278, 26.197741], [92.06102, 26.19862], [92.046082, 26.2148], [92.045891, 26.20561], [92.043617, 26.200769], [92.040489, 26.200823], [92.038338, 26.202761], [92.03653, 26.206188], [92.032059, 26.20912], [92.030403, 26.209242], [92.028267, 26.208101], [92.023956, 26.201933], [92.019997, 26.202841], [92.014549, 26.20664], [92.008102, 26.20582], [92.005768, 26.205021], [92.004227, 26.203569], [92.002853, 26.20463], [91.997437, 26.20583], [91.976242, 26.218941], [91.966927, 26.225971], [91.959396, 26.22905], [91.956596, 26.23278], [91.955696, 26.23658], [91.955948, 26.240089], [91.95768, 26.24501], [91.957428, 26.249161], [91.953392, 26.255039], [91.981773, 26.276201], [91.989456, 26.270281], [91.997337, 26.27297], [92.002373, 26.275], [92.010712, 26.280178], [92.014801, 26.281281], [92.017853, 26.277481], [92.022018, 26.274193], [92.026253, 26.271891], [92.030342, 26.271221], [92.043037, 26.276861], [92.048286, 26.282221], [92.056099, 26.294201], [92.061737, 26.304651], [92.062798, 26.309481], [92.066307, 26.31234], [92.070236, 26.313091], [92.073456, 26.31572], [92.083588, 26.33839], [92.095398, 26.34178], [92.101257, 26.344591], [92.103867, 26.3545], [92.106178, 26.35799], [92.109993, 26.36034], [92.124527, 26.37232], [92.128456, 26.381458], [92.133476, 26.387342], [92.141472, 26.40003], [92.153816, 26.412083], [92.162537, 26.41839], [92.178886, 26.424498], [92.18692, 26.425041], [92.201843, 26.422421], [92.204536, 26.420891], [92.206413, 26.41868], [92.21106, 26.41643], [92.214951, 26.4163], [92.219963, 26.418381], [92.227058, 26.42321], [92.236839, 26.432199], [92.241028, 26.44313], [92.247246, 26.449211], [92.254799, 26.45285], [92.259796, 26.45339], [92.271446, 26.45303], [92.279648, 26.45549], [92.288773, 26.461109], [92.292053, 26.46419], [92.298279, 26.470221], [92.301537, 26.474211], [92.30304, 26.47753], [92.311378, 26.485628], [92.315117, 26.488762], [92.323517, 26.49271], [92.327812, 26.49563], [92.342346, 26.50296], [92.343933, 26.503799], [92.345261, 26.507469], [92.348061, 26.507881], [92.358147, 26.506571], [92.363106, 26.50692], [92.383247, 26.51869], [92.38549, 26.51857], [92.389069, 26.516069], [92.402107, 26.515739], [92.413788, 26.517004], [92.429558, 26.493343], [92.444969, 26.474504], [92.453537, 26.459093], [92.453537, 26.441969], [92.446686, 26.42741], [92.444969, 26.414568], [92.444969, 26.400867], [92.45182, 26.384598], [92.464668, 26.374323], [92.481789, 26.368328], [92.500626, 26.371756], [92.521179, 26.379459], [92.551147, 26.388023], [92.562279, 26.392305], [92.567413, 26.381174], [92.56485, 26.361479], [92.549431, 26.340929], [92.541725, 26.311817], [92.540016, 26.295547], [92.516037, 26.287842], [92.4972, 26.286983], [92.450966, 26.263866], [92.439835, 26.239891], [92.440689, 26.213346], [92.439835, 26.19194], [92.429558, 26.172247], [92.426987, 26.153408], [92.413292, 26.139709], [92.410881, 26.137568], [92.389778, 26.142521], [92.3862, 26.14151], [92.382866, 26.137569], [92.377419, 26.13352], [92.371727, 26.13253], [92.368607, 26.122311], [92.355713, 26.112028], [92.350761, 26.109833], [92.34639, 26.10965], [92.34375, 26.108631], [92.345146, 26.104691], [92.331123, 26.098761], [92.32605, 26.09811], [92.318207, 26.09314], [92.314217, 26.088598], [92.312279, 26.08337], [92.312973, 26.077169], [92.312256, 26.07605], [92.310516, 26.076469], [92.309357, 26.079208], [92.307327, 26.079731], [92.302063, 26.076761], [92.301582, 26.07649], [92.299667, 26.076731], [92.297318, 26.079149], [92.295982, 26.07889], [92.293922, 26.077791], [92.290047, 26.07379], [92.290146, 26.0728], [92.288063, 26.06999], [92.280731, 26.069189], [92.273689, 26.06502], [92.273727, 26.065891], [92.272316, 26.066601], [92.268646, 26.067949], [92.265686, 26.065399], [92.251457, 26.064362], [92.241173, 26.06254], [92.22834, 26.06764], [92.218353, 26.07015], [92.21611, 26.0693], [92.213562, 26.069679], [92.212013, 26.070971], [92.210426, 26.0711], [92.208809, 26.07066], [92.209343, 26.069189], [92.208267, 26.068569], [92.20182, 26.070021], [92.189369, 26.066881], [92.188347, 26.068871], [92.184601, 26.069189], [92.182327, 26.070341], [92.180443, 26.068501], [92.178886, 26.06921], [92.180946, 26.07618], [92.178307, 26.07951]]]}, "properties": {"name": "Morigaon", "state": "Assam"}}, {"type": "Feature", "geometry": {"type": "Polygon", "coordinates": [[[92.410881, 26.137568], [92.413292, 26.139709], [92.426987, 26.153408], [92.429558, 26.172247], [92.439835, 26.19194], [92.440689, 26.213346], [92.439835, 26.239891], [92.450966, 26.263866], [92.4972, 26.286983], [92.516037, 26.287842], [92.540016, 26.295547], [92.541725, 26.311817], [92.549431, 26.340929], [92.56485, 26.361479], [92.567413, 26.381174], [92.562279, 26.392305], [92.551147, 26.388023], [92.521179, 26.379459], [92.500626, 26.371756], [92.481789, 26.368328], [92.464668, 26.374323], [92.45182, 26.384598], [92.444969, 26.400867], [92.444969, 26.414568], [92.446686, 26.42741], [92.453537, 26.441969], [92.453537, 26.459093], [92.444969, 26.474504], [92.429558, 26.493343], [92.413788, 26.517004], [92.41716, 26.51737], [92.43576, 26.52132], [92.441963, 26.521931], [92.445747, 26.521723], [92.45108, 26.520241], [92.452827, 26.51676], [92.453873, 26.50913], [92.457581, 26.50432], [92.460983, 26.501291], [92.464722, 26.4993], [92.472992, 26.497202], [92.479691, 26.49839], [92.486526, 26.50218], [92.492523, 26.504381], [92.509926, 26.508711], [92.526627, 26.511051], [92.534409, 26.510761], [92.54493, 26.507891], [92.556412, 26.50684], [92.564613, 26.504723], [92.567009, 26.50316], [92.578712, 26.501921], [92.603973, 26.510441], [92.618103, 26.513363], [92.633499, 26.518131], [92.639572, 26.5193], [92.654663, 26.519871], [92.66394, 26.522211], [92.668297, 26.52109], [92.67263, 26.51877], [92.68206, 26.51124], [92.68557, 26.510641], [92.689476, 26.51269], [92.703262, 26.527733], [92.710068, 26.53266], [92.715019, 26.53536], [92.724831, 26.537239], [92.725998, 26.536631], [92.726776, 26.5341], [92.727028, 26.52462], [92.727951, 26.52285], [92.733978, 26.51918], [92.74015, 26.516729], [92.74733, 26.514521], [92.753548, 26.513851], [92.755913, 26.515511], [92.757599, 26.52125], [92.757507, 26.527071], [92.759888, 26.531151], [92.763107, 26.533979], [92.765312, 26.54088], [92.766678, 26.54937], [92.771507, 26.55834], [92.792397, 26.559292], [92.797653, 26.559771], [92.800003, 26.56068], [92.823753, 26.577131], [92.833626, 26.582569], [92.840508, 26.585371], [92.85006, 26.587412], [92.857018, 26.58692], [92.862137, 26.5853], [92.86911, 26.584471], [92.872147, 26.585388], [92.878036, 26.58972], [92.888893, 26.59553], [92.894577, 26.597721], [92.909279, 26.596123], [92.917366, 26.59819], [92.922272, 26.60041], [92.934433, 26.61437], [92.93866, 26.617781], [92.942238, 26.619423], [92.951591, 26.620758], [92.963692, 26.620661], [92.982109, 26.617392], [92.988739, 26.61557], [92.99202, 26.61142], [92.997963, 26.60561], [93.007111, 26.600641], [93.019081, 26.59889], [93.039719, 26.59655], [93.055321, 26.597313], [93.066116, 26.596458], [93.072487, 26.59705], [93.083748, 26.591681], [93.094017, 26.584641], [93.10556, 26.578279], [93.113678, 26.57704], [93.122627, 26.579981], [93.133606, 26.586849], [93.160301, 26.6014], [93.171913, 26.61231], [93.1782, 26.61467], [93.193909, 26.617962], [93.216393, 26.628151], [93.223343, 26.637079], [93.229416, 26.647242], [93.233276, 26.668291], [93.237671, 26.67705], [93.245056, 26.686371], [93.25135, 26.68804], [93.264709, 26.68437], [93.274017, 26.685301], [93.288612, 26.689859], [93.290413, 26.697821], [93.296677, 26.70109], [93.302376, 26.700041], [93.307457, 26.700863], [93.309097, 26.694233], [93.317139, 26.688169], [93.317253, 26.683691], [93.319977, 26.681601], [93.317657, 26.678122], [93.309898, 26.671551], [93.311279, 26.665951], [93.320702, 26.65979], [93.319801, 26.651911], [93.314903, 26.64292], [93.309662, 26.639391], [93.290947, 26.639771], [93.286697, 26.63769], [93.294403, 26.61949], [93.30072, 26.607651], [93.296471, 26.594891], [93.29435, 26.59124], [93.294838, 26.58889], [93.304817, 26.58342], [93.302879, 26.581091], [93.296051, 26.58103], [93.290077, 26.575991], [93.286522, 26.573971], [93.275169, 26.575319], [93.263046, 26.570271], [93.25795, 26.571211], [93.252327, 26.570881], [93.250343, 26.56625], [93.239067, 26.55788], [93.238106, 26.55442], [93.239487, 26.551929], [93.251869, 26.55303], [93.259033, 26.553301], [93.260582, 26.55171], [93.25032, 26.54785], [93.251617, 26.545401], [93.255188, 26.54616], [93.264313, 26.54031], [93.265579, 26.536131], [93.258942, 26.53549], [93.259361, 26.53326], [93.267342, 26.533701], [93.272087, 26.543329], [93.27478, 26.546242], [93.27755, 26.5448], [93.277336, 26.538488], [93.276207, 26.53381], [93.270836, 26.53009], [93.274643, 26.525511], [93.279396, 26.522963], [93.284172, 26.5238], [93.290619, 26.52334], [93.293732, 26.520241], [93.296127, 26.51449], [93.298683, 26.510971], [93.298126, 26.50655], [93.293678, 26.505199], [93.292267, 26.50868], [93.29007, 26.511223], [93.286728, 26.51202], [93.288017, 26.514631], [93.287827, 26.51841], [93.285713, 26.519291], [93.278076, 26.517601], [93.274582, 26.515011], [93.276253, 26.50952], [93.267853, 26.508621], [93.268089, 26.512421], [93.272949, 26.51561], [93.274429, 26.52161], [93.258629, 26.524], [93.250221, 26.52355], [93.24781, 26.53005], [93.246193, 26.531351], [93.246147, 26.533241], [93.23587, 26.53797], [93.232063, 26.5364], [93.22834, 26.538111], [93.222633, 26.539381], [93.220352, 26.530621], [93.213699, 26.531641], [93.213173, 26.52939], [93.216667, 26.526058], [93.219749, 26.525261], [93.219421, 26.52244], [93.214531, 26.52389], [93.21273, 26.522091], [93.217789, 26.509958], [93.214417, 26.509832], [93.209846, 26.512381], [93.209908, 26.51594], [93.208656, 26.52063], [93.205353, 26.528261], [93.200417, 26.536591], [93.195923, 26.538219], [93.190437, 26.533522], [93.184967, 26.53231], [93.1651, 26.524342], [93.162292, 26.52704], [93.176102, 26.533241], [93.178596, 26.535931], [93.182472, 26.537319], [93.185089, 26.541161], [93.189499, 26.543381], [93.193756, 26.544491], [93.197563, 26.542971], [93.20108, 26.5455], [93.205307, 26.550701], [93.209473, 26.55394], [93.212273, 26.55876], [93.207321, 26.56411], [93.198677, 26.56843], [93.187538, 26.57015], [93.170578, 26.556141], [93.156357, 26.550159], [93.152397, 26.552031], [93.148628, 26.558041], [93.144447, 26.556351], [93.138107, 26.54991], [93.136391, 26.54332], [93.131958, 26.541328], [93.12323, 26.54047], [93.119637, 26.53867], [93.122322, 26.534941], [93.119301, 26.53166], [93.10601, 26.533463], [93.103462, 26.536503], [93.105003, 26.54026], [93.103157, 26.54184], [93.096756, 26.542803], [93.091667, 26.545919], [93.086899, 26.544281], [93.077507, 26.545431], [93.07135, 26.543991], [93.062019, 26.544243], [93.045227, 26.53791], [93.046349, 26.532381], [93.050697, 26.52894], [93.045731, 26.528353], [93.040466, 26.519781], [93.03463, 26.515362], [93.013611, 26.506578], [93.012657, 26.499729], [93.00705, 26.496201], [93.01049, 26.489691], [93.010712, 26.484591], [93.015587, 26.480171], [93.020889, 26.479979], [93.023666, 26.481852], [93.030426, 26.4839], [93.040367, 26.48818], [93.045738, 26.48863], [93.048683, 26.490391], [93.064026, 26.49189], [93.070351, 26.491831], [93.070518, 26.495901], [93.068176, 26.498781], [93.068626, 26.50194], [93.070076, 26.50289], [93.073212, 26.49888], [93.074318, 26.494951], [93.077477, 26.49684], [93.080742, 26.496111], [93.091476, 26.502621], [93.09407, 26.4993], [93.085709, 26.49604], [93.081291, 26.490271], [93.067276, 26.485481], [93.066238, 26.48007], [93.074142, 26.480101], [93.077477, 26.47891], [93.077347, 26.475521], [93.078636, 26.472113], [93.081482, 26.4736], [93.091919, 26.470881], [93.093582, 26.467461], [93.090942, 26.465073], [93.0914, 26.4617], [93.094337, 26.461693], [93.100456, 26.465151], [93.104271, 26.462521], [93.105186, 26.464321], [93.104843, 26.46649], [93.106277, 26.468243], [93.108856, 26.469549], [93.108246, 26.47143], [93.105721, 26.47344], [93.100777, 26.475], [93.103951, 26.476511], [93.106743, 26.476851], [93.10704, 26.47891], [93.111748, 26.48205], [93.115433, 26.486601], [93.11866, 26.487301], [93.120346, 26.48251], [93.122681, 26.484449], [93.123337, 26.48671], [93.119781, 26.496611], [93.126869, 26.49979], [93.127983, 26.4977], [93.124771, 26.49505], [93.130791, 26.49053], [93.133713, 26.491961], [93.12928, 26.48695], [93.130928, 26.483183], [93.138603, 26.489601], [93.138908, 26.486622], [93.133408, 26.47979], [93.113876, 26.474588], [93.113083, 26.47221], [93.117378, 26.471041], [93.123833, 26.47089], [93.129951, 26.467058], [93.127617, 26.465801], [93.126793, 26.46286], [93.124336, 26.463671], [93.122208, 26.460569], [93.107979, 26.451872], [93.109421, 26.44939], [93.112473, 26.450069], [93.114021, 26.448841], [93.112228, 26.446861], [93.112572, 26.444738], [93.114922, 26.44507], [93.117332, 26.443232], [93.109901, 26.440861], [93.1007, 26.434891], [93.100006, 26.437618], [93.102119, 26.44029], [93.107613, 26.44367], [93.107849, 26.445341], [93.101906, 26.44912], [93.097946, 26.44618], [93.089233, 26.44166], [93.074783, 26.43638], [93.071587, 26.433521], [93.073471, 26.43194], [93.07946, 26.43152], [93.091751, 26.436831], [93.096077, 26.437149], [93.094627, 26.435341], [93.089058, 26.43392], [93.076706, 26.4231], [93.07122, 26.422729], [93.071228, 26.42555], [93.069611, 26.426439], [93.066246, 26.419161], [93.060509, 26.419161], [93.054489, 26.417431], [93.050926, 26.417192], [93.049919, 26.4198], [93.050476, 26.423429], [93.054733, 26.421963], [93.055847, 26.423822], [93.055267, 26.426781], [93.052803, 26.436501], [93.047737, 26.43705], [93.045647, 26.440001], [93.030983, 26.426611], [93.02314, 26.423931], [93.017151, 26.423401], [93.004608, 26.428228], [92.99826, 26.425581], [92.993156, 26.42259], [92.985893, 26.42078], [92.981407, 26.423641], [92.979652, 26.423771], [92.976631, 26.422043], [92.972168, 26.417971], [92.968956, 26.416632], [92.965263, 26.416679], [92.963867, 26.416012], [92.960747, 26.411522], [92.951843, 26.40604], [92.951607, 26.400049], [92.950493, 26.39876], [92.944832, 26.402271], [92.942871, 26.40436], [92.940697, 26.404329], [92.927116, 26.400459], [92.920853, 26.397011], [92.913017, 26.394711], [92.912796, 26.398281], [92.91153, 26.39854], [92.907333, 26.395811], [92.905678, 26.401531], [92.903511, 26.401609], [92.897797, 26.390551], [92.89637, 26.389191], [92.893509, 26.391951], [92.891747, 26.39151], [92.890228, 26.38682], [92.884293, 26.384159], [92.883583, 26.381729], [92.885109, 26.381639], [92.89061, 26.383133], [92.894173, 26.38522], [92.904488, 26.385099], [92.907959, 26.380791], [92.917923, 26.38163], [92.920128, 26.38242], [92.921547, 26.384583], [92.924492, 26.384241], [92.927231, 26.382801], [92.925026, 26.3797], [92.919777, 26.37579], [92.918716, 26.370468], [92.913513, 26.364719], [92.912376, 26.361933], [92.91243, 26.35968], [92.913307, 26.35775], [92.914673, 26.356911], [92.916687, 26.35667], [92.923912, 26.35791], [92.93013, 26.356359], [92.933228, 26.354361], [92.935852, 26.353771], [92.93837, 26.354351], [92.941772, 26.35327], [92.943581, 26.34461], [92.946007, 26.338442], [92.942497, 26.329151], [92.940193, 26.326851], [92.935677, 26.32468], [92.921478, 26.31558], [92.920197, 26.315741], [92.918121, 26.31823], [92.915321, 26.31805], [92.909592, 26.315741], [92.900261, 26.310141], [92.897141, 26.307598], [92.894386, 26.30398], [92.895866, 26.302221], [92.896523, 26.29855], [92.894188, 26.293081], [92.892509, 26.291721], [92.882767, 26.287951], [92.879852, 26.288073], [92.871559, 26.292391], [92.861786, 26.29627], [92.85701, 26.29917], [92.855049, 26.301491], [92.856216, 26.30307], [92.854843, 26.304651], [92.852287, 26.304651], [92.848572, 26.30665], [92.843498, 26.298651], [92.841667, 26.28796], [92.83976, 26.28285], [92.830292, 26.273041], [92.826187, 26.273689], [92.823112, 26.27317], [92.822762, 26.267], [92.820282, 26.26753], [92.819702, 26.26515], [92.819931, 26.261351], [92.816711, 26.240721], [92.817657, 26.2362], [92.826256, 26.232691], [92.827667, 26.229441], [92.827499, 26.22592], [92.819267, 26.217449], [92.814041, 26.21867], [92.8106, 26.21841], [92.806023, 26.220968], [92.797966, 26.22385], [92.795761, 26.208599], [92.801697, 26.204458], [92.806053, 26.20594], [92.822868, 26.208611], [92.827736, 26.207088], [92.842377, 26.208101], [92.85009, 26.20388], [92.860909, 26.20475], [92.870956, 26.206911], [92.882927, 26.21084], [92.886749, 26.21023], [92.900002, 26.205601], [92.909378, 26.204073], [92.922729, 26.205839], [92.92762, 26.20577], [92.932053, 26.2034], [92.939857, 26.203951], [92.942917, 26.20332], [92.946442, 26.199881], [92.94825, 26.19577], [92.953957, 26.19025], [92.954849, 26.18784], [92.954697, 26.184151], [92.956917, 26.17597], [92.956322, 26.172041], [92.953987, 26.168301], [92.949318, 26.164751], [92.948891, 26.161411], [92.944283, 26.15785], [92.942528, 26.154659], [92.935211, 26.15295], [92.933731, 26.151468], [92.933968, 26.149059], [92.931396, 26.14756], [92.932892, 26.14362], [92.936348, 26.14081], [92.94252, 26.1399], [92.944687, 26.138741], [92.953957, 26.141413], [92.958893, 26.14139], [92.969063, 26.131121], [92.970726, 26.130751], [92.973106, 26.13201], [92.982086, 26.130001], [92.993668, 26.12479], [92.998703, 26.123381], [93.000526, 26.12005], [93.002777, 26.117929], [93.00621, 26.11751], [93.010513, 26.113871], [93.014923, 26.11451], [93.015221, 26.115492], [93.020546, 26.11389], [93.022308, 26.11442], [93.022949, 26.110401], [93.029236, 26.107019], [93.036079, 26.109678], [93.037727, 26.109251], [93.038002, 26.10779], [93.036079, 26.105501], [93.036606, 26.103451], [93.03978, 26.099171], [93.038651, 26.095182], [93.038872, 26.09276], [93.04483, 26.088711], [93.049568, 26.089943], [93.051216, 26.089533], [93.051903, 26.0879], [93.053627, 26.088181], [93.0578, 26.090919], [93.057999, 26.08876], [93.062683, 26.084021], [93.065247, 26.085001], [93.069496, 26.08268], [93.069832, 26.085331], [93.072876, 26.084938], [93.073288, 26.08712], [93.077263, 26.08601], [93.079086, 26.082211], [93.082916, 26.081251], [93.081871, 26.08382], [93.084923, 26.08663], [93.085808, 26.08666], [93.085518, 26.08279], [93.087601, 26.080261], [93.092209, 26.081961], [93.092796, 26.080879], [93.090553, 26.07848], [93.0914, 26.077351], [93.096832, 26.079679], [93.099701, 26.0798], [93.10321, 26.07884], [93.104439, 26.07737], [93.107239, 26.077869], [93.107201, 26.07299], [93.095459, 26.034861], [93.108963, 26.037621], [93.118568, 26.037401], [93.124382, 26.034281], [93.128067, 26.030491], [93.130623, 26.0256], [93.142036, 26.020281], [93.144676, 26.016651], [93.14637, 26.009821], [93.152397, 26.00342], [93.1539, 25.99781], [93.156097, 25.995199], [93.159309, 25.99345], [93.157593, 25.983311], [93.161087, 25.977831], [93.161957, 25.970423], [93.161148, 25.968851], [93.162651, 25.965191], [93.166443, 25.959082], [93.168976, 25.95727], [93.172539, 25.95686], [93.174362, 25.952961], [93.173996, 25.948071], [93.177597, 25.943399], [93.187233, 25.90538], [93.191101, 25.900009], [93.1996, 25.8939], [93.207047, 25.886341], [93.21489, 25.877571], [93.217506, 25.872601], [93.222893, 25.86628], [93.236183, 25.85627], [93.238106, 25.84955], [93.244713, 25.83997], [93.246483, 25.834061], [93.245781, 25.829342], [93.247322, 25.822222], [93.245621, 25.81777], [93.247902, 25.812679], [93.250832, 25.810881], [93.250343, 25.805401], [93.251167, 25.800011], [93.249046, 25.79266], [93.251602, 25.78994], [93.250107, 25.784559], [93.248291, 25.78167], [93.241203, 25.773239], [93.240868, 25.76932], [93.234703, 25.767172], [93.233383, 25.761751], [93.234581, 25.756071], [93.234207, 25.75065], [93.227707, 25.734581], [93.222549, 25.728472], [93.209427, 25.731359], [93.184547, 25.732651], [93.177147, 25.728071], [93.169487, 25.72003], [93.144623, 25.716028], [93.14576, 25.72208], [93.148346, 25.72596], [93.149971, 25.732651], [93.150551, 25.740641], [93.147377, 25.740492], [93.132713, 25.750172], [93.129768, 25.75317], [93.131767, 25.75905], [93.130989, 25.764273], [93.128387, 25.76565], [93.124413, 25.76552], [93.109863, 25.77387], [93.10836, 25.777231], [93.102371, 25.77589], [93.099442, 25.777151], [93.087463, 25.77459], [93.080856, 25.766161], [93.074928, 25.76968], [93.070488, 25.769852], [93.069237, 25.77338], [93.070961, 25.776751], [93.07193, 25.77754], [93.07415, 25.779381], [93.077507, 25.77972], [93.077309, 25.78467], [93.062798, 25.786671], [93.0569, 25.79166], [93.048286, 25.797531], [93.034042, 25.811281], [93.027321, 25.819052], [93.022308, 25.827579], [93.015877, 25.83477], [93.012108, 25.841949], [93.011139, 25.84878], [92.999077, 25.856861], [92.998039, 25.858711], [92.99585, 25.8633], [92.986259, 25.87793], [92.982262, 25.877199], [92.96508, 25.87726], [92.930489, 25.87158], [92.910301, 25.86994], [92.903671, 25.868551], [92.894066, 25.868111], [92.889633, 25.869678], [92.888092, 25.87215], [92.875832, 25.869431], [92.873817, 25.869761], [92.871017, 25.86903], [92.870857, 25.871971], [92.868561, 25.875629], [92.866417, 25.88154], [92.860901, 25.88603], [92.856598, 25.891453], [92.851509, 25.902401], [92.848396, 25.90727], [92.858101, 25.9244], [92.853981, 25.9258], [92.850471, 25.925529], [92.844551, 25.920401], [92.836571, 25.915831], [92.829178, 25.92013], [92.82283, 25.924961], [92.819473, 25.925661], [92.812622, 25.923811], [92.809212, 25.920549], [92.804001, 25.921131], [92.801826, 25.923811], [92.799026, 25.93132], [92.793091, 25.938869], [92.79348, 25.941332], [92.796822, 25.944139], [92.797226, 25.956579], [92.800827, 25.95771], [92.808243, 25.956463], [92.808731, 25.95676], [92.808159, 25.959688], [92.805237, 25.962761], [92.798889, 25.965502], [92.791008, 25.96134], [92.784416, 25.954651], [92.781441, 25.95289], [92.778908, 25.95207], [92.775177, 25.95237], [92.769806, 25.955191], [92.764412, 25.96423], [92.763939, 25.966461], [92.768799, 25.978828], [92.76725, 25.984173], [92.767593, 25.98682], [92.771187, 25.990601], [92.771019, 25.991631], [92.76712, 25.991819], [92.763451, 25.990391], [92.762627, 25.99246], [92.766808, 25.995548], [92.775787, 25.996168], [92.779396, 25.99909], [92.778427, 26.001093], [92.776573, 26.001881], [92.773987, 26.00214], [92.764282, 26.000299], [92.761856, 26.001261], [92.76088, 26.002991], [92.761757, 26.00651], [92.763786, 26.007992], [92.766151, 26.00889], [92.782173, 26.010509], [92.783447, 26.01185], [92.782646, 26.014151], [92.778778, 26.016941], [92.772209, 26.018131], [92.76046, 26.017071], [92.758919, 26.01882], [92.759651, 26.022923], [92.763359, 26.027781], [92.76416, 26.03253], [92.759789, 26.03577], [92.758797, 26.038971], [92.750618, 26.040689], [92.748032, 26.04265], [92.749313, 26.045681], [92.752693, 26.04892], [92.755272, 26.05485], [92.75264, 26.05888], [92.751251, 26.0634], [92.719078, 26.059761], [92.717957, 26.058941], [92.713028, 26.05134], [92.711449, 26.04537], [92.712601, 26.04038], [92.716537, 26.03788], [92.717613, 26.033352], [92.714546, 26.029711], [92.715958, 26.02594], [92.715897, 26.023701], [92.712563, 26.020411], [92.710007, 26.021721], [92.708626, 26.020481], [92.706543, 26.022739], [92.702553, 26.02063], [92.698563, 26.022449], [92.69735, 26.022541], [92.695061, 26.021221], [92.692223, 26.023161], [92.691086, 26.024879], [92.687073, 26.02548], [92.685753, 26.027809], [92.683052, 26.029011], [92.682312, 26.028313], [92.682678, 26.026821], [92.679337, 26.027948], [92.675606, 26.026831], [92.674896, 26.028271], [92.669388, 26.03027], [92.66407, 26.025539], [92.657692, 26.02211], [92.657143, 26.021461], [92.658897, 26.017469], [92.658203, 26.013191], [92.66021, 26.00841], [92.65863, 26.005381], [92.658531, 26.002991], [92.656982, 26.00086], [92.646126, 26.000101], [92.640579, 25.99889], [92.636253, 25.99412], [92.635696, 25.99123], [92.631042, 25.990271], [92.627373, 25.987331], [92.622597, 25.986589], [92.613983, 25.979641], [92.606819, 25.97702], [92.605217, 25.977798], [92.599403, 25.977718], [92.592262, 25.96665], [92.588257, 25.966261], [92.579979, 25.966909], [92.577042, 25.96583], [92.574966, 25.963331], [92.571777, 25.96283], [92.5588, 25.966131], [92.550697, 25.97225], [92.555809, 25.97859], [92.563469, 25.991451], [92.571373, 26.002939], [92.571411, 26.00565], [92.569679, 26.006531], [92.568108, 26.008631], [92.571266, 26.01388], [92.57843, 26.018591], [92.5839, 26.0201], [92.593231, 26.024], [92.594078, 26.02788], [92.590057, 26.02952], [92.586617, 26.029671], [92.582993, 26.032183], [92.58165, 26.036869], [92.584686, 26.044441], [92.585762, 26.055861], [92.587753, 26.060051], [92.596382, 26.07056], [92.597649, 26.078251], [92.591667, 26.08589], [92.58963, 26.086203], [92.58194, 26.091551], [92.577278, 26.096279], [92.576553, 26.097761], [92.577316, 26.09997], [92.577477, 26.112061], [92.574158, 26.115843], [92.566628, 26.11717], [92.558693, 26.11532], [92.554817, 26.115351], [92.545906, 26.109671], [92.54554, 26.106838], [92.541916, 26.104233], [92.538643, 26.099649], [92.534378, 26.097658], [92.532143, 26.102551], [92.524979, 26.102741], [92.52166, 26.10368], [92.52037, 26.10648], [92.520546, 26.115711], [92.522781, 26.122391], [92.522026, 26.12641], [92.522621, 26.128139], [92.523781, 26.129372], [92.524361, 26.134241], [92.528198, 26.141991], [92.528809, 26.14488], [92.526253, 26.150061], [92.521103, 26.152121], [92.515236, 26.146919], [92.509567, 26.143101], [92.507439, 26.1446], [92.504967, 26.148298], [92.500717, 26.150501], [92.498169, 26.150841], [92.491821, 26.150978], [92.48568, 26.148661], [92.476547, 26.1436], [92.475647, 26.143808], [92.474777, 26.147539], [92.473106, 26.14847], [92.469322, 26.148211], [92.466492, 26.14476], [92.459618, 26.13921], [92.458359, 26.136433], [92.455406, 26.136881], [92.452408, 26.136], [92.445976, 26.127838], [92.442383, 26.125511], [92.442162, 26.123793], [92.434807, 26.123371], [92.43309, 26.12178], [92.432892, 26.117163], [92.429993, 26.11219], [92.419991, 26.120371], [92.404152, 26.119591], [92.404053, 26.12097], [92.406288, 26.12425], [92.405647, 26.12694], [92.410866, 26.13098], [92.413101, 26.135193], [92.411629, 26.13739], [92.410881, 26.137568]]]}, "properties": {"name": "Nagaon", "state": "Assam"}}, {"type": "Feature", "geometry": {"type": "Polygon", "coordinates": [[[91.233498, 26.182871], [91.238953, 26.18145], [91.240601, 26.19253], [91.248322, 26.199829], [91.241547, 26.20414], [91.234932, 26.21254], [91.228142, 26.21541], [91.218857, 26.21653], [91.21463, 26.221458], [91.218773, 26.22562], [91.221176, 26.232611], [91.226257, 26.241951], [91.237877, 26.25219], [91.239281, 26.257252], [91.236557, 26.261831], [91.233276, 26.26288], [91.224609, 26.262831], [91.218483, 26.261169], [91.217537, 26.265501], [91.215233, 26.26856], [91.226891, 26.28145], [91.237328, 26.27791], [91.250687, 26.283251], [91.25737, 26.287628], [91.260483, 26.291281], [91.25222, 26.295959], [91.250473, 26.299761], [91.253616, 26.3022], [91.260696, 26.3029], [91.258781, 26.307343], [91.254997, 26.311451], [91.258301, 26.316719], [91.262642, 26.31605], [91.269516, 26.32818], [91.266167, 26.336781], [91.268623, 26.340488], [91.275772, 26.34152], [91.275459, 26.348372], [91.27713, 26.355141], [91.273781, 26.357811], [91.270699, 26.362211], [91.272758, 26.365419], [91.279251, 26.37052], [91.278137, 26.37307], [91.261497, 26.368391], [91.247643, 26.36783], [91.24752, 26.373522], [91.245056, 26.377111], [91.24128, 26.379499], [91.239037, 26.38228], [91.239853, 26.386761], [91.236557, 26.389212], [91.234062, 26.39279], [91.235123, 26.39739], [91.238441, 26.403803], [91.236343, 26.417101], [91.231812, 26.424561], [91.232117, 26.440361], [91.237427, 26.449409], [91.237747, 26.455729], [91.250687, 26.467461], [91.265526, 26.48781], [91.265846, 26.493719], [91.262306, 26.49865], [91.257843, 26.50386], [91.247032, 26.510391], [91.248459, 26.51786], [91.248657, 26.52677], [91.249908, 26.535221], [91.253578, 26.538111], [91.25489, 26.54155], [91.259903, 26.542561], [91.261696, 26.544243], [91.265663, 26.54376], [91.26474, 26.547388], [91.267868, 26.547421], [91.267403, 26.551781], [91.272629, 26.55151], [91.281128, 26.557821], [91.290512, 26.562851], [91.29055, 26.567053], [91.293457, 26.56995], [91.291901, 26.57254], [91.291237, 26.576126], [91.295349, 26.577751], [91.299675, 26.58132], [91.306541, 26.582209], [91.310272, 26.579166], [91.311005, 26.57357], [91.307434, 26.564682], [91.306564, 26.558371], [91.300415, 26.551609], [91.294922, 26.545355], [91.293831, 26.536564], [91.29538, 26.529799], [91.297333, 26.527441], [91.298393, 26.522099], [91.297752, 26.514938], [91.296539, 26.5117], [91.292595, 26.508936], [91.292816, 26.504484], [91.298271, 26.496607], [91.305321, 26.492769], [91.313583, 26.492172], [91.324348, 26.491947], [91.329933, 26.492373], [91.335762, 26.495554], [91.343353, 26.497774], [91.348007, 26.501595], [91.349709, 26.50341], [91.3508, 26.515528], [91.35466, 26.520792], [91.362686, 26.524366], [91.374077, 26.527695], [91.382065, 26.527391], [91.404755, 26.529617], [91.412956, 26.535116], [91.417305, 26.542284], [91.418518, 26.545521], [91.419121, 26.548803], [91.427223, 26.5532], [91.439331, 26.557581], [91.446678, 26.560371], [91.45089, 26.569487], [91.455009, 26.577499], [91.462479, 26.581665], [91.471512, 26.57934], [91.474556, 26.575512], [91.473671, 26.572529], [91.478912, 26.565767], [91.481483, 26.556709], [91.485062, 26.552011], [91.490028, 26.542221], [91.494659, 26.535505], [91.498596, 26.531336], [91.505226, 26.533064], [91.508842, 26.53557], [91.511948, 26.539223], [91.515762, 26.54393], [91.51873, 26.542604], [91.523674, 26.542793], [91.524384, 26.547176], [91.523712, 26.549997], [91.523331, 26.552521], [91.525139, 26.555437], [91.528732, 26.557667], [91.532242, 26.562397], [91.530426, 26.566135], [91.530396, 26.569187], [91.535904, 26.572107], [91.540215, 26.572065], [91.546463, 26.576317], [91.55394, 26.57715], [91.564224, 26.575005], [91.570038, 26.572601], [91.575684, 26.572216], [91.582779, 26.572245], [91.591736, 26.56576], [91.593811, 26.561447], [91.595406, 26.555056], [91.587471, 26.55603], [91.584358, 26.552959], [91.586113, 26.5408], [91.581421, 26.537861], [91.581146, 26.53194], [91.578217, 26.527088], [91.572693, 26.524273], [91.56794, 26.523001], [91.562958, 26.522711], [91.558411, 26.521271], [91.555687, 26.514921], [91.559097, 26.50108], [91.560486, 26.48439], [91.55616, 26.48035], [91.551437, 26.47138], [91.553558, 26.456409], [91.559677, 26.444948], [91.561729, 26.43774], [91.563606, 26.434099], [91.561401, 26.425261], [91.558426, 26.422831], [91.558426, 26.417311], [91.551308, 26.41531], [91.546997, 26.417603], [91.541191, 26.417431], [91.539429, 26.414751], [91.542686, 26.41011], [91.543503, 26.4074], [91.5401, 26.40151], [91.532669, 26.39394], [91.53286, 26.389511], [91.524643, 26.378853], [91.525543, 26.374929], [91.532036, 26.37417], [91.535316, 26.37154], [91.531631, 26.367161], [91.525566, 26.362391], [91.521736, 26.356281], [91.518837, 26.349468], [91.518181, 26.343271], [91.5205, 26.3395], [91.526299, 26.337891], [91.531197, 26.337378], [91.533333, 26.334471], [91.528221, 26.33326], [91.524803, 26.330709], [91.516838, 26.328161], [91.510803, 26.328161], [91.507156, 26.32704], [91.50486, 26.322651], [91.500786, 26.32263], [91.496399, 26.323881], [91.491051, 26.31986], [91.476997, 26.318691], [91.455971, 26.31889], [91.447098, 26.313751], [91.447983, 26.31225], [91.454987, 26.311951], [91.45092, 26.30826], [91.448959, 26.303911], [91.448631, 26.291309], [91.450462, 26.27346], [91.441292, 26.2635], [91.437492, 26.260601], [91.423912, 26.265051], [91.417267, 26.2658], [91.412247, 26.261431], [91.410057, 26.253], [91.412598, 26.245941], [91.416977, 26.24424], [91.423531, 26.244289], [91.427986, 26.243443], [91.43026, 26.24176], [91.430603, 26.23801], [91.424538, 26.23698], [91.422569, 26.233829], [91.420273, 26.227468], [91.419746, 26.214991], [91.418289, 26.210409], [91.415817, 26.204969], [91.411789, 26.203569], [91.412277, 26.198221], [91.416122, 26.187031], [91.418503, 26.182631], [91.419136, 26.17308], [91.418762, 26.166981], [91.412857, 26.137081], [91.40638, 26.13829], [91.396828, 26.13748], [91.390739, 26.140051], [91.369026, 26.15741], [91.355537, 26.16518], [91.352417, 26.16568], [91.348137, 26.163811], [91.34285, 26.16354], [91.338867, 26.16604], [91.335373, 26.16613], [91.330162, 26.162731], [91.318367, 26.1614], [91.307869, 26.161551], [91.303017, 26.160631], [91.296547, 26.15826], [91.285683, 26.158939], [91.254318, 26.163891], [91.246483, 26.16877], [91.229347, 26.177731], [91.233498, 26.182871]]]}, "properties": {"name": "Nalbari", "state": "Assam"}}, {"type": "Feature", "geometry": {"type": "Polygon", "coordinates": [[[94.790787, 26.801453], [94.785637, 26.798571], [94.773087, 26.794962], [94.769066, 26.7911], [94.768326, 26.783398], [94.76236, 26.77993], [94.760033, 26.776628], [94.759346, 26.774137], [94.756371, 26.772268], [94.754097, 26.774311], [94.750717, 26.779671], [94.745796, 26.782141], [94.742363, 26.778641], [94.741676, 26.773571], [94.737732, 26.76885], [94.736511, 26.76741], [94.73188, 26.764009], [94.719696, 26.758039], [94.711403, 26.752823], [94.696877, 26.739691], [94.691483, 26.73576], [94.686607, 26.73259], [94.665138, 26.72776], [94.658539, 26.7248], [94.653389, 26.723631], [94.646217, 26.72451], [94.640289, 26.72397], [94.631973, 26.71965], [94.628296, 26.71863], [94.622719, 26.71953], [94.621086, 26.72117], [94.620148, 26.72674], [94.617401, 26.730551], [94.611946, 26.732651], [94.610443, 26.735861], [94.610062, 26.740103], [94.604149, 26.739281], [94.599937, 26.73772], [94.595177, 26.729891], [94.585777, 26.730551], [94.582291, 26.737049], [94.583992, 26.740471], [94.574577, 26.746429], [94.57341, 26.748081], [94.575577, 26.756672], [94.569923, 26.755451], [94.566818, 26.753153], [94.562759, 26.75552], [94.561821, 26.75918], [94.559883, 26.761169], [94.554451, 26.75569], [94.550743, 26.752253], [94.546959, 26.756901], [94.544411, 26.761641], [94.540382, 26.766241], [94.536263, 26.764851], [94.538399, 26.760851], [94.535507, 26.758402], [94.53318, 26.760391], [94.529266, 26.76619], [94.530632, 26.76932], [94.524132, 26.768471], [94.521393, 26.772001], [94.523926, 26.772779], [94.525307, 26.774982], [94.524902, 26.7763], [94.517693, 26.776772], [94.515488, 26.779501], [94.516777, 26.782848], [94.518791, 26.78454], [94.520782, 26.7882], [94.524826, 26.791601], [94.524338, 26.794861], [94.522186, 26.796841], [94.520866, 26.796598], [94.518532, 26.79829], [94.518379, 26.80064], [94.524582, 26.80526], [94.523582, 26.812153], [94.511948, 26.817791], [94.508347, 26.82246], [94.502968, 26.827492], [94.5, 26.828688], [94.497459, 26.829712], [94.489616, 26.83609], [94.489151, 26.83844], [94.494087, 26.854271], [94.494438, 26.857321], [94.493042, 26.860628], [94.494156, 26.867661], [94.497459, 26.874031], [94.496269, 26.878271], [94.493843, 26.88105], [94.495506, 26.88493], [94.494713, 26.88796], [94.490723, 26.888941], [94.488327, 26.890921], [94.481346, 26.902018], [94.48056, 26.906733], [94.485443, 26.91106], [94.480896, 26.919147], [94.483978, 26.92219], [94.481003, 26.929379], [94.481247, 26.93841], [94.475586, 26.941038], [94.467102, 26.94338], [94.458656, 26.944], [94.443268, 26.941879], [94.43782, 26.942141], [94.43454, 26.943241], [94.430443, 26.943531], [94.422089, 26.94685], [94.417068, 26.94758], [94.414406, 26.946091], [94.411659, 26.9464], [94.407349, 26.94772], [94.40287, 26.951839], [94.401329, 26.955898], [94.400787, 26.962101], [94.402428, 26.964199], [94.425331, 26.976789], [94.440521, 26.986681], [94.459709, 26.995131], [94.46402, 26.998133], [94.469498, 27.005121], [94.471939, 27.018372], [94.474487, 27.026901], [94.479897, 27.03371], [94.498497, 27.039242], [94.5, 27.040066], [94.509911, 27.0455], [94.514008, 27.051811], [94.530159, 27.070648], [94.538803, 27.073139], [94.545456, 27.078411], [94.548729, 27.08659], [94.551407, 27.09745], [94.558357, 27.10284], [94.564056, 27.10503], [94.569626, 27.11474], [94.577347, 27.12125], [94.581413, 27.129263], [94.581711, 27.138571], [94.594566, 27.14953], [94.606941, 27.16366], [94.616623, 27.18025], [94.623466, 27.206072], [94.634537, 27.2271], [94.645302, 27.250891], [94.661659, 27.251438], [94.680939, 27.248821], [94.685196, 27.251221], [94.694199, 27.272543], [94.698273, 27.275278], [94.703346, 27.27533], [94.707191, 27.271219], [94.709488, 27.25514], [94.713852, 27.250071], [94.719681, 27.249001], [94.724876, 27.250441], [94.723846, 27.255581], [94.717331, 27.261011], [94.720596, 27.26923], [94.732239, 27.278221], [94.744476, 27.279051], [94.75106, 27.276451], [94.752289, 27.27354], [94.746147, 27.265772], [94.740807, 27.25337], [94.74128, 27.249811], [94.747322, 27.24839], [94.756699, 27.24947], [94.762726, 27.2535], [94.766418, 27.249729], [94.7742, 27.246231], [94.778328, 27.24321], [94.771759, 27.2274], [94.770493, 27.220951], [94.776596, 27.217051], [94.777977, 27.20812], [94.779648, 27.203001], [94.780403, 27.195431], [94.776077, 27.193451], [94.773872, 27.18874], [94.775063, 27.184931], [94.774826, 27.179062], [94.780167, 27.17631], [94.776878, 27.174629], [94.774139, 27.17021], [94.771683, 27.167801], [94.771828, 27.16494], [94.766487, 27.16194], [94.763962, 27.157579], [94.756973, 27.15559], [94.761337, 27.153971], [94.75943, 27.147139], [94.764816, 27.132261], [94.796913, 27.12372], [94.802147, 27.12471], [94.808777, 27.12244], [94.81134, 27.120251], [94.819763, 27.118999], [94.817909, 27.11339], [94.813927, 27.1106], [94.813286, 27.103701], [94.81929, 27.104801], [94.822006, 27.103493], [94.826103, 27.1049], [94.830093, 27.10033], [94.836311, 27.09874], [94.842201, 27.09955], [94.848213, 27.113058], [94.85585, 27.12229], [94.865868, 27.136461], [94.886581, 27.161591], [94.926193, 27.19463], [94.95755, 27.22566], [94.9692, 27.2337], [94.97213, 27.227619], [94.974319, 27.216871], [94.975243, 27.19943], [94.985428, 27.17485], [94.983673, 27.17079], [94.984467, 27.16432], [94.980492, 27.15546], [94.988953, 27.15144], [94.999077, 27.15206], [95.007141, 27.152868], [95.016609, 27.15036], [95.026642, 27.149101], [95.031738, 27.15023], [95.040337, 27.157141], [95.049767, 27.158941], [95.053917, 27.15645], [95.058899, 27.14329], [95.061623, 27.14097], [95.095451, 27.14135], [95.112686, 27.140091], [95.113876, 27.136023], [95.115646, 27.13335], [95.117371, 27.134171], [95.116898, 27.13578], [95.118378, 27.139528], [95.121933, 27.138901], [95.124016, 27.135529], [95.127296, 27.136278], [95.127663, 27.139038], [95.129807, 27.142971], [95.134003, 27.142918], [95.134773, 27.139999], [95.141098, 27.14221], [95.14978, 27.13888], [95.150032, 27.132681], [95.1521, 27.130529], [95.154793, 27.131533], [95.153053, 27.13438], [95.152573, 27.137199], [95.154343, 27.139801], [95.157257, 27.14007], [95.160797, 27.133221], [95.164543, 27.132311], [95.162109, 27.13658], [95.166039, 27.138071], [95.166916, 27.139921], [95.171997, 27.141941], [95.170021, 27.14743], [95.174736, 27.151041], [95.175667, 27.148771], [95.174088, 27.145479], [95.17572, 27.142681], [95.179047, 27.1464], [95.179413, 27.14876], [95.177971, 27.15093], [95.179497, 27.153301], [95.183372, 27.154329], [95.187469, 27.15663], [95.183563, 27.162781], [95.183136, 27.16444], [95.184212, 27.167158], [95.187576, 27.165991], [95.189598, 27.164249], [95.193657, 27.163841], [95.192383, 27.16296], [95.193489, 27.161251], [95.200607, 27.16358], [95.199623, 27.166401], [95.200912, 27.167961], [95.213676, 27.169392], [95.214729, 27.1728], [95.210266, 27.174751], [95.210693, 27.17728], [95.213516, 27.1784], [95.219879, 27.173901], [95.218613, 27.17164], [95.220497, 27.17005], [95.226158, 27.17185], [95.229637, 27.17794], [95.239922, 27.174961], [95.238869, 27.17794], [95.235962, 27.179623], [95.234261, 27.18207], [95.234177, 27.18449], [95.240883, 27.185431], [95.243179, 27.187422], [95.240036, 27.191912], [95.241898, 27.19326], [95.247177, 27.194529], [95.25219, 27.19672], [95.255623, 27.197121], [95.257172, 27.194672], [95.257378, 27.190981], [95.258827, 27.189348], [95.260757, 27.189772], [95.259827, 27.192518], [95.260399, 27.194361], [95.26207, 27.195181], [95.266693, 27.190928], [95.268066, 27.194111], [95.267746, 27.198191], [95.271927, 27.196171], [95.273232, 27.194403], [95.280197, 27.193979], [95.279587, 27.197201], [95.280418, 27.198191], [95.282951, 27.198668], [95.285278, 27.197781], [95.285828, 27.20031], [95.283112, 27.201771], [95.288841, 27.202538], [95.294907, 27.200661], [95.299629, 27.200142], [95.299568, 27.199579], [95.302803, 27.19795], [95.305733, 27.194483], [95.309669, 27.194122], [95.313637, 27.189871], [95.316597, 27.189381], [95.319359, 27.19235], [95.33007, 27.19277], [95.335289, 27.19157], [95.338028, 27.189371], [95.345322, 27.18664], [95.34671, 27.183271], [95.345047, 27.179861], [95.345589, 27.178032], [95.347977, 27.1768], [95.354706, 27.17573], [95.358902, 27.173491], [95.36071, 27.16609], [95.359619, 27.16361], [95.362511, 27.157209], [95.366669, 27.152271], [95.36882, 27.141781], [95.368507, 27.139469], [95.365852, 27.133301], [95.36338, 27.12982], [95.366066, 27.12175], [95.372856, 27.118221], [95.373459, 27.116051], [95.371269, 27.111401], [95.36647, 27.11285], [95.348602, 27.104761], [95.335106, 27.095921], [95.323273, 27.089571], [95.313179, 27.08674], [95.309677, 27.081131], [95.296623, 27.072851], [95.287918, 27.06632], [95.277832, 27.056768], [95.279449, 27.053911], [95.277626, 27.04977], [95.270973, 27.045071], [95.266693, 27.04044], [95.262627, 27.04101], [95.259949, 27.038973], [95.260719, 27.037251], [95.252197, 27.031919], [95.24823, 27.030252], [95.243713, 27.034161], [95.237877, 27.043221], [95.234718, 27.043579], [95.230911, 27.04571], [95.232147, 27.042921], [95.229469, 27.040171], [95.225983, 27.042259], [95.222633, 27.040892], [95.219696, 27.036791], [95.213806, 27.03348], [95.207687, 27.034781], [95.203796, 27.043001], [95.200943, 27.04233], [95.198456, 27.04443], [95.195518, 27.04295], [95.154503, 27.006041], [95.149483, 26.99984], [95.142761, 26.998301], [95.136986, 26.99358], [95.126381, 26.98691], [95.116943, 26.983681], [95.113503, 26.977581], [95.11322, 26.972321], [95.110046, 26.966909], [95.086861, 26.952742], [95.065338, 26.948191], [95.054649, 26.94088], [95.038048, 26.93848], [95.028557, 26.93251], [95.021347, 26.9254], [95.016571, 26.924353], [95.005791, 26.92487], [94.999466, 26.92429], [94.993057, 26.926161], [94.991188, 26.92292], [94.99205, 26.918388], [94.989449, 26.91783], [94.985672, 26.918249], [94.97966, 26.924622], [94.974258, 26.927603], [94.970673, 26.928362], [94.967941, 26.93149], [94.966766, 26.93618], [94.964172, 26.940641], [94.957283, 26.94355], [94.94709, 26.940201], [94.941223, 26.939272], [94.938553, 26.937971], [94.933601, 26.93854], [94.928162, 26.952101], [94.923767, 26.950331], [94.917992, 26.945143], [94.913857, 26.94257], [94.908821, 26.94227], [94.901291, 26.94034], [94.89447, 26.93733], [94.886223, 26.932461], [94.881546, 26.92671], [94.869637, 26.915009], [94.868622, 26.909891], [94.865318, 26.90691], [94.859009, 26.89328], [94.853348, 26.88534], [94.851532, 26.88134], [94.84584, 26.876791], [94.838783, 26.874001], [94.836456, 26.86846], [94.83226, 26.862711], [94.826286, 26.85931], [94.821083, 26.85446], [94.821732, 26.84931], [94.821091, 26.84487], [94.816696, 26.841471], [94.815407, 26.836809], [94.815071, 26.830021], [94.813057, 26.82476], [94.809181, 26.82328], [94.806717, 26.82123], [94.796646, 26.81852], [94.801613, 26.81381], [94.805359, 26.812191], [94.802208, 26.806061], [94.79496, 26.803732], [94.790787, 26.801453]]]}, "properties": {"name": "Sivasagar", "state": "Assam"}}, {"type": "Feature", "geometry": {"type": "Polygon", "coordinates": [[[92.343933, 26.503799], [92.342033, 26.5098], [92.332741, 26.51177], [92.325577, 26.5109], [92.326019, 26.512711], [92.330246, 26.51619], [92.346901, 26.525991], [92.350449, 26.53051], [92.353279, 26.53179], [92.36573, 26.532431], [92.371483, 26.531651], [92.379547, 26.532478], [92.381317, 26.532791], [92.383316, 26.53619], [92.377739, 26.542162], [92.369919, 26.554991], [92.366333, 26.559401], [92.36541, 26.563011], [92.367126, 26.56513], [92.367157, 26.567951], [92.365707, 26.56975], [92.360352, 26.57044], [92.357239, 26.57168], [92.355553, 26.57336], [92.355087, 26.576012], [92.356361, 26.578291], [92.359436, 26.579458], [92.36216, 26.582331], [92.364319, 26.582218], [92.361183, 26.587271], [92.352158, 26.586592], [92.341156, 26.583101], [92.332489, 26.58814], [92.325417, 26.59326], [92.326538, 26.597443], [92.337563, 26.597698], [92.340073, 26.598801], [92.339218, 26.601891], [92.327057, 26.60603], [92.325363, 26.607651], [92.328987, 26.60947], [92.329338, 26.612362], [92.323547, 26.61412], [92.32238, 26.615532], [92.322998, 26.618031], [92.332741, 26.629499], [92.33271, 26.6318], [92.331497, 26.633791], [92.327309, 26.638342], [92.330147, 26.642391], [92.333717, 26.642941], [92.338669, 26.63903], [92.340683, 26.63809], [92.342651, 26.63854], [92.336349, 26.64467], [92.336678, 26.64617], [92.338722, 26.64646], [92.339531, 26.648903], [92.338463, 26.650249], [92.337303, 26.651039], [92.332581, 26.651039], [92.330826, 26.65197], [92.330467, 26.65357], [92.333267, 26.657721], [92.332611, 26.663179], [92.335747, 26.666891], [92.334137, 26.668892], [92.332428, 26.671013], [92.335426, 26.675461], [92.334023, 26.690111], [92.336563, 26.699343], [92.336777, 26.702391], [92.3358, 26.707493], [92.338272, 26.714691], [92.336693, 26.722651], [92.335037, 26.726419], [92.334816, 26.7339], [92.333878, 26.73641], [92.331078, 26.73772], [92.328766, 26.73992], [92.328011, 26.742369], [92.330742, 26.746691], [92.328712, 26.755171], [92.329147, 26.75704], [92.331436, 26.761862], [92.336288, 26.76601], [92.336983, 26.76816], [92.332817, 26.76709], [92.330147, 26.77294], [92.33493, 26.772888], [92.340569, 26.771761], [92.340393, 26.773479], [92.336403, 26.77932], [92.335297, 26.784071], [92.338043, 26.78656], [92.337822, 26.788801], [92.33329, 26.793171], [92.334793, 26.796318], [92.330269, 26.80307], [92.329697, 26.807032], [92.334702, 26.812559], [92.333366, 26.814489], [92.330826, 26.816101], [92.331848, 26.82004], [92.331512, 26.82291], [92.332176, 26.82402], [92.334366, 26.824131], [92.337997, 26.825821], [92.331688, 26.83213], [92.332451, 26.834631], [92.331993, 26.8368], [92.334641, 26.841761], [92.336327, 26.847441], [92.340019, 26.850121], [92.339836, 26.85346], [92.343208, 26.856251], [92.343231, 26.85791], [92.344757, 26.859739], [92.345566, 26.862921], [92.34333, 26.865749], [92.343437, 26.869951], [92.344772, 26.87459], [92.342529, 26.880871], [92.341667, 26.88666], [92.347008, 26.89163], [92.349548, 26.90712], [92.352913, 26.91222], [92.353271, 26.91464], [92.355476, 26.917749], [92.35907, 26.926069], [92.364433, 26.932699], [92.367287, 26.931551], [92.399757, 26.926271], [92.411888, 26.944191], [92.425766, 26.943468], [92.442169, 26.955023], [92.446167, 26.96064], [92.459572, 26.96331], [92.466293, 26.96306], [92.483757, 26.964741], [92.490639, 26.964731], [92.50502, 26.96677], [92.515442, 26.96442], [92.531761, 26.963301], [92.553612, 26.95907], [92.585213, 26.961863], [92.645462, 26.98745], [92.645309, 26.995611], [92.644203, 27.00251], [92.64463, 27.01004], [92.639099, 27.018539], [92.65049, 27.024778], [92.657021, 27.03759], [92.658928, 27.038521], [92.682388, 27.03174], [92.702316, 27.02758], [92.713676, 27.026091], [92.727509, 27.0284], [92.769096, 27.033041], [92.785271, 27.03068], [92.824417, 27.01848], [92.836586, 27.01355], [92.872437, 27.0077], [92.883377, 27.00234], [92.88752, 27.000221], [92.890289, 26.999821], [92.899773, 26.996262], [92.916679, 26.984652], [92.914948, 26.969761], [92.91777, 26.964241], [92.921661, 26.961908], [92.926407, 26.960661], [92.93277, 26.95694], [92.951363, 26.94891], [92.961617, 26.945881], [92.972977, 26.940821], [92.980698, 26.935621], [92.982719, 26.93594], [92.986687, 26.93383], [92.993759, 26.931787], [92.995796, 26.930321], [92.997437, 26.930349], [93.019371, 26.91683], [93.038208, 26.917881], [93.060173, 26.921181], [93.06884, 26.92421], [93.076363, 26.919941], [93.091873, 26.915541], [93.108963, 26.92728], [93.18428, 26.93874], [93.222389, 26.949141], [93.266853, 26.956001], [93.347939, 26.963242], [93.374237, 26.960381], [93.390732, 26.96003], [93.436661, 26.956091], [93.447868, 26.954151], [93.463837, 26.943541], [93.468109, 26.93889], [93.480293, 26.94018], [93.486832, 26.94309], [93.489357, 26.93853], [93.525841, 26.948631], [93.545486, 26.95174], [93.570793, 26.954123], [93.584221, 26.952648], [93.595833, 26.955181], [93.624496, 26.964211], [93.640167, 26.964781], [93.655113, 26.966478], [93.675781, 26.971071], [93.696556, 26.992378], [93.69828, 26.994791], [93.70163, 26.99258], [93.703217, 26.988171], [93.70916, 26.98641], [93.725563, 26.9778], [93.727623, 26.97254], [93.737167, 26.967461], [93.743126, 26.96146], [93.746216, 26.950998], [93.745171, 26.94025], [93.748207, 26.933861], [93.748413, 26.928181], [93.750847, 26.922129], [93.748093, 26.91543], [93.743416, 26.910999], [93.744797, 26.903671], [93.74884, 26.897421], [93.756172, 26.894758], [93.764511, 26.89407], [93.774551, 26.8915], [93.779381, 26.887781], [93.781799, 26.881151], [93.781853, 26.876221], [93.788872, 26.860811], [93.779877, 26.854601], [93.773003, 26.85261], [93.772171, 26.847031], [93.765678, 26.840219], [93.760353, 26.8258], [93.758148, 26.816978], [93.753601, 26.808531], [93.745293, 26.804003], [93.73745, 26.81175], [93.726936, 26.81805], [93.716797, 26.820431], [93.711166, 26.820751], [93.695816, 26.800961], [93.689209, 26.798571], [93.670799, 26.803421], [93.656342, 26.794823], [93.649986, 26.792261], [93.648056, 26.78718], [93.649239, 26.78076], [93.655083, 26.763969], [93.661331, 26.74011], [93.668381, 26.728451], [93.672203, 26.715982], [93.665596, 26.71727], [93.65007, 26.708193], [93.637756, 26.709579], [93.61879, 26.715611], [93.601112, 26.71892], [93.565933, 26.72694], [93.560257, 26.73094], [93.562607, 26.739241], [93.553856, 26.740501], [93.545433, 26.74502], [93.540222, 26.751261], [93.534187, 26.75679], [93.522293, 26.75828], [93.509438, 26.763359], [93.492622, 26.759941], [93.471176, 26.761909], [93.460869, 26.75985], [93.449249, 26.75416], [93.443497, 26.748911], [93.431847, 26.747391], [93.415428, 26.750351], [93.40789, 26.754648], [93.403381, 26.755791], [93.380516, 26.74721], [93.372177, 26.745398], [93.357567, 26.74028], [93.347496, 26.734331], [93.342201, 26.72591], [93.340286, 26.71806], [93.33593, 26.710253], [93.329819, 26.709051], [93.323227, 26.708891], [93.319099, 26.705191], [93.307457, 26.700863], [93.302376, 26.700041], [93.296677, 26.70109], [93.290413, 26.697821], [93.288612, 26.689859], [93.274017, 26.685301], [93.264709, 26.68437], [93.25135, 26.68804], [93.245056, 26.686371], [93.237671, 26.67705], [93.233276, 26.668291], [93.229416, 26.647242], [93.223343, 26.637079], [93.216393, 26.628151], [93.193909, 26.617962], [93.1782, 26.61467], [93.171913, 26.61231], [93.160301, 26.6014], [93.133606, 26.586849], [93.122627, 26.579981], [93.113678, 26.57704], [93.10556, 26.578279], [93.094017, 26.584641], [93.083748, 26.591681], [93.072487, 26.59705], [93.066116, 26.596458], [93.055321, 26.597313], [93.039719, 26.59655], [93.019081, 26.59889], [93.007111, 26.600641], [92.997963, 26.60561], [92.99202, 26.61142], [92.988739, 26.61557], [92.982109, 26.617392], [92.963692, 26.620661], [92.951591, 26.620758], [92.942238, 26.619423], [92.93866, 26.617781], [92.934433, 26.61437], [92.922272, 26.60041], [92.917366, 26.59819], [92.909279, 26.596123], [92.894577, 26.597721], [92.888893, 26.59553], [92.878036, 26.58972], [92.872147, 26.585388], [92.86911, 26.584471], [92.862137, 26.5853], [92.857018, 26.58692], [92.85006, 26.587412], [92.840508, 26.585371], [92.833626, 26.582569], [92.823753, 26.577131], [92.800003, 26.56068], [92.797653, 26.559771], [92.792397, 26.559292], [92.771507, 26.55834], [92.766678, 26.54937], [92.765312, 26.54088], [92.763107, 26.533979], [92.759888, 26.531151], [92.757507, 26.527071], [92.757599, 26.52125], [92.755913, 26.515511], [92.753548, 26.513851], [92.74733, 26.514521], [92.74015, 26.516729], [92.733978, 26.51918], [92.727951, 26.52285], [92.727028, 26.52462], [92.726776, 26.5341], [92.725998, 26.536631], [92.724831, 26.537239], [92.715019, 26.53536], [92.710068, 26.53266], [92.703262, 26.527733], [92.689476, 26.51269], [92.68557, 26.510641], [92.68206, 26.51124], [92.67263, 26.51877], [92.668297, 26.52109], [92.66394, 26.522211], [92.654663, 26.519871], [92.639572, 26.5193], [92.633499, 26.518131], [92.618103, 26.513363], [92.603973, 26.510441], [92.578712, 26.501921], [92.567009, 26.50316], [92.564613, 26.504723], [92.556412, 26.50684], [92.54493, 26.507891], [92.534409, 26.510761], [92.526627, 26.511051], [92.509926, 26.508711], [92.492523, 26.504381], [92.486526, 26.50218], [92.479691, 26.49839], [92.472992, 26.497202], [92.464722, 26.4993], [92.460983, 26.501291], [92.457581, 26.50432], [92.453873, 26.50913], [92.452827, 26.51676], [92.45108, 26.520241], [92.445747, 26.521723], [92.441963, 26.521931], [92.43576, 26.52132], [92.41716, 26.51737], [92.413788, 26.517004], [92.402107, 26.515739], [92.389069, 26.516069], [92.38549, 26.51857], [92.383247, 26.51869], [92.363106, 26.50692], [92.358147, 26.506571], [92.348061, 26.507881], [92.345261, 26.507469], [92.343933, 26.503799]]]}, "properties": {"name": "Sonitpur", "state": "Assam"}}, {"type": "Feature", "geometry": {"type": "Polygon", "coordinates": [[[95.977463, 27.9685], [95.96521, 27.952633], [95.952316, 27.941841], [95.951553, 27.939171], [95.952347, 27.93718], [95.95755, 27.93708], [95.957542, 27.93288], [95.953812, 27.930241], [95.955299, 27.926821], [95.952492, 27.922819], [95.943512, 27.91264], [95.939316, 27.909821], [95.938332, 27.903271], [95.928642, 27.902851], [95.925011, 27.900942], [95.923927, 27.896], [95.928551, 27.89053], [95.927353, 27.88726], [95.923752, 27.890331], [95.92128, 27.890471], [95.922623, 27.886181], [95.918663, 27.88278], [95.914001, 27.88085], [95.912918, 27.878139], [95.914093, 27.874651], [95.911377, 27.873018], [95.906181, 27.87723], [95.907227, 27.868641], [95.900558, 27.86668], [95.897636, 27.86747], [95.895027, 27.867222], [95.894226, 27.86096], [95.892097, 27.85704], [95.876572, 27.84177], [95.873726, 27.839802], [95.866333, 27.838461], [95.852097, 27.83411], [95.845993, 27.830101], [95.843369, 27.82147], [95.834976, 27.815771], [95.828941, 27.81366], [95.823128, 27.80925], [95.811317, 27.79372], [95.807579, 27.789949], [95.806366, 27.783581], [95.800949, 27.776861], [95.795387, 27.772631], [95.788826, 27.765053], [95.780533, 27.758221], [95.749161, 27.750179], [95.732162, 27.75341], [95.726669, 27.753019], [95.721657, 27.756241], [95.706001, 27.774851], [95.701103, 27.787321], [95.698021, 27.790901], [95.692963, 27.791443], [95.678619, 27.795992], [95.672386, 27.795301], [95.666626, 27.79348], [95.661682, 27.78986], [95.653648, 27.787081], [95.636543, 27.788919], [95.632347, 27.784801], [95.620506, 27.781351], [95.608879, 27.776011], [95.575592, 27.773031], [95.568779, 27.774281], [95.558937, 27.77961], [95.552307, 27.78541], [95.542381, 27.790062], [95.535263, 27.794811], [95.522812, 27.79513], [95.492111, 27.79388], [95.481003, 27.79146], [95.461647, 27.79401], [95.468437, 27.813829], [95.475449, 27.82131], [95.478882, 27.82806], [95.477837, 27.83453], [95.481941, 27.8375], [95.4851, 27.84288], [95.48616, 27.849211], [95.491287, 27.857128], [95.495163, 27.85981], [95.50338, 27.86208], [95.515236, 27.862379], [95.519447, 27.863691], [95.515938, 27.875351], [95.515953, 27.881788], [95.52623, 27.8979], [95.53302, 27.900431], [95.543533, 27.902323], [95.544342, 27.905783], [95.542068, 27.910742], [95.5438, 27.91346], [95.565048, 27.92252], [95.566261, 27.931591], [95.571213, 27.942381], [95.580536, 27.943562], [95.588661, 27.941629], [95.596947, 27.95113], [95.606743, 27.957769], [95.825882, 27.977371], [95.956886, 27.96913], [95.977463, 27.9685]]]}, "properties": {"name": "Tinsukia", "state": "Assam"}}, {"type": "Feature", "geometry": {"type": "Polygon", "coordinates": [[[92.364433, 26.932699], [92.35907, 26.926069], [92.355476, 26.917749], [92.353271, 26.91464], [92.352913, 26.91222], [92.349548, 26.90712], [92.347008, 26.89163], [92.341667, 26.88666], [92.342529, 26.880871], [92.344772, 26.87459], [92.343437, 26.869951], [92.34333, 26.865749], [92.345566, 26.862921], [92.344757, 26.859739], [92.343231, 26.85791], [92.343208, 26.856251], [92.339836, 26.85346], [92.340019, 26.850121], [92.336327, 26.847441], [92.334641, 26.841761], [92.331993, 26.8368], [92.332451, 26.834631], [92.331688, 26.83213], [92.337997, 26.825821], [92.334366, 26.824131], [92.332176, 26.82402], [92.331512, 26.82291], [92.331848, 26.82004], [92.330826, 26.816101], [92.333366, 26.814489], [92.334702, 26.812559], [92.329697, 26.807032], [92.330269, 26.80307], [92.334793, 26.796318], [92.33329, 26.793171], [92.337822, 26.788801], [92.338043, 26.78656], [92.335297, 26.784071], [92.336403, 26.77932], [92.340393, 26.773479], [92.340569, 26.771761], [92.33493, 26.772888], [92.330147, 26.77294], [92.332817, 26.76709], [92.336983, 26.76816], [92.336288, 26.76601], [92.331436, 26.761862], [92.329147, 26.75704], [92.328712, 26.755171], [92.330742, 26.746691], [92.328011, 26.742369], [92.328766, 26.73992], [92.331078, 26.73772], [92.333878, 26.73641], [92.334816, 26.7339], [92.335037, 26.726419], [92.336693, 26.722651], [92.338272, 26.714691], [92.3358, 26.707493], [92.336777, 26.702391], [92.336563, 26.699343], [92.334023, 26.690111], [92.335426, 26.675461], [92.332428, 26.671013], [92.334137, 26.668892], [92.328651, 26.670364], [92.319992, 26.674892], [92.310867, 26.677294], [92.30365, 26.671852], [92.30056, 26.664885], [92.300171, 26.658186], [92.298004, 26.644175], [92.296501, 26.639727], [92.294312, 26.63365], [92.290039, 26.628218], [92.28466, 26.62792], [92.278946, 26.626926], [92.274872, 26.620756], [92.274452, 26.616463], [92.273605, 26.610521], [92.272842, 26.60265], [92.272018, 26.596945], [92.270233, 26.592278], [92.260223, 26.585611], [92.258049, 26.582418], [92.251312, 26.579102], [92.245438, 26.581964], [92.245453, 26.584848], [92.242439, 26.595179], [92.239029, 26.59857], [92.238853, 26.605072], [92.239563, 26.615112], [92.237854, 26.625099], [92.233353, 26.628336], [92.224304, 26.634331], [92.217667, 26.640377], [92.216759, 26.644775], [92.215302, 26.651857], [92.21357, 26.656078], [92.202194, 26.665619], [92.197746, 26.666687], [92.189392, 26.668781], [92.184715, 26.667463], [92.180367, 26.663956], [92.177078, 26.660366], [92.164169, 26.659689], [92.161263, 26.65727], [92.156937, 26.654003], [92.150604, 26.652092], [92.14743, 26.649694], [92.14225, 26.648655], [92.133995, 26.649055], [92.127129, 26.647184], [92.11982, 26.646309], [92.114769, 26.643816], [92.108498, 26.639736], [92.098228, 26.638609], [92.095963, 26.637341], [92.092278, 26.632339], [92.087448, 26.629349], [92.08194, 26.630495], [92.076691, 26.62862], [92.07148, 26.620661], [92.068214, 26.613235], [92.060432, 26.612301], [92.058449, 26.609383], [92.054398, 26.602783], [92.048294, 26.592505], [92.045876, 26.585012], [92.045441, 26.580441], [92.046745, 26.567286], [92.050545, 26.562386], [92.054207, 26.555962], [92.05941, 26.54788], [92.06089, 26.545464], [92.068657, 26.546398], [92.07135, 26.547728], [92.075172, 26.552038], [92.081688, 26.557678], [92.08622, 26.5604], [92.092079, 26.559177], [92.096024, 26.555801], [92.098976, 26.550966], [92.099167, 26.544041], [92.096191, 26.539663], [92.091515, 26.535418], [92.08783, 26.532631], [92.085625, 26.527426], [92.084343, 26.522919], [92.082214, 26.518476], [92.08078, 26.512444], [92.084511, 26.506781], [92.087532, 26.502707], [92.094505, 26.495256], [92.094139, 26.491446], [92.090096, 26.484846], [92.085861, 26.485174], [92.082108, 26.481625], [92.077026, 26.482018], [92.069839, 26.487181], [92.070007, 26.497919], [92.072136, 26.502361], [92.065727, 26.506697], [92.065674, 26.515146], [92.063499, 26.519154], [92.057014, 26.522726], [92.051369, 26.526234], [92.049339, 26.531765], [92.045464, 26.535904], [92.035461, 26.547424], [92.031105, 26.555437], [92.028076, 26.559509], [92.015167, 26.567413], [92.0037, 26.569061], [91.992607, 26.569502], [91.986145, 26.566841], [91.981888, 26.561823], [91.974098, 26.557512], [91.969498, 26.554026], [91.965187, 26.553587], [91.953751, 26.559069], [91.95433, 26.565168], [91.947983, 26.570259], [91.944588, 26.570518], [91.936401, 26.574215], [91.930466, 26.574669], [91.924385, 26.573597], [91.919426, 26.566298], [91.917305, 26.561853], [91.907837, 26.561039], [91.901611, 26.558441], [91.899414, 26.553234], [91.899132, 26.550186], [91.895233, 26.545107], [91.887604, 26.545687], [91.873901, 26.545195], [91.863228, 26.54063], [91.845543, 26.528568], [91.827835, 26.509249], [91.789383, 26.498522], [91.783691, 26.498093], [91.78627, 26.49963], [91.784256, 26.50592], [91.779671, 26.512421], [91.779846, 26.51564], [91.782578, 26.517853], [91.783226, 26.52083], [91.77697, 26.523951], [91.779167, 26.525709], [91.783203, 26.52664], [91.784088, 26.529848], [91.780937, 26.530291], [91.776787, 26.52943], [91.783562, 26.53768], [91.779327, 26.541121], [91.777847, 26.545563], [91.778542, 26.549011], [91.774841, 26.550091], [91.771896, 26.553461], [91.764977, 26.565628], [91.76516, 26.56925], [91.760681, 26.574991], [91.757919, 26.577381], [91.752716, 26.57688], [91.74823, 26.579809], [91.746941, 26.583738], [91.747246, 26.58695], [91.742561, 26.590981], [91.746536, 26.596111], [91.74736, 26.60018], [91.74971, 26.60297], [91.748901, 26.605053], [91.744102, 26.604483], [91.739342, 26.60218], [91.738609, 26.6057], [91.74292, 26.611732], [91.739357, 26.613098], [91.739479, 26.61672], [91.741638, 26.61997], [91.742767, 26.62352], [91.745811, 26.626431], [91.745262, 26.628151], [91.736679, 26.626881], [91.735832, 26.630741], [91.737976, 26.632721], [91.74263, 26.631689], [91.745148, 26.632521], [91.747543, 26.63479], [91.747429, 26.637381], [91.743111, 26.638411], [91.738243, 26.638531], [91.737968, 26.641582], [91.742813, 26.644003], [91.744759, 26.64731], [91.740318, 26.64926], [91.738373, 26.652618], [91.733719, 26.653551], [91.732506, 26.65867], [91.733246, 26.665501], [91.734756, 26.669161], [91.740387, 26.66972], [91.740883, 26.675871], [91.74279, 26.679642], [91.743233, 26.684191], [91.742447, 26.687859], [91.738243, 26.69327], [91.739998, 26.699631], [91.732567, 26.713181], [91.733437, 26.73031], [91.727463, 26.736761], [91.722862, 26.743658], [91.717819, 26.75407], [91.712082, 26.777719], [91.711723, 26.784792], [91.709053, 26.790449], [91.707207, 26.79755], [91.704201, 26.811859], [91.702171, 26.81181], [91.701683, 26.811813], [91.705009, 26.813187], [91.720634, 26.811922], [91.748535, 26.826286], [91.760155, 26.832218], [91.761185, 26.832743], [91.764725, 26.834551], [91.781158, 26.842926], [91.802277, 26.85368], [91.807388, 26.85614], [91.813911, 26.85928], [91.816429, 26.860491], [91.823883, 26.864372], [91.832802, 26.87686], [91.859131, 26.913708], [91.863045, 26.914185], [91.877808, 26.915983], [91.882233, 26.91638], [91.885117, 26.916714], [91.892097, 26.919214], [91.901581, 26.91477], [91.942223, 26.895731], [91.95076, 26.890944], [91.963852, 26.882862], [91.970261, 26.870554], [91.977493, 26.863663], [91.983078, 26.858339], [91.990379, 26.856575], [92.000107, 26.854227], [92.017006, 26.850145], [92.03614, 26.848923], [92.052223, 26.847897], [92.056633, 26.847614], [92.086296, 26.859592], [92.10289, 26.867559], [92.102676, 26.881496], [92.112984, 26.892384], [92.120369, 26.890301], [92.124191, 26.889761], [92.129539, 26.890713], [92.147926, 26.890888], [92.162399, 26.89266], [92.168823, 26.891911], [92.17717, 26.892481], [92.194847, 26.891001], [92.209351, 26.896891], [92.254562, 26.91223], [92.26123, 26.90877], [92.265106, 26.9076], [92.267868, 26.905083], [92.27639, 26.90247], [92.281487, 26.904148], [92.290077, 26.90546], [92.300537, 26.90814], [92.303749, 26.90954], [92.302856, 26.92421], [92.320053, 26.928381], [92.346779, 26.93346], [92.35305, 26.93557], [92.364433, 26.932699]]]}, "properties": {"name": "Udalguri", "state": "Assam"}}, {"type": "Feature", "geometry": {"type": "Polygon", "coordinates": [[[93.877693, 24.55714], [93.871887, 24.543119], [93.871872, 24.53075], [93.857597, 24.53706], [93.826111, 24.547131], [93.810379, 24.55093], [93.801796, 24.55093], [93.790329, 24.547171], [93.758766, 24.528339], [93.734436, 24.525829], [93.734512, 24.55224], [93.731667, 24.558498], [93.730263, 24.57107], [93.724579, 24.58741], [93.726036, 24.596201], [93.74044, 24.625099], [93.741867, 24.626362], [93.753441, 24.652739], [93.752007, 24.664051], [93.750587, 24.66781], [93.75351, 24.686661], [93.757828, 24.69043], [93.760696, 24.689171], [93.766418, 24.689171], [93.770737, 24.696701], [93.770752, 24.70299], [93.773651, 24.710531], [93.773712, 24.730631], [93.77803, 24.735661], [93.775169, 24.73942], [93.775177, 24.741953], [93.790932, 24.734381], [93.800957, 24.73312], [93.806732, 24.735628], [93.82531, 24.72431], [93.833908, 24.723051], [93.843956, 24.724291], [93.874077, 24.719931], [93.884102, 24.714901], [93.894127, 24.71493], [93.892693, 24.71114], [93.894081, 24.706093], [93.894066, 24.702301], [93.892593, 24.69471], [93.878181, 24.684603], [93.86956, 24.682081], [93.849472, 24.680849], [93.848061, 24.685888], [93.838013, 24.684641], [93.802101, 24.67337], [93.806282, 24.648182], [93.819153, 24.640593], [93.816246, 24.6343], [93.807632, 24.626772], [93.807587, 24.620468], [93.813301, 24.61417], [93.821892, 24.61165], [93.850632, 24.62921], [93.854927, 24.627939], [93.857803, 24.62542], [93.854897, 24.620398], [93.857727, 24.614132], [93.870636, 24.616631], [93.873497, 24.614111], [93.874916, 24.609131], [93.873466, 24.604141], [93.89064, 24.59054], [93.892067, 24.585621], [93.890617, 24.581921], [93.873421, 24.575708], [93.870567, 24.5683], [93.877693, 24.55714]]]}, "properties": {"name": "Bishnupur", "state": "Manipur"}}, {"type": "Feature", "geometry": {"type": "Polygon", "coordinates": [[[93.746613, 24.008541], [93.74028, 24.007759], [93.741577, 24.01408], [93.744911, 24.02169], [93.745247, 24.02676], [93.748619, 24.034363], [93.757988, 24.045759], [93.758347, 24.05209], [93.762833, 24.054611], [93.76313, 24.060921], [93.764847, 24.068493], [93.77079, 24.074793], [93.768036, 24.081091], [93.773811, 24.084862], [93.772461, 24.092413], [93.778206, 24.09617], [93.779671, 24.10244], [93.779678, 24.109991], [93.77684, 24.115021], [93.773979, 24.125059], [93.779686, 24.130091], [93.777611, 24.13378], [93.782913, 24.14311], [93.791473, 24.14436], [93.792908, 24.148142], [93.802879, 24.14938], [93.810051, 24.158159], [93.814377, 24.171961], [93.827217, 24.178211], [93.830116, 24.18449], [93.838669, 24.18824], [93.841583, 24.19828], [93.845871, 24.200781], [93.848747, 24.210831], [93.854492, 24.2171], [93.860168, 24.21207], [93.867287, 24.209551], [93.870186, 24.215839], [93.870201, 24.22086], [93.878792, 24.222132], [93.88166, 24.224649], [93.881699, 24.229691], [93.874573, 24.233459], [93.864586, 24.234713], [93.863167, 24.23723], [93.8675, 24.242281], [93.870407, 24.247339], [93.866112, 24.248602], [93.867622, 24.25622], [93.864799, 24.262541], [93.866318, 24.26766], [93.872139, 24.272829], [93.875069, 24.276712], [93.88237, 24.290751], [93.888046, 24.288193], [93.889442, 24.2831], [93.884972, 24.270321], [93.886131, 24.24614], [93.88752, 24.241081], [93.894707, 24.24365], [93.90052, 24.25132], [93.913513, 24.254049], [93.913658, 24.26675], [93.919388, 24.264299], [93.923683, 24.266821], [93.927826, 24.252798], [93.931999, 24.247601], [93.933357, 24.243731], [93.931877, 24.23991], [93.931839, 24.237343], [93.933243, 24.234791], [93.930359, 24.233532], [93.933167, 24.22716], [93.933128, 24.222101], [93.935989, 24.220819], [93.935966, 24.219561], [93.938843, 24.219551], [93.940239, 24.21703], [93.940239, 24.21199], [93.941673, 24.210732], [93.944557, 24.211983], [93.947426, 24.209478], [93.948868, 24.209461], [93.956047, 24.194391], [93.966339, 24.194401], [93.969276, 24.193171], [93.973808, 24.195683], [93.978363, 24.199459], [93.98288, 24.204498], [93.987381, 24.205759], [94.002136, 24.19894], [94.018181, 24.19952], [94.033493, 24.2029], [94.047943, 24.20483], [94.06398, 24.200541], [94.082321, 24.188051], [94.094727, 24.18589], [94.127739, 24.173618], [94.139099, 24.172131], [94.161758, 24.15185], [94.176483, 24.15313], [94.197296, 24.13835], [94.216476, 24.130291], [94.2416, 24.122992], [94.259232, 24.11982], [94.256721, 24.106649], [94.258339, 24.101591], [94.260048, 24.096241], [94.259697, 24.08956], [94.254036, 24.077682], [94.250221, 24.070478], [94.247177, 24.062563], [94.246452, 24.062901], [94.239937, 24.06595], [94.23307, 24.0669], [94.235222, 24.058661], [94.236771, 24.056679], [94.243576, 24.047951], [94.245323, 24.044243], [94.231598, 24.021481], [94.225601, 24.01412], [94.220306, 24.006029], [94.215401, 23.997461], [94.210297, 23.992361], [94.201302, 23.977968], [94.194496, 23.96501], [94.193542, 23.9512], [94.196831, 23.94404], [94.195969, 23.937721], [94.190422, 23.934061], [94.183426, 23.937111], [94.181801, 23.93782], [94.176903, 23.938841], [94.170776, 23.935093], [94.169518, 23.92869], [94.168961, 23.911501], [94.168228, 23.889139], [94.165039, 23.864861], [94.161461, 23.852779], [94.157669, 23.851948], [94.155449, 23.85146], [94.147148, 23.856119], [94.146149, 23.856092], [94.139297, 23.8559], [94.135147, 23.846071], [94.12883, 23.842779], [94.122871, 23.842731], [94.122643, 23.84273], [94.114792, 23.852451], [94.114761, 23.853163], [94.114113, 23.866631], [94.11161, 23.87088], [94.104187, 23.877171], [94.100967, 23.889023], [94.096092, 23.893572], [94.090607, 23.894501], [94.085457, 23.893181], [94.075737, 23.893061], [94.068481, 23.89562], [94.060928, 23.897303], [94.05661, 23.8976], [94.051117, 23.900431], [94.049316, 23.907391], [94.046913, 23.91337], [94.043221, 23.918001], [94.037941, 23.920561], [94.034103, 23.92211], [94.027748, 23.926043], [94.021492, 23.931492], [94.017693, 23.93395], [94.013367, 23.934521], [94.008041, 23.933201], [94.001526, 23.93116], [93.995438, 23.93154], [93.989632, 23.93203], [93.981583, 23.93326], [93.976387, 23.935261], [93.969383, 23.933941], [93.962242, 23.937149], [93.961792, 23.94339], [93.959969, 23.94692], [93.953781, 23.950199], [93.94162, 23.952791], [93.935806, 23.953371], [93.926376, 23.95541], [93.920967, 23.956779], [93.913902, 23.957451], [93.907021, 23.95714], [93.902077, 23.95561], [93.89608, 23.954828], [93.891037, 23.95178], [93.887062, 23.94747], [93.881561, 23.94714], [93.877022, 23.94688], [93.873169, 23.943918], [93.866226, 23.93792], [93.848633, 23.93808], [93.837547, 23.932081], [93.828217, 23.9314], [93.815987, 23.929829], [93.809288, 23.932611], [93.80806, 23.933121], [93.805733, 23.93737], [93.805313, 23.94722], [93.803566, 23.951111], [93.80114, 23.955551], [93.797218, 23.95665], [93.794289, 23.96282], [93.793549, 23.96751], [93.785622, 23.96944], [93.779343, 23.977871], [93.773491, 23.982401], [93.770279, 23.990011], [93.766586, 23.996981], [93.762222, 24.004141], [93.756943, 24.009493], [93.746613, 24.008541]]]}, "properties": {"name": "Chandel", "state": "Manipur"}}, {"type": "Feature", "geometry": {"type": "Polygon", "coordinates": [[[93.570869, 24.250603], [93.570892, 24.26066], [93.575203, 24.27322], [93.573776, 24.27824], [93.578056, 24.279501], [93.58094, 24.294588], [93.582367, 24.295853], [93.588097, 24.307159], [93.585258, 24.31093], [93.585258, 24.317211], [93.58812, 24.31847], [93.589546, 24.32476], [93.589577, 24.33606], [93.593872, 24.343611], [93.593887, 24.34989], [93.601059, 24.362461], [93.611092, 24.375019], [93.623962, 24.387602], [93.631126, 24.391371], [93.635429, 24.392641], [93.641159, 24.40395], [93.644028, 24.407721], [93.648338, 24.42029], [93.651222, 24.422781], [93.65696, 24.44039], [93.66127, 24.447941], [93.665619, 24.470541], [93.672783, 24.478088], [93.675667, 24.485632], [93.687218, 24.530861], [93.687271, 24.55348], [93.69873, 24.558512], [93.700188, 24.56731], [93.705971, 24.576099], [93.710243, 24.578611], [93.71315, 24.59746], [93.701752, 24.616261], [93.71891, 24.60877], [93.723198, 24.603741], [93.726036, 24.596201], [93.724579, 24.58741], [93.730263, 24.57107], [93.731667, 24.558498], [93.734512, 24.55224], [93.734436, 24.525829], [93.734123, 24.503641], [93.721199, 24.488588], [93.721161, 24.476021], [93.716843, 24.469742], [93.71537, 24.458431], [93.713921, 24.453411], [93.70961, 24.448393], [93.713882, 24.437073], [93.715286, 24.427021], [93.725258, 24.418213], [93.736717, 24.425718], [93.738152, 24.42321], [93.733818, 24.41316], [93.73378, 24.401861], [93.736633, 24.39683], [93.742348, 24.396811], [93.745232, 24.40435], [93.7481, 24.40559], [93.749542, 24.409363], [93.753822, 24.409349], [93.759506, 24.403061], [93.776672, 24.403021], [93.790947, 24.400461], [93.810936, 24.394131], [93.809479, 24.389099], [93.810921, 24.38785], [93.803658, 24.366529], [93.812233, 24.360231], [93.816521, 24.360218], [93.836533, 24.365181], [93.84082, 24.362673], [93.845093, 24.357641], [93.850708, 24.321381], [93.853577, 24.313938], [93.869446, 24.296871], [93.869438, 24.29188], [93.875206, 24.291969], [93.878082, 24.290743], [93.88237, 24.290751], [93.875069, 24.276712], [93.872139, 24.272829], [93.866318, 24.26766], [93.864799, 24.262541], [93.867622, 24.25622], [93.866112, 24.248602], [93.870407, 24.247339], [93.8675, 24.242281], [93.863167, 24.23723], [93.864586, 24.234713], [93.874573, 24.233459], [93.881699, 24.229691], [93.88166, 24.224649], [93.878792, 24.222132], [93.870201, 24.22086], [93.870186, 24.215839], [93.867287, 24.209551], [93.860168, 24.21207], [93.854492, 24.2171], [93.848747, 24.210831], [93.845871, 24.200781], [93.841583, 24.19828], [93.838669, 24.18824], [93.830116, 24.18449], [93.827217, 24.178211], [93.814377, 24.171961], [93.810051, 24.158159], [93.802879, 24.14938], [93.792908, 24.148142], [93.791473, 24.14436], [93.782913, 24.14311], [93.777611, 24.13378], [93.773323, 24.141321], [93.763367, 24.148861], [93.760551, 24.15892], [93.759117, 24.158911], [93.750587, 24.166452], [93.744858, 24.167721], [93.736313, 24.171478], [93.730598, 24.171492], [93.729187, 24.176519], [93.722076, 24.18029], [93.709229, 24.180281], [93.709251, 24.191603], [93.70639, 24.194111], [93.700706, 24.196621], [93.680733, 24.20039], [93.670738, 24.206673], [93.659363, 24.22175], [93.65509, 24.223021], [93.636559, 24.248131], [93.626556, 24.24938], [93.610863, 24.249363], [93.60228, 24.250629], [93.570869, 24.250603]]]}, "properties": {"name": "Churachandpur", "state": "Manipur"}}, {"type": "Feature", "geometry": {"type": "Polygon", "coordinates": [[[93.936478, 24.90132], [93.937927, 24.898809], [93.943718, 24.901312], [93.948082, 24.901333], [93.955429, 24.906363], [93.953987, 24.907619], [93.949577, 24.907612], [93.949608, 24.908871], [93.962921, 24.917528], [93.964401, 24.921181], [93.951218, 24.916389], [93.949867, 24.921398], [93.952843, 24.923853], [93.963013, 24.927259], [93.964447, 24.928389], [93.965881, 24.9342], [93.957336, 24.934658], [93.954506, 24.937191], [93.955963, 24.943069], [93.965797, 24.94108], [93.971367, 24.94161], [93.972893, 24.93705], [93.978561, 24.93545], [93.978813, 24.926559], [93.980278, 24.9242], [93.983192, 24.92178], [93.988777, 24.92721], [93.987312, 24.928379], [93.986771, 24.93874], [93.985229, 24.94087], [93.982376, 24.942223], [93.982193, 24.94516], [93.968361, 24.95083], [93.966927, 24.95447], [93.95742, 24.95598], [93.961502, 24.95896], [93.957527, 24.965721], [93.9655, 24.960581], [93.968147, 24.962379], [93.972137, 24.961309], [93.9748, 24.959339], [93.976288, 24.954512], [93.980362, 24.952358], [93.985718, 24.951797], [93.995506, 24.947981], [93.996048, 24.95579], [94.001511, 24.96077], [94.008667, 24.95645], [94.012123, 24.9555], [94.016823, 24.955879], [94.019653, 24.95962], [94.02108, 24.977541], [94.025383, 24.997421], [94.023987, 25.0023], [94.01944, 25.00268], [94.013588, 25.004532], [94.001343, 25.00518], [94.007973, 25.008141], [94.017929, 25.00849], [94.020256, 25.009321], [94.02182, 25.011539], [94.023109, 25.01932], [94.022598, 25.02327], [94.019676, 25.032551], [94.017166, 25.03722], [94.021339, 25.04649], [94.025002, 25.05064], [94.035057, 25.05501], [94.034813, 25.052841], [94.032486, 25.049829], [94.029167, 25.03945], [94.029686, 25.03694], [94.033699, 25.031521], [94.033791, 25.0252], [94.036469, 25.022461], [94.040627, 25.022881], [94.042702, 25.024281], [94.044983, 25.02389], [94.050201, 25.017361], [94.047676, 25.01602], [94.046112, 25.016468], [94.044258, 25.01848], [94.042809, 25.018412], [94.041122, 25.01553], [94.035393, 25.01561], [94.033562, 25.011801], [94.033592, 25.009451], [94.033333, 25.008551], [94.038498, 25.00754], [94.041473, 25.00873], [94.043121, 25.009201], [94.044746, 25.00897], [94.047226, 25.00606], [94.048988, 25.005451], [94.04866, 25.004221], [94.051666, 25.001633], [94.048637, 25.00057], [94.042282, 24.999969], [94.037071, 24.99329], [94.036827, 24.991213], [94.04599, 24.992331], [94.04805, 24.98683], [94.040413, 24.98555], [94.03598, 24.97757], [94.034996, 24.974541], [94.035507, 24.971498], [94.041451, 24.97361], [94.045578, 24.97669], [94.049767, 24.978189], [94.050186, 24.971621], [94.048729, 24.967319], [94.048447, 24.962589], [94.050903, 24.960382], [94.062607, 24.95912], [94.066193, 24.956341], [94.063499, 24.95318], [94.055748, 24.94943], [94.054939, 24.94751], [94.060211, 24.945801], [94.066269, 24.946239], [94.069923, 24.94578], [94.061996, 24.906321], [94.063766, 24.892441], [94.06665, 24.887821], [94.071777, 24.884901], [94.080963, 24.88586], [94.090996, 24.890511], [94.09668, 24.89481], [94.100639, 24.908772], [94.108192, 24.91044], [94.114777, 24.910898], [94.120537, 24.917622], [94.122292, 24.921749], [94.130783, 24.927601], [94.130836, 24.94162], [94.133926, 24.944031], [94.138542, 24.943201], [94.139946, 24.938881], [94.13987, 24.933981], [94.141029, 24.930361], [94.144501, 24.927071], [94.146622, 24.923761], [94.141052, 24.916679], [94.129143, 24.905361], [94.124313, 24.890753], [94.119629, 24.88686], [94.115952, 24.881618], [94.114052, 24.873631], [94.112236, 24.858431], [94.108429, 24.85721], [94.101837, 24.85734], [94.097702, 24.855141], [94.101387, 24.835979], [94.098213, 24.828199], [94.093506, 24.821369], [94.089508, 24.811768], [94.087852, 24.8018], [94.079903, 24.757622], [94.076447, 24.756359], [94.077423, 24.75181], [94.075691, 24.747751], [94.071167, 24.747271], [94.071823, 24.74394], [94.067596, 24.745951], [94.066673, 24.743681], [94.069, 24.74159], [94.066383, 24.739641], [94.066223, 24.73641], [94.070007, 24.73427], [94.068199, 24.733089], [94.064796, 24.732981], [94.0616, 24.7237], [94.071022, 24.726101], [94.070816, 24.72373], [94.067047, 24.72159], [94.068977, 24.72121], [94.067726, 24.719181], [94.06852, 24.71781], [94.065613, 24.716372], [94.068176, 24.71336], [94.065353, 24.711189], [94.063179, 24.70804], [94.063332, 24.700651], [94.064552, 24.697269], [94.069092, 24.699989], [94.07177, 24.710642], [94.079918, 24.71244], [94.084076, 24.703873], [94.087547, 24.700623], [94.088989, 24.698141], [94.087616, 24.692581], [94.083649, 24.694189], [94.082779, 24.69157], [94.081207, 24.69276], [94.077492, 24.693001], [94.077583, 24.69006], [94.063438, 24.690929], [94.06176, 24.689232], [94.060486, 24.684891], [94.048462, 24.685911], [94.048973, 24.679493], [94.043236, 24.67734], [94.043732, 24.681671], [94.037247, 24.67787], [94.036507, 24.680462], [94.034401, 24.68268], [94.035217, 24.67779], [94.031212, 24.6768], [94.026993, 24.677761], [94.025108, 24.672022], [94.021652, 24.672092], [94.019592, 24.67585], [94.017357, 24.687349], [94.011879, 24.691359], [94.019386, 24.70043], [94.01944, 24.705681], [94.01593, 24.709539], [94.00943, 24.71382], [94.00576, 24.719231], [94.006012, 24.729502], [94.001717, 24.732731], [93.997437, 24.732752], [93.983513, 24.730551], [93.975327, 24.728392], [93.973976, 24.72471], [93.975433, 24.71719], [93.971283, 24.716089], [93.969887, 24.709841], [93.961418, 24.712601], [93.948563, 24.71405], [93.948593, 24.716593], [93.945747, 24.722879], [93.94429, 24.720383], [93.935867, 24.75408], [93.938828, 24.77182], [93.93885, 24.785721], [93.94175, 24.794519], [93.944771, 24.827181], [93.94725, 24.837259], [93.938637, 24.842319], [93.935768, 24.848631], [93.917107, 24.858763], [93.912857, 24.85498], [93.899963, 24.857498], [93.902763, 24.866331], [93.936478, 24.90132]]]}, "properties": {"name": "Imphal East", "state": "Manipur"}}, {"type": "Feature", "geometry": {"type": "Polygon", "coordinates": [[[93.94175, 24.794519], [93.928871, 24.793259], [93.88578, 24.76284], [93.875748, 24.762821], [93.867126, 24.761551], [93.861359, 24.756498], [93.859901, 24.75271], [93.859848, 24.743881], [93.856926, 24.73632], [93.843956, 24.724291], [93.833908, 24.723051], [93.82531, 24.72431], [93.806732, 24.735628], [93.800957, 24.73312], [93.790932, 24.734381], [93.775177, 24.741953], [93.782227, 24.744013], [93.783676, 24.75156], [93.795197, 24.770441], [93.792343, 24.77422], [93.796661, 24.779251], [93.795227, 24.783043], [93.790932, 24.789318], [93.788063, 24.796881], [93.785179, 24.809471], [93.789482, 24.81324], [93.789467, 24.823311], [93.795197, 24.828348], [93.812431, 24.84095], [93.812408, 24.849758], [93.810936, 24.85857], [93.813812, 24.861099], [93.809479, 24.86865], [93.812317, 24.87368], [93.819489, 24.876221], [93.823769, 24.891321], [93.829491, 24.895111], [93.833786, 24.910233], [93.836769, 24.926613], [93.845543, 24.93421], [93.84594, 24.948103], [93.84919, 24.955721], [93.867287, 24.96089], [93.87365, 24.97998], [93.889557, 25.00526], [93.893173, 25.014482], [93.894447, 25.022881], [93.902176, 25.035889], [93.912056, 25.045292], [93.917503, 25.04747], [93.919296, 25.049723], [93.922287, 25.056471], [93.922981, 25.060301], [93.965912, 25.077091], [93.9767, 25.08007], [93.983711, 25.078161], [93.987686, 25.0749], [93.989113, 25.06922], [93.985909, 25.06015], [93.965927, 25.037668], [93.959297, 25.031752], [93.935753, 25.019501], [93.927368, 25.014132], [93.91626, 25.005251], [93.914932, 24.988821], [93.907928, 24.979959], [93.912079, 24.978668], [93.913116, 24.97611], [93.918877, 24.97731], [93.921227, 24.97471], [93.912361, 24.971031], [93.909187, 24.96851], [93.907082, 24.96344], [93.899612, 24.960932], [93.894836, 24.95715], [93.890953, 24.945742], [93.897667, 24.938143], [93.908768, 24.931768], [93.911217, 24.94944], [93.931412, 24.97056], [93.933769, 24.96792], [93.937958, 24.970249], [93.934868, 24.96533], [93.927513, 24.959269], [93.926376, 24.944191], [93.927086, 24.927853], [93.924156, 24.925348], [93.923973, 24.919031], [93.919662, 24.916531], [93.920959, 24.911482], [93.915253, 24.90522], [93.922287, 24.907681], [93.929413, 24.908901], [93.935112, 24.907619], [93.936501, 24.903841], [93.936478, 24.90132], [93.902763, 24.866331], [93.899963, 24.857498], [93.912857, 24.85498], [93.917107, 24.858763], [93.935768, 24.848631], [93.938637, 24.842319], [93.94725, 24.837259], [93.944771, 24.827181], [93.94175, 24.794519]]]}, "properties": {"name": "Imphal West", "state": "Manipur"}}, {"type": "Feature", "geometry": {"type": "Polygon", "coordinates": [[[93.701752, 24.616261], [93.701218, 24.62491], [93.695656, 24.66354], [93.688461, 24.71158], [93.666313, 24.797258], [93.674843, 24.802368], [93.677696, 24.803633], [93.68058, 24.803619], [93.683426, 24.80739], [93.689171, 24.809898], [93.690613, 24.81366], [93.693451, 24.81492], [93.696312, 24.818691], [93.703476, 24.81867], [93.706337, 24.824951], [93.709198, 24.8237], [93.717796, 24.824951], [93.724953, 24.829969], [93.724953, 24.833731], [93.722046, 24.838751], [93.729179, 24.85256], [93.73774, 24.858829], [93.731956, 24.86763], [93.731857, 24.87641], [93.724617, 24.881441], [93.721672, 24.886473], [93.715843, 24.89024], [93.714317, 24.894011], [93.711418, 24.896521], [93.711296, 24.901541], [93.706818, 24.915371], [93.71254, 24.922911], [93.721237, 24.930441], [93.727127, 24.937981], [93.735909, 24.94175], [93.749069, 24.945532], [93.771393, 24.958151], [93.774559, 24.96196], [93.781921, 24.96196], [93.788109, 24.965773], [93.795456, 24.967051], [93.802048, 24.974689], [93.803032, 24.98237], [93.802406, 24.988758], [93.797211, 24.992611], [93.801743, 24.99641], [93.796288, 25.002743], [93.796303, 25.005268], [93.794716, 25.0116], [93.79673, 25.016861], [93.800888, 25.021099], [93.805672, 25.022739], [93.811958, 25.02257], [93.818016, 25.0205], [93.820839, 25.021551], [93.822151, 25.028191], [93.821373, 25.032949], [93.819237, 25.038801], [93.815277, 25.045959], [93.815247, 25.0497], [93.811958, 25.05508], [93.808136, 25.05884], [93.805199, 25.065201], [93.801613, 25.08157], [93.802277, 25.085091], [93.800293, 25.087481], [93.800591, 25.09094], [93.800873, 25.103371], [93.79924, 25.110661], [93.796982, 25.11697], [93.794693, 25.12068], [93.790993, 25.125441], [93.78492, 25.130041], [93.781853, 25.144913], [93.778473, 25.15449], [93.779861, 25.1576], [93.783417, 25.159611], [93.784363, 25.162661], [93.792648, 25.170683], [93.796097, 25.170879], [93.799156, 25.17412], [93.797516, 25.176811], [93.798241, 25.179531], [93.80127, 25.17997], [93.80262, 25.189461], [93.806656, 25.189211], [93.814629, 25.199762], [93.819206, 25.203993], [93.819717, 25.211191], [93.825081, 25.21837], [93.83136, 25.225561], [93.837021, 25.227753], [93.842491, 25.228071], [93.846817, 25.229441], [93.850769, 25.231821], [93.856323, 25.23304], [93.869667, 25.24828], [93.881699, 25.257181], [93.888779, 25.261499], [93.888641, 25.26391], [93.894722, 25.267031], [93.89621, 25.26932], [93.900223, 25.272638], [93.906372, 25.276031], [93.927101, 25.276031], [93.931877, 25.27739], [93.943367, 25.283171], [93.956467, 25.291281], [93.95948, 25.294519], [93.950783, 25.29492], [93.948326, 25.296961], [93.941681, 25.306471], [93.937653, 25.31661], [93.931892, 25.31864], [93.928276, 25.322811], [93.924828, 25.32935], [93.921837, 25.333113], [93.909729, 25.334511], [93.906822, 25.3361], [93.900047, 25.337311], [93.896851, 25.339821], [93.89048, 25.338779], [93.890518, 25.34189], [93.893913, 25.34388], [93.89444, 25.34963], [93.892952, 25.35388], [93.894127, 25.35544], [93.903229, 25.36179], [93.904678, 25.370371], [93.908447, 25.37328], [93.909653, 25.381451], [93.917587, 25.38975], [93.923889, 25.390841], [93.923737, 25.393892], [93.924637, 25.3946], [93.968857, 25.402201], [93.974091, 25.402403], [93.977791, 25.39806], [93.980026, 25.39146], [93.978722, 25.37949], [93.975578, 25.36928], [93.972298, 25.362011], [93.967636, 25.34045], [93.967827, 25.328491], [93.970322, 25.30584], [93.97641, 25.291498], [93.979149, 25.286921], [93.984276, 25.281431], [93.98777, 25.279282], [94.000999, 25.27903], [94.005539, 25.27224], [94.008987, 25.27017], [94.013481, 25.26881], [94.015457, 25.266909], [94.015862, 25.26516], [94.014809, 25.252991], [94.008713, 25.233521], [94.003036, 25.220051], [94.001099, 25.21224], [93.995102, 25.199711], [93.989853, 25.191668], [93.980759, 25.18498], [93.9776, 25.171841], [93.978233, 25.16851], [93.973602, 25.164673], [93.97892, 25.159309], [93.977318, 25.15521], [93.973747, 25.151258], [93.969017, 25.143061], [93.968796, 25.138632], [93.970413, 25.13324], [93.967033, 25.129351], [93.967056, 25.118252], [93.963051, 25.112871], [93.959732, 25.112211], [93.956497, 25.105053], [93.95948, 25.103239], [93.959427, 25.100409], [93.955368, 25.095881], [93.953476, 25.096399], [93.950737, 25.09367], [93.952896, 25.089941], [93.946602, 25.083548], [93.939217, 25.084021], [93.937546, 25.089941], [93.92926, 25.089008], [93.924927, 25.089251], [93.922417, 25.086071], [93.9216, 25.077671], [93.924339, 25.063883], [93.922981, 25.060301], [93.922287, 25.056471], [93.919296, 25.049723], [93.917503, 25.04747], [93.912056, 25.045292], [93.902176, 25.035889], [93.894447, 25.022881], [93.893173, 25.014482], [93.889557, 25.00526], [93.87365, 24.97998], [93.867287, 24.96089], [93.84919, 24.955721], [93.84594, 24.948103], [93.845543, 24.93421], [93.836769, 24.926613], [93.833786, 24.910233], [93.829491, 24.895111], [93.823769, 24.891321], [93.819489, 24.876221], [93.812317, 24.87368], [93.809479, 24.86865], [93.813812, 24.861099], [93.810936, 24.85857], [93.812408, 24.849758], [93.812431, 24.84095], [93.795197, 24.828348], [93.789467, 24.823311], [93.789482, 24.81324], [93.785179, 24.809471], [93.788063, 24.796881], [93.790932, 24.789318], [93.795227, 24.783043], [93.796661, 24.779251], [93.792343, 24.77422], [93.795197, 24.770441], [93.783676, 24.75156], [93.782227, 24.744013], [93.775177, 24.741953], [93.775169, 24.73942], [93.77803, 24.735661], [93.773712, 24.730631], [93.773651, 24.710531], [93.770752, 24.70299], [93.770737, 24.696701], [93.766418, 24.689171], [93.760696, 24.689171], [93.757828, 24.69043], [93.75351, 24.686661], [93.750587, 24.66781], [93.752007, 24.664051], [93.753441, 24.652739], [93.741867, 24.626362], [93.74044, 24.625099], [93.726036, 24.596201], [93.723198, 24.603741], [93.71891, 24.60877], [93.701752, 24.616261]]]}, "properties": {"name": "Senapati", "state": "Manipur"}}, {"type": "Feature", "geometry": {"type": "Polygon", "coordinates": [[[93.390892, 24.568291], [93.356522, 24.577021], [93.34935, 24.57826], [93.342209, 24.575731], [93.337929, 24.569443], [93.327896, 24.56941], [93.319298, 24.56813], [93.30928, 24.565599], [93.289238, 24.569321], [93.282089, 24.566799], [93.286377, 24.56303], [93.277786, 24.550451], [93.272057, 24.547911], [93.274933, 24.544161], [93.269226, 24.53911], [93.26207, 24.526522], [93.270668, 24.524031], [93.267799, 24.52025], [93.267807, 24.512712], [93.262093, 24.51144], [93.254936, 24.511421], [93.247772, 24.51643], [93.236328, 24.513882], [93.230606, 24.50507], [93.223457, 24.497513], [93.214867, 24.501251], [93.207703, 24.51631], [93.199112, 24.517542], [93.194801, 24.523809], [93.186211, 24.52504], [93.184799, 24.516241], [93.179062, 24.51873], [93.174767, 24.518723], [93.17617, 24.523748], [93.173317, 24.531281], [93.179031, 24.53507], [93.18187, 24.543873], [93.184723, 24.54891], [93.191887, 24.553963], [93.196167, 24.55901], [93.199028, 24.562792], [93.199013, 24.5653], [93.197586, 24.567801], [93.194717, 24.570311], [93.197571, 24.574091], [93.2033, 24.57159], [93.206169, 24.569092], [93.20903, 24.569099], [93.211922, 24.57036], [93.20903, 24.574121], [93.206177, 24.575373], [93.209007, 24.57789], [93.204712, 24.580391], [93.20327, 24.591711], [93.20472, 24.59045], [93.213287, 24.5867], [93.216179, 24.587971], [93.217583, 24.590488], [93.220428, 24.60306], [93.217567, 24.609341], [93.217567, 24.614361], [93.218979, 24.6194], [93.2118, 24.625662], [93.213242, 24.629431], [93.221832, 24.629459], [93.224693, 24.635761], [93.224678, 24.640778], [93.221802, 24.644541], [93.216072, 24.6483], [93.216057, 24.654581], [93.211731, 24.6621], [93.211746, 24.66588], [93.214607, 24.6684], [93.21891, 24.665901], [93.221771, 24.667158], [93.221748, 24.674709], [93.207428, 24.670891], [93.210258, 24.688499], [93.217422, 24.697309], [93.218857, 24.70109], [93.21743, 24.699831], [93.208817, 24.702311], [93.207382, 24.703569], [93.207367, 24.706079], [93.214531, 24.709869], [93.220268, 24.709883], [93.226013, 24.707401], [93.228882, 24.70488], [93.230331, 24.699871], [93.230347, 24.688551], [93.233223, 24.683531], [93.237518, 24.68104], [93.256157, 24.674801], [93.260468, 24.6723], [93.277657, 24.66983], [93.286247, 24.672373], [93.297722, 24.682449], [93.300568, 24.688742], [93.300568, 24.696272], [93.299141, 24.701309], [93.299141, 24.708853], [93.304848, 24.70886], [93.312027, 24.70384], [93.314888, 24.7026], [93.322067, 24.7089], [93.327789, 24.71645], [93.332077, 24.720228], [93.337822, 24.722771], [93.340698, 24.727791], [93.336388, 24.730301], [93.323479, 24.73278], [93.322037, 24.736551], [93.327759, 24.744101], [93.33638, 24.750401], [93.337799, 24.75292], [93.329193, 24.766729], [93.336349, 24.769251], [93.34066, 24.765491], [93.343521, 24.76173], [93.352127, 24.763012], [93.359306, 24.76679], [93.360741, 24.7693], [93.359306, 24.774321], [93.355011, 24.779341], [93.356407, 24.785631], [93.360748, 24.79067], [93.363602, 24.7957], [93.359306, 24.800711], [93.36216, 24.80827], [93.36216, 24.81455], [93.363579, 24.819578], [93.366463, 24.8221], [93.373627, 24.823351], [93.38224, 24.822128], [93.38942, 24.81838], [93.38942, 24.81963], [93.393738, 24.81838], [93.395149, 24.81587], [93.398041, 24.81461], [93.399467, 24.812099], [93.400902, 24.81588], [93.400887, 24.817131], [93.402336, 24.81839], [93.402336, 24.82091], [93.400887, 24.822161], [93.402321, 24.82468], [93.400887, 24.824661], [93.402321, 24.82719], [93.408066, 24.828461], [93.439636, 24.84107], [93.448257, 24.848631], [93.458313, 24.84989], [93.465477, 24.848648], [93.474091, 24.844881], [93.48127, 24.843651], [93.502808, 24.8487], [93.507103, 24.846182], [93.502777, 24.84116], [93.507103, 24.833612], [93.505653, 24.831108], [93.507103, 24.827341], [93.508507, 24.82608], [93.511383, 24.827341], [93.518562, 24.824829], [93.528618, 24.821081], [93.531487, 24.81856], [93.535767, 24.818571], [93.540092, 24.814791], [93.548683, 24.81481], [93.555847, 24.811041], [93.560173, 24.8123], [93.561607, 24.813551], [93.558731, 24.814819], [93.567352, 24.819851], [93.571648, 24.817341], [93.574516, 24.8186], [93.571663, 24.822363], [93.575958, 24.824881], [93.571663, 24.82613], [93.573112, 24.83367], [93.577423, 24.836191], [93.611847, 24.831181], [93.623283, 24.80731], [93.633316, 24.797258], [93.666313, 24.797258], [93.688461, 24.71158], [93.695656, 24.66354], [93.701218, 24.62491], [93.701752, 24.616261], [93.690277, 24.6138], [93.681671, 24.60877], [93.668793, 24.611292], [93.663063, 24.611292], [93.655876, 24.60626], [93.654427, 24.598722], [93.651558, 24.59495], [93.635826, 24.60877], [93.627243, 24.60751], [93.624367, 24.605001], [93.61718, 24.586142], [93.612869, 24.579863], [93.608543, 24.574841], [93.599953, 24.57357], [93.597099, 24.569799], [93.591377, 24.5723], [93.588516, 24.578581], [93.584221, 24.583611], [93.577057, 24.588631], [93.572777, 24.59491], [93.561333, 24.588631], [93.559883, 24.584843], [93.551277, 24.584843], [93.548416, 24.581079], [93.544128, 24.582321], [93.541237, 24.574791], [93.538391, 24.572269], [93.538376, 24.560961], [93.534088, 24.55969], [93.514038, 24.56848], [93.509743, 24.56344], [93.502579, 24.558411], [93.499733, 24.55965], [93.493988, 24.554628], [93.485397, 24.5697], [93.479683, 24.57346], [93.472519, 24.57345], [93.466782, 24.570921], [93.455322, 24.548311], [93.4496, 24.542002], [93.430977, 24.55831], [93.413811, 24.56329], [93.408081, 24.567068], [93.403778, 24.572081], [93.402351, 24.57585], [93.396629, 24.57835], [93.390892, 24.568291]]]}, "properties": {"name": "Tamenglong", "state": "Manipur"}}, {"type": "Feature", "geometry": {"type": "Polygon", "coordinates": [[[93.871872, 24.53075], [93.871887, 24.543119], [93.877693, 24.55714], [93.892006, 24.55829], [93.897751, 24.559589], [93.903496, 24.56213], [93.9505, 24.54356], [93.961952, 24.539789], [93.967682, 24.539831], [93.971947, 24.537411], [93.982002, 24.52276], [93.993477, 24.517948], [94.002068, 24.516722], [94.038712, 24.50658], [94.052986, 24.475281], [94.040421, 24.4603], [94.024239, 24.449251], [94.014603, 24.446953], [94.007271, 24.446308], [94.005142, 24.45112], [94.005302, 24.465382], [94.001923, 24.4685], [93.987579, 24.47304], [93.986099, 24.487398], [93.981796, 24.49254], [93.97892, 24.492411], [93.974617, 24.49106], [93.97316, 24.489828], [93.973122, 24.476151], [93.974548, 24.46814], [93.978836, 24.458811], [93.980232, 24.452181], [93.9757, 24.434723], [93.968407, 24.423531], [93.969772, 24.4144], [93.968323, 24.411779], [93.965446, 24.410448], [93.959717, 24.412939], [93.95401, 24.412861], [93.949699, 24.409], [93.948219, 24.40518], [93.949646, 24.401388], [93.949623, 24.397591], [93.939613, 24.39883], [93.931, 24.39127], [93.928093, 24.379971], [93.920891, 24.373713], [93.917976, 24.361191], [93.915108, 24.35494], [93.913628, 24.342451], [93.917877, 24.333698], [93.926437, 24.32618], [93.934959, 24.313681], [93.94207, 24.299961], [93.94207, 24.29501], [93.93924, 24.29381], [93.936417, 24.288919], [93.929352, 24.284088], [93.923637, 24.285353], [93.922218, 24.282909], [93.925133, 24.27553], [93.923683, 24.266821], [93.919388, 24.264299], [93.913658, 24.26675], [93.913513, 24.254049], [93.90052, 24.25132], [93.894707, 24.24365], [93.88752, 24.241081], [93.886131, 24.24614], [93.884972, 24.270321], [93.889442, 24.2831], [93.888046, 24.288193], [93.88237, 24.290751], [93.872276, 24.30798], [93.872231, 24.31288], [93.86792, 24.31531], [93.859306, 24.315241], [93.85643, 24.31645], [93.859306, 24.32267], [93.857872, 24.331369], [93.863586, 24.32889], [93.863586, 24.33511], [93.866463, 24.33885], [93.856476, 24.346352], [93.860786, 24.352591], [93.865089, 24.356331], [93.862251, 24.360102], [93.85936, 24.357599], [93.853653, 24.355108], [93.853653, 24.360121], [93.856529, 24.362619], [93.856552, 24.366381], [93.852272, 24.367651], [93.850899, 24.380199], [93.853752, 24.38269], [93.853752, 24.38394], [93.850929, 24.387718], [93.850983, 24.400261], [93.849571, 24.40403], [93.845322, 24.40781], [93.843903, 24.41284], [93.845329, 24.415348], [93.851051, 24.416571], [93.842522, 24.42791], [93.84256, 24.43293], [93.848289, 24.437941], [93.852577, 24.43792], [93.855461, 24.444201], [93.858337, 24.44669], [93.858383, 24.454231], [93.861237, 24.456741], [93.861237, 24.459249], [93.858421, 24.461771], [93.862717, 24.46427], [93.866997, 24.465521], [93.875633, 24.474291], [93.87709, 24.479328], [93.881432, 24.486891], [93.8843, 24.489401], [93.885757, 24.4932], [93.884346, 24.497], [93.877243, 24.50334], [93.881561, 24.50588], [93.883026, 24.510969], [93.878746, 24.51226], [93.878853, 24.522511], [93.875992, 24.5238], [93.873131, 24.522511], [93.871712, 24.52507], [93.871872, 24.53075]]]}, "properties": {"name": "Thoubal", "state": "Manipur"}}, {"type": "Feature", "geometry": {"type": "Polygon", "coordinates": [[[94.58873, 25.229879], [94.580681, 25.230778], [94.57412, 25.23151], [94.558388, 25.22673], [94.549477, 25.22624], [94.53125, 25.227779], [94.524002, 25.226768], [94.5, 25.21801], [94.498962, 25.21763], [94.451706, 25.197731], [94.447472, 25.197599], [94.428261, 25.19273], [94.415352, 25.194281], [94.406769, 25.19965], [94.396317, 25.209101], [94.390343, 25.219151], [94.382301, 25.228783], [94.372162, 25.235811], [94.362297, 25.240999], [94.344803, 25.252069], [94.335503, 25.259571], [94.330429, 25.266121], [94.323967, 25.270849], [94.318336, 25.273062], [94.327721, 25.284109], [94.33075, 25.290413], [94.332352, 25.2987], [94.340607, 25.313202], [94.344276, 25.31662], [94.349327, 25.319811], [94.353363, 25.329163], [94.358971, 25.33758], [94.360283, 25.34133], [94.363632, 25.34544], [94.371437, 25.35383], [94.378738, 25.35899], [94.38195, 25.363091], [94.380676, 25.365789], [94.382683, 25.371149], [94.379768, 25.374538], [94.378738, 25.38253], [94.37928, 25.393711], [94.380219, 25.39735], [94.382942, 25.402411], [94.387596, 25.408821], [94.383667, 25.413988], [94.390167, 25.423], [94.387268, 25.426908], [94.389076, 25.428751], [94.392059, 25.42911], [94.394966, 25.428148], [94.398262, 25.435013], [94.405266, 25.44622], [94.406746, 25.454062], [94.412582, 25.46122], [94.423401, 25.47226], [94.420532, 25.477079], [94.424377, 25.48712], [94.428902, 25.495491], [94.434258, 25.51531], [94.436493, 25.51918], [94.439583, 25.52173], [94.439842, 25.524658], [94.442368, 25.52738], [94.444191, 25.532633], [94.450409, 25.542271], [94.465187, 25.560463], [94.467949, 25.576538], [94.471367, 25.5884], [94.477188, 25.594021], [94.487709, 25.602001], [94.494156, 25.61297], [94.493416, 25.61433], [94.499298, 25.616503], [94.499939, 25.618818], [94.5, 25.618856], [94.501831, 25.620022], [94.505371, 25.616993], [94.507797, 25.61895], [94.508667, 25.6269], [94.510902, 25.62991], [94.514511, 25.630491], [94.524193, 25.643433], [94.528183, 25.644291], [94.530663, 25.64259], [94.531548, 25.650129], [94.539543, 25.651081], [94.544739, 25.657541], [94.551781, 25.66246], [94.552223, 25.667412], [94.565079, 25.68082], [94.567993, 25.692221], [94.573013, 25.697651], [94.578613, 25.695999], [94.582977, 25.693201], [94.587051, 25.691891], [94.595619, 25.69128], [94.596947, 25.686911], [94.589966, 25.68125], [94.588127, 25.677271], [94.585327, 25.67485], [94.587372, 25.671801], [94.585587, 25.67001], [94.583443, 25.66522], [94.58522, 25.661779], [94.582047, 25.66061], [94.581352, 25.657393], [94.57679, 25.65283], [94.577232, 25.648331], [94.576088, 25.644701], [94.586937, 25.646591], [94.5952, 25.64385], [94.594551, 25.642651], [94.590508, 25.64027], [94.583771, 25.634491], [94.578506, 25.626251], [94.57692, 25.620373], [94.572823, 25.611313], [94.568626, 25.607792], [94.56691, 25.604101], [94.565147, 25.6026], [94.55957, 25.59411], [94.55574, 25.585812], [94.561539, 25.578331], [94.56041, 25.567989], [94.564659, 25.56794], [94.561378, 25.560511], [94.562897, 25.549511], [94.559868, 25.54571], [94.563477, 25.539673], [94.558273, 25.53488], [94.561256, 25.530691], [94.558998, 25.52434], [94.557419, 25.51277], [94.568176, 25.50659], [94.574593, 25.50523], [94.585007, 25.49687], [94.587196, 25.492451], [94.590843, 25.48975], [94.594887, 25.48815], [94.597366, 25.486259], [94.607483, 25.482441], [94.625343, 25.46909], [94.632973, 25.465658], [94.648232, 25.46162], [94.656456, 25.458601], [94.658737, 25.45705], [94.665977, 25.4554], [94.669762, 25.45536], [94.682426, 25.45973], [94.682297, 25.456591], [94.682053, 25.4505], [94.679657, 25.442402], [94.679123, 25.432932], [94.678116, 25.426531], [94.676247, 25.420589], [94.673828, 25.416201], [94.670952, 25.412531], [94.658798, 25.409515], [94.656273, 25.408892], [94.649193, 25.406351], [94.644417, 25.401609], [94.643845, 25.400293], [94.641769, 25.399021], [94.638237, 25.393511], [94.634956, 25.392351], [94.63118, 25.387291], [94.627419, 25.374668], [94.627609, 25.36207], [94.627708, 25.355398], [94.622116, 25.33676], [94.62162, 25.336058], [94.61898, 25.33193], [94.615196, 25.325201], [94.613159, 25.32196], [94.609573, 25.31352], [94.606888, 25.308317], [94.601921, 25.2987], [94.598679, 25.28907], [94.598877, 25.28113], [94.598091, 25.274639], [94.599258, 25.26687], [94.597168, 25.256962], [94.593536, 25.246168], [94.591927, 25.237431], [94.58873, 25.229879]]]}, "properties": {"name": "Ukhrul", "state": "Manipur"}}, {"type": "Feature", "geometry": {"type": "Polygon", "coordinates": [[[91.000786, 25.82225], [90.998466, 25.819761], [90.996941, 25.819271], [90.994171, 25.81739], [90.990356, 25.81156], [90.983681, 25.805231], [90.979759, 25.80249], [90.975906, 25.798088], [90.969986, 25.794081], [90.965698, 25.781471], [90.957199, 25.77824], [90.950699, 25.77244], [90.94381, 25.77037], [90.940613, 25.763821], [90.941277, 25.7565], [90.94342, 25.752991], [90.948181, 25.752663], [90.952232, 25.75502], [90.954041, 25.754681], [90.957466, 25.751471], [90.961586, 25.749949], [90.965843, 25.750669], [90.971321, 25.752991], [90.97538, 25.751398], [90.97905, 25.748779], [90.982407, 25.74449], [90.975731, 25.738083], [90.970016, 25.72621], [90.963013, 25.7213], [90.95993, 25.71611], [90.954666, 25.71081], [90.951561, 25.694839], [90.945557, 25.689011], [90.93869, 25.684361], [90.931183, 25.677023], [90.926872, 25.668793], [90.917648, 25.65715], [90.912193, 25.654291], [90.910927, 25.646601], [90.90818, 25.640831], [90.902138, 25.637621], [90.894157, 25.635811], [90.888512, 25.629332], [90.885048, 25.623739], [90.880043, 25.61948], [90.879753, 25.61091], [90.875183, 25.607759], [90.872108, 25.60368], [90.867241, 25.60116], [90.862343, 25.600519], [90.849121, 25.590652], [90.843323, 25.59099], [90.837753, 25.588131], [90.82988, 25.589991], [90.817413, 25.586008], [90.816597, 25.579121], [90.81237, 25.577028], [90.810188, 25.57847], [90.80835, 25.5839], [90.80159, 25.586281], [90.799736, 25.581673], [90.79422, 25.577631], [90.792831, 25.572561], [90.789597, 25.57225], [90.78405, 25.58275], [90.778877, 25.58548], [90.776482, 25.579182], [90.772881, 25.57398], [90.771866, 25.56815], [90.766426, 25.561899], [90.767212, 25.557581], [90.766411, 25.554173], [90.75869, 25.551781], [90.749893, 25.547621], [90.730156, 25.53299], [90.70166, 25.507], [90.678963, 25.481373], [90.658867, 25.452011], [90.655403, 25.43788], [90.644463, 25.41577], [90.639511, 25.4151], [90.63166, 25.41848], [90.604889, 25.424591], [90.579788, 25.42112], [90.571136, 25.427402], [90.551559, 25.43329], [90.518593, 25.433001], [90.501671, 25.438311], [90.486191, 25.44648], [90.475693, 25.453501], [90.460083, 25.45092], [90.44619, 25.450871], [90.435501, 25.453411], [90.404747, 25.45805], [90.364998, 25.45425], [90.355919, 25.457541], [90.34877, 25.459141], [90.334953, 25.46011], [90.330826, 25.4604], [90.319481, 25.465361], [90.322182, 25.473431], [90.331093, 25.4841], [90.343758, 25.49386], [90.402557, 25.55134], [90.406181, 25.60034], [90.411377, 25.61109], [90.416573, 25.6322], [90.431808, 25.67197], [90.432129, 25.6798], [90.44104, 25.69582], [90.437447, 25.70363], [90.406197, 25.750561], [90.398857, 25.76705], [90.393646, 25.793701], [90.390961, 25.798651], [90.399284, 25.800793], [90.404045, 25.806742], [90.414749, 25.812096], [90.426651, 25.822208], [90.434975, 25.827562], [90.443901, 25.830538], [90.45401, 25.830538], [90.464722, 25.831131], [90.478996, 25.831726], [90.490891, 25.830538], [90.499222, 25.829348], [90.508148, 25.828157], [90.514091, 25.823399], [90.510521, 25.820425], [90.508743, 25.815071], [90.499222, 25.803173], [90.495056, 25.79425], [90.493866, 25.784733], [90.495056, 25.778189], [90.502197, 25.77462], [90.515877, 25.77462], [90.530159, 25.77462], [90.539673, 25.77462], [90.553947, 25.77462], [90.56823, 25.778189], [90.58548, 25.783543], [90.602135, 25.790682], [90.609871, 25.79425], [90.61879, 25.801983], [90.632469, 25.807337], [90.647942, 25.815071], [90.65686, 25.821018], [90.664001, 25.828157], [90.67173, 25.832916], [90.681252, 25.836485], [90.685417, 25.837675], [90.692551, 25.834106], [90.693741, 25.829348], [90.699097, 25.825184], [90.706833, 25.823994], [90.722893, 25.825184], [90.734192, 25.831726], [90.741928, 25.834702], [90.752632, 25.840651], [90.759773, 25.848978], [90.759773, 25.859091], [90.755608, 25.864445], [90.755013, 25.871582], [90.752632, 25.879316], [90.757988, 25.886454], [90.763939, 25.890617], [90.769882, 25.892998], [90.776428, 25.894188], [90.782974, 25.90073], [90.778061, 25.908291], [90.778488, 25.914301], [90.781677, 25.921249], [90.791702, 25.93574], [90.797096, 25.941471], [90.808693, 25.947189], [90.809891, 25.95216], [90.82045, 25.948429], [90.823883, 25.945101], [90.828003, 25.94743], [90.83226, 25.94528], [90.836197, 25.94726], [90.836761, 25.93819], [90.839836, 25.938433], [90.841042, 25.943171], [90.843239, 25.944811], [90.856796, 25.94433], [90.869606, 25.9424], [90.872887, 25.942923], [90.872406, 25.94673], [90.875237, 25.94912], [90.880226, 25.946251], [90.881439, 25.95064], [90.88298, 25.95175], [90.888359, 25.943621], [90.892387, 25.93906], [90.896461, 25.937469], [90.897041, 25.935381], [90.895378, 25.931511], [90.901192, 25.92959], [90.912529, 25.9203], [90.916077, 25.915058], [90.919113, 25.913311], [90.916298, 25.928141], [90.915878, 25.943161], [90.918343, 25.943161], [90.932068, 25.939672], [90.934662, 25.941141], [90.937492, 25.944761], [90.942749, 25.947571], [90.945572, 25.939121], [90.95385, 25.936703], [90.957916, 25.933943], [90.96064, 25.927698], [90.966896, 25.905331], [90.967308, 25.896641], [90.966606, 25.891001], [90.967453, 25.88718], [90.971329, 25.887671], [90.975388, 25.88945], [90.984802, 25.889933], [90.996887, 25.88868], [91.001328, 25.88649], [91.013733, 25.884319], [91.020607, 25.88728], [91.025681, 25.88838], [91.02829, 25.888571], [91.029221, 25.888048], [91.029106, 25.87985], [91.02652, 25.866621], [91.021828, 25.861332], [91.015129, 25.85906], [91.013107, 25.857191], [91.012741, 25.848841], [91.008667, 25.83824], [91.001587, 25.8258], [91.000786, 25.82225]]]}, "properties": {"name": "East Garo Hills", "state": "Meghalaya"}}, {"type": "Feature", "geometry": {"type": "Polygon", "coordinates": [[[91.388832, 25.166401], [91.389221, 25.170521], [91.380836, 25.177019], [91.364021, 25.205471], [91.354759, 25.22934], [91.355339, 25.23435], [91.358673, 25.235479], [91.366051, 25.234921], [91.37204, 25.242981], [91.376457, 25.244011], [91.386436, 25.23979], [91.388367, 25.24614], [91.395531, 25.251621], [91.399437, 25.256668], [91.403618, 25.26391], [91.408676, 25.264061], [91.413193, 25.265263], [91.423798, 25.262197], [91.439293, 25.273281], [91.451141, 25.27236], [91.463188, 25.2689], [91.468498, 25.271551], [91.473366, 25.269798], [91.474739, 25.265841], [91.479942, 25.26376], [91.485573, 25.265301], [91.488579, 25.27161], [91.490021, 25.279282], [91.496948, 25.28372], [91.523422, 25.279072], [91.528656, 25.28055], [91.533699, 25.27685], [91.5448, 25.279888], [91.549026, 25.28735], [91.551643, 25.300913], [91.553589, 25.305132], [91.550148, 25.312691], [91.553429, 25.32085], [91.549507, 25.32679], [91.55085, 25.33065], [91.547203, 25.334381], [91.54055, 25.335701], [91.530472, 25.343271], [91.526077, 25.34479], [91.525406, 25.349331], [91.526176, 25.354401], [91.530701, 25.3568], [91.538719, 25.370291], [91.540146, 25.374283], [91.538567, 25.379721], [91.541763, 25.38966], [91.541763, 25.40143], [91.543358, 25.407009], [91.547653, 25.413719], [91.547447, 25.419821], [91.549759, 25.423651], [91.556938, 25.429359], [91.557426, 25.435692], [91.555107, 25.439121], [91.557632, 25.445551], [91.557137, 25.453299], [91.552147, 25.474789], [91.5504, 25.4776], [91.550026, 25.48958], [91.546806, 25.49439], [91.542633, 25.496351], [91.542068, 25.49906], [91.544441, 25.503462], [91.542572, 25.51162], [91.548103, 25.51103], [91.549629, 25.51502], [91.562889, 25.51663], [91.582596, 25.52117], [91.607658, 25.536991], [91.613953, 25.542513], [91.621643, 25.541241], [91.62368, 25.538679], [91.630119, 25.541891], [91.633873, 25.546181], [91.634819, 25.549471], [91.640579, 25.549398], [91.654739, 25.552509], [91.658592, 25.541601], [91.659599, 25.528591], [91.665573, 25.52697], [91.671181, 25.52265], [91.682022, 25.52387], [91.690109, 25.52659], [91.694702, 25.53083], [91.698929, 25.53207], [91.701256, 25.5341], [91.697113, 25.543341], [91.69973, 25.54682], [91.714203, 25.553951], [91.715866, 25.55949], [91.721573, 25.56126], [91.724373, 25.56496], [91.73053, 25.56403], [91.733292, 25.567329], [91.73423, 25.57585], [91.74057, 25.574409], [91.772186, 25.586163], [91.775078, 25.58946], [91.782051, 25.59037], [91.786049, 25.596043], [91.800903, 25.61031], [91.8013, 25.61462], [91.798798, 25.61974], [91.799202, 25.625031], [91.800003, 25.62849], [91.808441, 25.63615], [91.809189, 25.642893], [91.812347, 25.65402], [91.810898, 25.655415], [91.832115, 25.650564], [91.854286, 25.648006], [91.865372, 25.643744], [91.872192, 25.649712], [91.874748, 25.659945], [91.879013, 25.660799], [91.884979, 25.655682], [91.892654, 25.655682], [91.904594, 25.659945], [91.91909, 25.662504], [91.93103, 25.67359], [91.93956, 25.683821], [91.949791, 25.686378], [91.955757, 25.682968], [91.958313, 25.679558], [91.960876, 25.672735], [91.960876, 25.665064], [91.965988, 25.659945], [91.971962, 25.655682], [91.986458, 25.655682], [91.996689, 25.654831], [92.004364, 25.648006], [92.026535, 25.646301], [92.050407, 25.641188], [92.079399, 25.642893], [92.106689, 25.647154], [92.121185, 25.654831], [92.142502, 25.665915], [92.153, 25.668385], [92.151978, 25.665279], [92.156967, 25.6532], [92.157028, 25.648823], [92.155228, 25.646879], [92.151062, 25.650461], [92.148689, 25.64374], [92.142616, 25.640831], [92.139206, 25.64072], [92.136772, 25.64217], [92.134552, 25.642321], [92.137489, 25.63625], [92.137138, 25.630018], [92.140732, 25.62709], [92.133492, 25.61684], [92.122482, 25.60475], [92.122368, 25.6033], [92.12558, 25.60001], [92.126373, 25.59778], [92.123497, 25.59543], [92.122406, 25.59207], [92.122032, 25.583481], [92.120186, 25.580278], [92.115196, 25.575781], [92.108177, 25.562771], [92.107613, 25.554743], [92.108467, 25.55205], [92.112122, 25.549221], [92.114967, 25.543961], [92.112457, 25.53787], [92.106972, 25.52062], [92.101387, 25.514261], [92.100929, 25.511763], [92.102623, 25.503839], [92.100189, 25.50127], [92.097778, 25.49391], [92.098267, 25.49029], [92.09977, 25.48737], [92.107552, 25.482311], [92.111679, 25.471651], [92.111191, 25.467201], [92.103737, 25.458912], [92.098251, 25.4545], [92.098106, 25.45196], [92.100761, 25.446341], [92.104797, 25.442141], [92.104431, 25.433611], [92.109436, 25.426941], [92.114403, 25.411919], [92.113533, 25.40671], [92.11232, 25.404341], [92.103752, 25.398371], [92.103828, 25.39658], [92.111511, 25.38529], [92.113373, 25.38019], [92.112213, 25.372959], [92.11306, 25.36202], [92.1119, 25.358589], [92.110809, 25.356331], [92.110603, 25.35297], [92.111603, 25.35074], [92.114922, 25.347281], [92.114021, 25.343931], [92.114227, 25.33886], [92.117081, 25.33337], [92.121246, 25.33194], [92.121803, 25.330273], [92.116516, 25.319931], [92.116898, 25.315611], [92.114967, 25.308661], [92.110573, 25.30496], [92.101318, 25.307341], [92.095596, 25.31377], [92.09404, 25.313681], [92.086983, 25.309658], [92.082832, 25.312611], [92.069046, 25.31897], [92.062706, 25.318029], [92.057953, 25.315632], [92.055397, 25.31654], [92.053337, 25.320061], [92.049599, 25.32089], [92.040947, 25.31843], [92.038223, 25.315559], [92.033821, 25.314411], [92.032547, 25.311951], [92.023796, 25.311241], [92.022308, 25.310383], [92.015747, 25.302891], [92.013809, 25.303171], [92.010117, 25.30154], [92.009506, 25.29998], [92.00602, 25.297991], [92.004303, 25.293951], [92.000923, 25.289881], [91.998688, 25.2882], [91.991768, 25.28163], [91.987556, 25.276253], [91.983833, 25.257071], [91.986923, 25.2519], [91.986687, 25.24654], [91.990013, 25.240532], [91.997017, 25.232092], [91.998756, 25.224251], [92.004036, 25.21859], [92.009308, 25.209551], [92.012032, 25.207611], [92.018036, 25.205669], [92.023003, 25.202883], [92.023827, 25.19829], [92.02301, 25.19408], [92.02198, 25.191879], [92.018021, 25.18944], [92.017883, 25.18951], [92.013939, 25.190191], [92.013077, 25.18996], [92.00798, 25.188643], [92.003273, 25.186642], [91.999702, 25.18363], [91.995827, 25.17959], [91.99221, 25.176983], [91.988861, 25.175621], [91.988228, 25.175621], [91.979637, 25.175591], [91.976929, 25.176941], [91.975388, 25.180111], [91.973228, 25.182199], [91.966766, 25.18309], [91.961601, 25.18346], [91.954742, 25.183851], [91.950272, 25.183981], [91.948898, 25.184139], [91.94799, 25.18412], [91.942612, 25.183998], [91.938057, 25.186279], [91.933861, 25.185518], [91.930206, 25.185831], [91.926956, 25.18631], [91.922249, 25.187059], [91.91819, 25.18659], [91.914589, 25.18535], [91.911621, 25.184153], [91.907959, 25.184233], [91.903069, 25.183613], [91.900528, 25.18222], [91.897331, 25.181431], [91.893356, 25.18169], [91.888901, 25.180889], [91.886223, 25.179159], [91.883102, 25.179743], [91.881371, 25.18049], [91.877419, 25.179729], [91.873306, 25.178619], [91.86747, 25.17787], [91.863098, 25.177641], [91.857788, 25.17761], [91.85347, 25.178341], [91.848701, 25.18026], [91.837448, 25.182411], [91.834732, 25.1824], [91.830368, 25.18107], [91.825798, 25.178091], [91.823181, 25.176411], [91.819023, 25.17548], [91.814423, 25.17548], [91.81263, 25.173771], [91.809166, 25.17281], [91.805267, 25.173019], [91.799271, 25.171871], [91.792747, 25.17137], [91.787483, 25.169621], [91.785736, 25.16906], [91.784576, 25.16869], [91.781906, 25.16828], [91.780861, 25.168402], [91.778778, 25.168631], [91.775406, 25.169498], [91.771927, 25.17061], [91.769302, 25.171171], [91.76667, 25.171551], [91.763786, 25.173271], [91.761673, 25.174959], [91.759712, 25.1775], [91.757416, 25.17971], [91.755547, 25.18012], [91.752876, 25.179821], [91.751266, 25.177931], [91.751762, 25.17499], [91.750946, 25.172831], [91.750221, 25.17182], [91.749252, 25.170483], [91.746811, 25.166788], [91.746193, 25.16588], [91.744751, 25.163773], [91.744888, 25.16032], [91.745483, 25.156851], [91.745338, 25.152891], [91.744003, 25.15122], [91.741203, 25.15081], [91.738098, 25.1507], [91.733299, 25.152081], [91.732552, 25.15217], [91.727783, 25.152691], [91.72403, 25.15358], [91.721909, 25.15538], [91.720367, 25.157282], [91.720177, 25.157511], [91.717453, 25.158253], [91.713257, 25.15909], [91.711113, 25.158951], [91.708443, 25.158701], [91.707306, 25.1588], [91.707092, 25.15745], [91.70668, 25.155031], [91.707947, 25.152691], [91.707809, 25.15114], [91.704193, 25.1495], [91.702621, 25.14715], [91.701271, 25.14698], [91.700203, 25.146839], [91.699303, 25.145029], [91.699219, 25.14439], [91.698807, 25.141491], [91.695847, 25.13908], [91.690536, 25.137951], [91.68576, 25.13693], [91.681763, 25.13759], [91.679008, 25.13822], [91.675217, 25.136921], [91.672623, 25.135288], [91.670807, 25.13341], [91.670036, 25.131599], [91.668449, 25.13028], [91.665306, 25.130451], [91.664726, 25.130861], [91.663536, 25.13172], [91.660507, 25.131781], [91.659142, 25.131201], [91.655029, 25.129459], [91.65126, 25.1273], [91.649986, 25.125801], [91.648239, 25.123678], [91.644531, 25.122721], [91.641228, 25.123772], [91.636971, 25.126263], [91.63343, 25.126631], [91.630547, 25.127151], [91.628273, 25.128321], [91.629036, 25.13361], [91.629219, 25.137239], [91.627647, 25.14006], [91.626732, 25.143131], [91.62587, 25.14501], [91.623207, 25.14596], [91.621986, 25.145981], [91.620178, 25.146009], [91.618622, 25.143831], [91.617401, 25.14336], [91.615768, 25.144913], [91.614372, 25.146049], [91.613609, 25.14595], [91.612663, 25.14583], [91.611603, 25.145081], [91.610039, 25.14397], [91.607147, 25.143051], [91.606827, 25.14362], [91.605583, 25.145802], [91.604263, 25.15102], [91.60424, 25.151331], [91.604141, 25.15366], [91.604752, 25.15468], [91.605446, 25.155849], [91.606781, 25.15723], [91.604523, 25.15881], [91.60331, 25.15995], [91.60762, 25.16674], [91.609711, 25.1681], [91.613197, 25.169691], [91.617348, 25.16971], [91.618896, 25.170061], [91.61972, 25.172661], [91.617416, 25.175911], [91.608246, 25.174351], [91.60508, 25.174181], [91.598076, 25.174259], [91.593117, 25.173639], [91.584641, 25.171881], [91.582008, 25.172331], [91.58033, 25.17285], [91.578171, 25.1682], [91.576378, 25.164322], [91.579163, 25.160601], [91.575073, 25.160749], [91.573143, 25.16013], [91.569191, 25.15943], [91.566948, 25.158751], [91.561157, 25.151211], [91.558853, 25.14929], [91.54628, 25.146471], [91.537773, 25.144373], [91.533539, 25.14418], [91.529549, 25.14398], [91.521881, 25.144642], [91.513649, 25.14535], [91.512581, 25.145161], [91.510269, 25.14473], [91.508308, 25.14325], [91.506729, 25.14068], [91.505959, 25.139431], [91.504639, 25.137297], [91.504257, 25.136681], [91.502632, 25.135481], [91.499466, 25.13542], [91.496933, 25.135891], [91.492577, 25.1367], [91.489723, 25.136051], [91.485123, 25.13633], [91.482368, 25.135571], [91.482407, 25.13526], [91.482552, 25.134069], [91.481522, 25.13402], [91.478439, 25.133871], [91.474068, 25.13386], [91.471199, 25.134251], [91.470169, 25.134844], [91.471863, 25.137199], [91.472366, 25.137651], [91.472099, 25.1399], [91.471497, 25.14319], [91.472542, 25.147812], [91.471199, 25.150148], [91.468796, 25.150009], [91.467911, 25.149801], [91.462158, 25.14852], [91.45652, 25.148031], [91.450653, 25.14818], [91.445961, 25.149101], [91.442329, 25.151011], [91.44133, 25.152149], [91.439507, 25.154211], [91.438042, 25.15469], [91.436966, 25.155041], [91.433868, 25.15498], [91.431732, 25.15517], [91.430069, 25.156031], [91.427353, 25.159983], [91.426643, 25.16194], [91.425232, 25.165791], [91.421967, 25.168781], [91.419952, 25.170021], [91.419807, 25.170111], [91.419006, 25.167681], [91.416489, 25.165121], [91.412376, 25.16498], [91.408348, 25.165348], [91.405197, 25.164431], [91.403236, 25.16416], [91.399841, 25.16428], [91.397873, 25.16538], [91.39505, 25.167089], [91.392532, 25.167292], [91.388832, 25.166401]]]}, "properties": {"name": "East Khasi Hills", "state": "Meghalaya"}}, {"type": "Feature", "geometry": {"type": "Polygon", "coordinates": [[[92.542946, 25.0996], [92.538048, 25.099312], [92.532013, 25.10396], [92.526512, 25.10585], [92.509781, 25.105471], [92.499107, 25.108149], [92.484299, 25.108061], [92.480316, 25.100409], [92.479759, 25.095741], [92.480179, 25.08584], [92.476547, 25.078253], [92.474617, 25.070801], [92.470917, 25.066891], [92.467506, 25.061371], [92.465988, 25.057158], [92.463669, 25.055571], [92.462036, 25.05583], [92.459839, 25.054661], [92.460152, 25.049591], [92.46286, 25.05015], [92.464661, 25.04723], [92.463257, 25.037128], [92.459763, 25.035181], [92.456802, 25.03503], [92.454208, 25.03661], [92.451019, 25.040951], [92.446533, 25.042042], [92.44178, 25.03985], [92.437881, 25.033752], [92.431923, 25.032907], [92.425903, 25.03182], [92.423927, 25.032841], [92.422981, 25.032782], [92.4188, 25.03248], [92.416367, 25.0331], [92.412071, 25.034891], [92.411011, 25.03533], [92.407127, 25.034981], [92.404617, 25.03618], [92.402863, 25.03861], [92.401131, 25.041492], [92.39727, 25.0424], [92.393379, 25.04285], [92.392662, 25.04283], [92.389343, 25.042742], [92.387367, 25.04248], [92.384338, 25.043583], [92.381729, 25.04427], [92.377678, 25.04409], [92.375359, 25.044361], [92.373253, 25.04612], [92.373146, 25.046471], [92.372078, 25.05006], [92.369621, 25.05121], [92.365303, 25.050753], [92.362877, 25.051491], [92.360298, 25.05154], [92.357201, 25.051321], [92.353912, 25.051291], [92.348633, 25.051571], [92.347168, 25.052191], [92.34639, 25.053831], [92.345833, 25.05571], [92.348717, 25.058969], [92.351486, 25.06229], [92.354271, 25.063393], [92.356003, 25.0651], [92.35659, 25.06777], [92.356407, 25.07128], [92.355957, 25.07336], [92.352402, 25.0753], [92.347832, 25.078253], [92.342461, 25.08], [92.338531, 25.081282], [92.334343, 25.081911], [92.33004, 25.081751], [92.326866, 25.080441], [92.324547, 25.077209], [92.322502, 25.074421], [92.318977, 25.07469], [92.316048, 25.074181], [92.314941, 25.07233], [92.310066, 25.07316], [92.291443, 25.078932], [92.286552, 25.079363], [92.281639, 25.08077], [92.278023, 25.082649], [92.275719, 25.084459], [92.271111, 25.08551], [92.261452, 25.087671], [92.258926, 25.088631], [92.257126, 25.089651], [92.253403, 25.093033], [92.244377, 25.096493], [92.237427, 25.098841], [92.235626, 25.099382], [92.234016, 25.09753], [92.233543, 25.097], [92.232292, 25.098143], [92.229401, 25.100731], [92.228317, 25.106571], [92.224808, 25.10804], [92.220596, 25.109581], [92.215408, 25.111691], [92.213493, 25.113491], [92.213303, 25.11396], [92.212318, 25.116461], [92.214417, 25.11908], [92.215698, 25.12047], [92.219719, 25.12019], [92.2257, 25.118681], [92.22625, 25.11861], [92.228897, 25.11832], [92.232323, 25.11961], [92.227028, 25.122183], [92.221527, 25.123331], [92.216782, 25.12536], [92.212029, 25.12624], [92.207741, 25.12738], [92.203308, 25.128321], [92.20089, 25.127411], [92.200729, 25.12734], [92.198936, 25.125801], [92.19516, 25.12475], [92.1931, 25.122883], [92.191986, 25.120918], [92.187546, 25.12196], [92.186577, 25.12278], [92.185371, 25.123772], [92.184486, 25.125992], [92.184052, 25.128361], [92.180687, 25.12919], [92.177467, 25.12932], [92.173721, 25.1301], [92.16806, 25.13154], [92.166092, 25.133631], [92.168221, 25.13567], [92.167702, 25.13666], [92.162567, 25.13739], [92.157646, 25.137531], [92.154037, 25.138479], [92.149979, 25.140423], [92.14769, 25.142521], [92.14563, 25.144041], [92.143326, 25.14472], [92.139496, 25.1455], [92.138786, 25.14834], [92.139648, 25.15284], [92.140518, 25.1551], [92.140831, 25.15716], [92.14476, 25.157171], [92.145287, 25.158991], [92.142159, 25.160721], [92.139717, 25.16243], [92.135986, 25.164471], [92.132011, 25.166868], [92.127876, 25.16876], [92.124908, 25.16997], [92.122269, 25.1714], [92.118843, 25.173088], [92.116539, 25.17399], [92.113548, 25.17486], [92.110733, 25.177662], [92.108612, 25.179298], [92.105057, 25.180191], [92.101906, 25.180538], [92.098366, 25.18149], [92.093842, 25.183109], [92.09243, 25.183788], [92.089966, 25.185101], [92.087303, 25.185951], [92.08506, 25.18644], [92.083946, 25.18586], [92.08223, 25.18569], [92.079613, 25.18729], [92.074722, 25.18915], [92.07177, 25.189623], [92.067177, 25.18997], [92.065552, 25.190031], [92.05645, 25.18782], [92.050552, 25.187361], [92.045456, 25.18676], [92.04055, 25.185801], [92.036263, 25.184772], [92.033447, 25.183041], [92.030563, 25.18207], [92.023918, 25.18619], [92.022858, 25.18685], [92.018021, 25.18944], [92.02198, 25.191879], [92.02301, 25.19408], [92.023827, 25.19829], [92.023003, 25.202883], [92.018036, 25.205669], [92.012032, 25.207611], [92.009308, 25.209551], [92.004036, 25.21859], [91.998756, 25.224251], [91.997017, 25.232092], [91.990013, 25.240532], [91.986687, 25.24654], [91.986923, 25.2519], [91.983833, 25.257071], [91.987556, 25.276253], [91.991768, 25.28163], [91.998688, 25.2882], [92.000923, 25.289881], [92.004303, 25.293951], [92.00602, 25.297991], [92.009506, 25.29998], [92.010117, 25.30154], [92.013809, 25.303171], [92.015747, 25.302891], [92.022308, 25.310383], [92.023796, 25.311241], [92.032547, 25.311951], [92.033821, 25.314411], [92.038223, 25.315559], [92.040947, 25.31843], [92.049599, 25.32089], [92.053337, 25.320061], [92.055397, 25.31654], [92.057953, 25.315632], [92.062706, 25.318029], [92.069046, 25.31897], [92.082832, 25.312611], [92.086983, 25.309658], [92.09404, 25.313681], [92.095596, 25.31377], [92.101318, 25.307341], [92.110573, 25.30496], [92.114967, 25.308661], [92.116898, 25.315611], [92.116516, 25.319931], [92.121803, 25.330273], [92.121246, 25.33194], [92.117081, 25.33337], [92.114227, 25.33886], [92.114021, 25.343931], [92.114922, 25.347281], [92.111603, 25.35074], [92.110603, 25.35297], [92.110809, 25.356331], [92.1119, 25.358589], [92.11306, 25.36202], [92.112213, 25.372959], [92.113373, 25.38019], [92.111511, 25.38529], [92.103828, 25.39658], [92.103752, 25.398371], [92.11232, 25.404341], [92.113533, 25.40671], [92.114403, 25.411919], [92.109436, 25.426941], [92.104431, 25.433611], [92.104797, 25.442141], [92.100761, 25.446341], [92.098106, 25.45196], [92.098251, 25.4545], [92.103737, 25.458912], [92.111191, 25.467201], [92.111679, 25.471651], [92.107552, 25.482311], [92.09977, 25.48737], [92.098267, 25.49029], [92.097778, 25.49391], [92.100189, 25.50127], [92.102623, 25.503839], [92.100929, 25.511763], [92.101387, 25.514261], [92.106972, 25.52062], [92.112457, 25.53787], [92.114967, 25.543961], [92.112122, 25.549221], [92.108467, 25.55205], [92.107613, 25.554743], [92.108177, 25.562771], [92.115196, 25.575781], [92.120186, 25.580278], [92.122032, 25.583481], [92.122406, 25.59207], [92.123497, 25.59543], [92.126373, 25.59778], [92.12558, 25.60001], [92.122368, 25.6033], [92.122482, 25.60475], [92.133492, 25.61684], [92.140732, 25.62709], [92.137138, 25.630018], [92.137489, 25.63625], [92.134552, 25.642321], [92.136772, 25.64217], [92.139206, 25.64072], [92.142616, 25.640831], [92.148689, 25.64374], [92.151062, 25.650461], [92.155228, 25.646879], [92.157028, 25.648823], [92.156967, 25.6532], [92.151978, 25.665279], [92.153, 25.668385], [92.153862, 25.671013], [92.159233, 25.67137], [92.160507, 25.67329], [92.160698, 25.67186], [92.164459, 25.669319], [92.169762, 25.666401], [92.170952, 25.66688], [92.174957, 25.670218], [92.184776, 25.681141], [92.18792, 25.683432], [92.191986, 25.686321], [92.194077, 25.686119], [92.19693, 25.686951], [92.198311, 25.686359], [92.200089, 25.687288], [92.201561, 25.68972], [92.21064, 25.695921], [92.224907, 25.71397], [92.228996, 25.716209], [92.232628, 25.715111], [92.233849, 25.71007], [92.234756, 25.70882], [92.236847, 25.708391], [92.248047, 25.71096], [92.253578, 25.710121], [92.255707, 25.71073], [92.260849, 25.71034], [92.270523, 25.710932], [92.284607, 25.71586], [92.287979, 25.7159], [92.293587, 25.7173], [92.306107, 25.723131], [92.308258, 25.726151], [92.311501, 25.72608], [92.313927, 25.724682], [92.31768, 25.723791], [92.333542, 25.725231], [92.339012, 25.726851], [92.348053, 25.731932], [92.351799, 25.734871], [92.362999, 25.736511], [92.368309, 25.74044], [92.367538, 25.74238], [92.371468, 25.746469], [92.385101, 25.753563], [92.386948, 25.752491], [92.384338, 25.75033], [92.383537, 25.747431], [92.384956, 25.744751], [92.386963, 25.743111], [92.392128, 25.742599], [92.394768, 25.74148], [92.404793, 25.74369], [92.410736, 25.74313], [92.416397, 25.740499], [92.412468, 25.737391], [92.413261, 25.733961], [92.412773, 25.732981], [92.416977, 25.729681], [92.421349, 25.72945], [92.432007, 25.73196], [92.433167, 25.731453], [92.442017, 25.72086], [92.436447, 25.715601], [92.429626, 25.713268], [92.427223, 25.710411], [92.431526, 25.70425], [92.433342, 25.69523], [92.432137, 25.69101], [92.434341, 25.687531], [92.440468, 25.688129], [92.44001, 25.68922], [92.443039, 25.687653], [92.451286, 25.686611], [92.455246, 25.684231], [92.459877, 25.68297], [92.465446, 25.682461], [92.47155, 25.67495], [92.474663, 25.673311], [92.481346, 25.663893], [92.488289, 25.64999], [92.493263, 25.636131], [92.497902, 25.626961], [92.501709, 25.622931], [92.510551, 25.617201], [92.517273, 25.620083], [92.533249, 25.61595], [92.540436, 25.617771], [92.544533, 25.61425], [92.553238, 25.61384], [92.557617, 25.611988], [92.558617, 25.608952], [92.556183, 25.605871], [92.557243, 25.59621], [92.55632, 25.5928], [92.560928, 25.582731], [92.560959, 25.574251], [92.564682, 25.568258], [92.569542, 25.564461], [92.572502, 25.560421], [92.576103, 25.55965], [92.581413, 25.559772], [92.587479, 25.552988], [92.593468, 25.55393], [92.602592, 25.557381], [92.603493, 25.561083], [92.608711, 25.565731], [92.612488, 25.5655], [92.621101, 25.56831], [92.626106, 25.568029], [92.628868, 25.56949], [92.630569, 25.570669], [92.633232, 25.574791], [92.634148, 25.57888], [92.640633, 25.58737], [92.648338, 25.59235], [92.651192, 25.59273], [92.653458, 25.59218], [92.657608, 25.589062], [92.660477, 25.58506], [92.660721, 25.581841], [92.660652, 25.570318], [92.657356, 25.563381], [92.649879, 25.560011], [92.644966, 25.5466], [92.644699, 25.537441], [92.637627, 25.528528], [92.627609, 25.522211], [92.621628, 25.515751], [92.609596, 25.512609], [92.605591, 25.50812], [92.593582, 25.50308], [92.5895, 25.499519], [92.581047, 25.495159], [92.575592, 25.490431], [92.567833, 25.48077], [92.566551, 25.475121], [92.567413, 25.46747], [92.56913, 25.46479], [92.57148, 25.464071], [92.582291, 25.472891], [92.585442, 25.467581], [92.593697, 25.47101], [92.59816, 25.471651], [92.601387, 25.46414], [92.59977, 25.45705], [92.600189, 25.453873], [92.601143, 25.452391], [92.604507, 25.450191], [92.605553, 25.44836], [92.605293, 25.441912], [92.607758, 25.430351], [92.606972, 25.427181], [92.60701, 25.418539], [92.609093, 25.416571], [92.611839, 25.416121], [92.614777, 25.417431], [92.617889, 25.422022], [92.620636, 25.423719], [92.628647, 25.42503], [92.629311, 25.426991], [92.628517, 25.430611], [92.629303, 25.434641], [92.63266, 25.433142], [92.637917, 25.42882], [92.637917, 25.422661], [92.639229, 25.42037], [92.63961, 25.41963], [92.641632, 25.419533], [92.650543, 25.431669], [92.654282, 25.435341], [92.653656, 25.423941], [92.656883, 25.415701], [92.660103, 25.41036], [92.663689, 25.40937], [92.667038, 25.41408], [92.670937, 25.416719], [92.673767, 25.417141], [92.680046, 25.408581], [92.688171, 25.404421], [92.69352, 25.39999], [92.700378, 25.387791], [92.702927, 25.38662], [92.709732, 25.38612], [92.712898, 25.384541], [92.716362, 25.379341], [92.718102, 25.374983], [92.720566, 25.374903], [92.721367, 25.37549], [92.725433, 25.38043], [92.73481, 25.3825], [92.737053, 25.38125], [92.736107, 25.37381], [92.740593, 25.366781], [92.740097, 25.364641], [92.740608, 25.363729], [92.745667, 25.361139], [92.748238, 25.35811], [92.750099, 25.35438], [92.75116, 25.348471], [92.758759, 25.339861], [92.760567, 25.335279], [92.763268, 25.33559], [92.76947, 25.339508], [92.772453, 25.339611], [92.782463, 25.33429], [92.78437, 25.332539], [92.788017, 25.31761], [92.784737, 25.311529], [92.783836, 25.308001], [92.786911, 25.300671], [92.788826, 25.29154], [92.792221, 25.286798], [92.792221, 25.285181], [92.789139, 25.278522], [92.78212, 25.275921], [92.779472, 25.273762], [92.76976, 25.26893], [92.776176, 25.262939], [92.776703, 25.260538], [92.764648, 25.24935], [92.770287, 25.2402], [92.77224, 25.233259], [92.786308, 25.231401], [92.79435, 25.226009], [92.803093, 25.22151], [92.80442, 25.21933], [92.803566, 25.217239], [92.798431, 25.213449], [92.792892, 25.212353], [92.78775, 25.20953], [92.779572, 25.20311], [92.767647, 25.20476], [92.763451, 25.20385], [92.758896, 25.204029], [92.754539, 25.205372], [92.751686, 25.20735], [92.747139, 25.207769], [92.742027, 25.203091], [92.733337, 25.20322], [92.724167, 25.1992], [92.716217, 25.194159], [92.704613, 25.190521], [92.693939, 25.181351], [92.687622, 25.18232], [92.682846, 25.182041], [92.679428, 25.18309], [92.67704, 25.18219], [92.672241, 25.17816], [92.666908, 25.177061], [92.664337, 25.17536], [92.662979, 25.172991], [92.660812, 25.162252], [92.659538, 25.159121], [92.655716, 25.154131], [92.651207, 25.152401], [92.64827, 25.152653], [92.644051, 25.151171], [92.638008, 25.14522], [92.632423, 25.13756], [92.630798, 25.13184], [92.629967, 25.125031], [92.624702, 25.11869], [92.621643, 25.117701], [92.610031, 25.1241], [92.603149, 25.12499], [92.598427, 25.12471], [92.594437, 25.12829], [92.581688, 25.13187], [92.579033, 25.13201], [92.568039, 25.130091], [92.565498, 25.131281], [92.557846, 25.129971], [92.553169, 25.130711], [92.543129, 25.135019], [92.53994, 25.13728], [92.535629, 25.134413], [92.53019, 25.136822], [92.527466, 25.13994], [92.524666, 25.14003], [92.525223, 25.12558], [92.530243, 25.121861], [92.531326, 25.119902], [92.533058, 25.112148], [92.540817, 25.10413], [92.542946, 25.0996]]]}, "properties": {"name": "Jaintia Hills", "state": "Meghalaya"}}, {"type": "Feature", "geometry": {"type": "Polygon", "coordinates": [[[90.40802, 25.951054], [90.408211, 25.956053], [90.407021, 25.964382], [90.408089, 25.974257], [90.402382, 25.979967], [90.398094, 25.991388], [90.3965, 26.014151], [90.397293, 26.01223], [90.400192, 26.009281], [90.407562, 26.007561], [90.411041, 26.005871], [90.41394, 26.00132], [90.416496, 25.996851], [90.417427, 25.99234], [90.428627, 25.98904], [90.447113, 25.996531], [90.45752, 25.999573], [90.457916, 26.001341], [90.459099, 26.003231], [90.465302, 26.007221], [90.470901, 26.0126], [90.477287, 26.015261], [90.481216, 26.014023], [90.489586, 26.00964], [90.492363, 26.00651], [90.497932, 26.003651], [90.500137, 26.001362], [90.505737, 25.996021], [90.513557, 25.98237], [90.524063, 25.9699], [90.529839, 25.961861], [90.534462, 25.958021], [90.534798, 25.945641], [90.533783, 25.936293], [90.532211, 25.932552], [90.526161, 25.92828], [90.518517, 25.909401], [90.511101, 25.900141], [90.512543, 25.89624], [90.518013, 25.896481], [90.525482, 25.901011], [90.533607, 25.9088], [90.539177, 25.915461], [90.546822, 25.91988], [90.55336, 25.929121], [90.56324, 25.93557], [90.571373, 25.93903], [90.572739, 25.944], [90.572777, 25.948151], [90.578796, 25.958031], [90.582458, 25.959791], [90.587273, 25.953913], [90.59185, 25.95212], [90.601936, 25.95178], [90.605392, 25.946951], [90.629013, 25.937429], [90.607567, 25.91958], [90.606506, 25.912281], [90.608093, 25.908018], [90.610748, 25.90745], [90.614197, 25.899509], [90.624809, 25.898899], [90.626717, 25.90136], [90.628937, 25.906549], [90.626862, 25.91127], [90.627327, 25.91699], [90.637833, 25.92333], [90.653992, 25.929663], [90.670189, 25.934259], [90.675652, 25.93648], [90.686043, 25.950809], [90.713097, 25.952183], [90.717743, 25.954708], [90.72068, 25.949171], [90.725403, 25.948771], [90.732269, 25.95256], [90.740288, 25.95491], [90.743553, 25.956673], [90.747437, 25.957321], [90.746048, 25.952641], [90.74379, 25.94943], [90.744698, 25.946501], [90.740303, 25.940891], [90.744133, 25.932791], [90.747467, 25.93232], [90.75071, 25.93408], [90.75264, 25.93396], [90.746193, 25.92193], [90.74054, 25.915211], [90.74234, 25.912951], [90.745438, 25.912291], [90.750061, 25.919241], [90.758949, 25.92164], [90.757629, 25.916571], [90.757721, 25.911072], [90.769051, 25.90851], [90.778061, 25.908291], [90.782974, 25.90073], [90.776428, 25.894188], [90.769882, 25.892998], [90.763939, 25.890617], [90.757988, 25.886454], [90.752632, 25.879316], [90.755013, 25.871582], [90.755608, 25.864445], [90.759773, 25.859091], [90.759773, 25.848978], [90.752632, 25.840651], [90.741928, 25.834702], [90.734192, 25.831726], [90.722893, 25.825184], [90.706833, 25.823994], [90.699097, 25.825184], [90.693741, 25.829348], [90.692551, 25.834106], [90.685417, 25.837675], [90.681252, 25.836485], [90.67173, 25.832916], [90.664001, 25.828157], [90.65686, 25.821018], [90.647942, 25.815071], [90.632469, 25.807337], [90.61879, 25.801983], [90.609871, 25.79425], [90.602135, 25.790682], [90.58548, 25.783543], [90.56823, 25.778189], [90.553947, 25.77462], [90.539673, 25.77462], [90.530159, 25.77462], [90.515877, 25.77462], [90.502197, 25.77462], [90.495056, 25.778189], [90.493866, 25.784733], [90.495056, 25.79425], [90.499222, 25.803173], [90.508743, 25.815071], [90.510521, 25.820425], [90.514091, 25.823399], [90.508148, 25.828157], [90.499222, 25.829348], [90.490891, 25.830538], [90.478996, 25.831726], [90.464722, 25.831131], [90.45401, 25.830538], [90.443901, 25.830538], [90.434975, 25.827562], [90.426651, 25.822208], [90.414749, 25.812096], [90.404045, 25.806742], [90.399284, 25.800793], [90.390961, 25.798651], [90.374603, 25.80267], [90.339928, 25.802151], [90.338097, 25.804529], [90.341553, 25.827963], [90.348618, 25.831791], [90.367027, 25.830891], [90.379173, 25.834221], [90.383133, 25.8407], [90.381592, 25.867559], [90.413696, 25.922388], [90.421822, 25.952909], [90.40802, 25.951054]]]}, "properties": {"name": "North Garo Hills", "state": "Meghalaya"}}, {"type": "Feature", "geometry": {"type": "Polygon", "coordinates": [[[92.153, 25.668385], [92.142502, 25.665915], [92.121185, 25.654831], [92.106689, 25.647154], [92.079399, 25.642893], [92.050407, 25.641188], [92.026535, 25.646301], [92.004364, 25.648006], [91.996689, 25.654831], [91.986458, 25.655682], [91.971962, 25.655682], [91.965988, 25.659945], [91.960876, 25.665064], [91.960876, 25.672735], [91.958313, 25.679558], [91.955757, 25.682968], [91.949791, 25.686378], [91.93956, 25.683821], [91.93103, 25.67359], [91.91909, 25.662504], [91.904594, 25.659945], [91.892654, 25.655682], [91.884979, 25.655682], [91.879013, 25.660799], [91.874748, 25.659945], [91.872192, 25.649712], [91.865372, 25.643744], [91.854286, 25.648006], [91.832115, 25.650564], [91.810898, 25.655415], [91.809792, 25.656481], [91.809227, 25.65947], [91.813606, 25.662901], [91.814461, 25.66556], [91.828186, 25.670061], [91.829628, 25.674631], [91.827248, 25.678421], [91.829056, 25.68948], [91.820953, 25.703239], [91.816383, 25.704008], [91.814262, 25.706251], [91.816162, 25.72164], [91.813217, 25.725639], [91.812363, 25.73007], [91.809196, 25.734081], [91.804466, 25.733749], [91.79837, 25.732161], [91.791946, 25.73385], [91.785721, 25.73259], [91.783989, 25.734423], [91.784958, 25.739658], [91.780853, 25.738661], [91.774422, 25.74057], [91.773247, 25.74522], [91.769188, 25.744032], [91.766212, 25.750471], [91.777603, 25.76333], [91.780006, 25.764038], [91.780159, 25.767092], [91.789253, 25.78299], [91.788658, 25.7915], [91.779991, 25.795471], [91.771049, 25.80946], [91.761566, 25.816643], [91.750351, 25.8279], [91.738693, 25.829601], [91.724632, 25.82765], [91.708046, 25.820559], [91.704987, 25.8134], [91.698647, 25.805351], [91.687561, 25.809761], [91.67247, 25.811722], [91.659996, 25.815001], [91.657089, 25.812231], [91.649551, 25.809181], [91.645279, 25.80471], [91.643013, 25.803419], [91.640823, 25.807081], [91.632271, 25.81053], [91.622612, 25.811029], [91.613083, 25.810091], [91.600578, 25.81045], [91.597237, 25.80588], [91.594849, 25.80603], [91.592079, 25.809523], [91.587517, 25.812481], [91.57991, 25.811029], [91.557533, 25.808771], [91.549599, 25.806511], [91.53791, 25.79933], [91.534546, 25.79936], [91.531853, 25.80216], [91.504128, 25.79829], [91.496986, 25.799261], [91.490669, 25.797083], [91.480446, 25.7971], [91.47522, 25.792049], [91.467636, 25.789381], [91.458931, 25.7889], [91.457863, 25.79546], [91.453423, 25.79357], [91.446136, 25.79287], [91.442009, 25.795601], [91.438118, 25.792803], [91.431282, 25.792393], [91.42305, 25.793581], [91.419403, 25.797171], [91.420303, 25.8015], [91.418571, 25.80349], [91.413536, 25.803101], [91.395172, 25.805523], [91.38913, 25.805111], [91.380592, 25.801292], [91.37188, 25.802879], [91.364388, 25.807011], [91.359818, 25.806902], [91.351959, 25.815639], [91.342117, 25.824982], [91.342491, 25.8361], [91.344398, 25.839439], [91.348557, 25.840351], [91.35331, 25.83774], [91.356888, 25.841461], [91.363701, 25.84049], [91.370499, 25.844301], [91.376869, 25.844879], [91.382118, 25.846939], [91.388519, 25.8473], [91.401192, 25.851101], [91.40509, 25.84988], [91.412727, 25.853918], [91.4189, 25.854721], [91.424301, 25.853559], [91.430847, 25.847761], [91.441223, 25.841631], [91.444397, 25.841021], [91.447403, 25.845661], [91.454956, 25.851313], [91.468727, 25.85903], [91.47496, 25.857191], [91.478401, 25.857681], [91.48304, 25.8629], [91.496033, 25.862341], [91.507881, 25.864799], [91.512756, 25.866558], [91.519119, 25.873121], [91.521767, 25.87435], [91.525406, 25.87289], [91.528877, 25.880871], [91.532623, 25.884069], [91.532059, 25.888151], [91.529739, 25.889681], [91.52578, 25.890108], [91.522217, 25.885933], [91.519768, 25.878021], [91.51725, 25.874672], [91.51355, 25.870951], [91.507782, 25.867441], [91.498306, 25.867203], [91.49369, 25.865528], [91.477386, 25.868723], [91.474762, 25.871231], [91.475937, 25.878038], [91.478676, 25.884682], [91.483383, 25.89106], [91.488533, 25.89485], [91.49292, 25.895578], [91.498611, 25.892467], [91.503258, 25.89216], [91.501152, 25.89847], [91.508537, 25.90976], [91.52478, 25.92079], [91.531326, 25.923712], [91.535896, 25.934002], [91.521698, 25.92485], [91.516853, 25.920021], [91.51078, 25.91543], [91.505577, 25.91308], [91.503342, 25.914322], [91.501633, 25.920761], [91.516289, 25.93833], [91.519783, 25.940891], [91.518188, 25.952803], [91.518501, 25.958151], [91.523796, 25.95941], [91.525848, 25.961321], [91.53241, 25.96224], [91.53717, 25.962101], [91.537277, 25.96839], [91.548943, 25.975098], [91.551262, 25.974899], [91.55484, 25.98661], [91.565369, 26.001841], [91.566086, 26.003759], [91.565132, 26.007509], [91.568596, 26.01195], [91.569717, 26.016842], [91.56881, 26.021742], [91.57003, 26.027481], [91.575836, 26.03311], [91.584099, 26.031981], [91.588127, 26.030149], [91.597061, 26.017061], [91.596809, 26.0208], [91.601868, 26.022631], [91.616547, 26.024721], [91.620293, 26.027031], [91.626106, 26.02397], [91.632156, 26.022409], [91.6334, 26.017851], [91.632103, 26.01396], [91.633026, 26.00491], [91.632072, 26.001871], [91.630447, 25.999828], [91.626717, 25.99765], [91.62867, 25.995131], [91.624718, 25.985903], [91.626793, 25.982389], [91.628021, 25.976971], [91.632141, 25.970791], [91.637947, 25.964849], [91.634087, 25.960501], [91.630119, 25.944639], [91.624626, 25.945971], [91.610931, 25.944601], [91.611153, 25.93992], [91.622757, 25.93099], [91.632828, 25.92577], [91.647919, 25.91374], [91.651489, 25.907669], [91.656883, 25.907881], [91.661942, 25.90988], [91.667236, 25.90819], [91.669312, 25.90539], [91.675987, 25.911833], [91.678596, 25.91732], [91.686417, 25.921249], [91.692322, 25.929102], [91.701973, 25.937929], [91.700912, 25.941891], [91.708168, 25.94437], [91.713936, 25.947229], [91.720177, 25.954071], [91.721626, 25.965078], [91.71978, 25.9783], [91.721169, 26.001841], [91.722763, 26.019798], [91.724663, 26.02726], [91.723183, 26.030321], [91.72641, 26.046911], [91.732956, 26.051029], [91.734589, 26.056641], [91.731262, 26.05921], [91.759483, 26.071293], [91.772064, 26.084482], [91.778519, 26.091249], [91.780426, 26.088301], [91.784576, 26.08658], [91.790367, 26.087021], [91.801788, 26.10494], [91.80806, 26.103823], [91.810806, 26.105171], [91.815559, 26.111441], [91.819313, 26.11874], [91.826553, 26.118141], [91.853836, 26.10479], [91.8647, 26.100348], [91.875786, 26.097731], [91.875237, 26.08456], [91.869347, 26.05686], [91.870163, 26.052191], [91.883232, 26.030001], [91.891953, 26.029552], [91.900917, 26.02627], [91.907463, 26.027111], [91.911652, 26.02383], [91.916969, 26.021461], [91.916847, 26.01376], [91.915657, 26.010328], [91.918716, 26.00724], [91.919533, 26.001591], [91.919571, 26.00013], [91.922096, 25.999531], [91.925827, 25.999741], [91.926811, 26.00161], [91.933968, 26.014669], [91.941292, 26.014002], [91.94632, 26.0145], [91.952423, 26.017813], [91.957817, 26.01889], [91.978172, 26.02585], [91.98423, 26.03054], [91.987396, 26.038721], [91.991066, 26.041033], [91.99765, 26.038841], [92.000443, 26.039181], [92.00338, 26.038031], [92.008179, 26.03945], [92.017616, 26.039591], [92.022186, 26.039261], [92.023872, 26.038431], [92.027893, 26.0399], [92.034752, 26.039688], [92.036102, 26.0394], [92.039612, 26.036221], [92.050186, 26.033041], [92.052856, 26.032831], [92.063217, 26.034718], [92.070457, 26.037849], [92.073631, 26.040279], [92.078827, 26.04178], [92.081131, 26.043621], [92.093361, 26.048521], [92.108887, 26.049711], [92.116226, 26.046553], [92.123383, 26.044889], [92.127022, 26.0459], [92.133118, 26.045891], [92.138168, 26.052818], [92.143776, 26.05764], [92.146217, 26.058559], [92.148987, 26.06163], [92.15052, 26.064899], [92.154678, 26.06806], [92.16909, 26.077591], [92.178307, 26.07951], [92.180946, 26.07618], [92.178886, 26.06921], [92.180443, 26.068501], [92.182327, 26.070341], [92.184601, 26.069189], [92.188347, 26.068871], [92.189369, 26.066881], [92.20182, 26.070021], [92.208267, 26.068569], [92.209343, 26.069189], [92.208809, 26.07066], [92.210426, 26.0711], [92.212013, 26.070971], [92.213562, 26.069679], [92.21611, 26.0693], [92.218353, 26.07015], [92.22834, 26.06764], [92.241173, 26.06254], [92.251457, 26.064362], [92.265686, 26.065399], [92.268646, 26.067949], [92.272316, 26.066601], [92.273727, 26.065891], [92.273689, 26.06502], [92.280731, 26.069189], [92.288063, 26.06999], [92.290146, 26.0728], [92.290047, 26.07379], [92.293922, 26.077791], [92.295982, 26.07889], [92.297318, 26.079149], [92.299667, 26.076731], [92.301582, 26.07649], [92.255722, 26.028933], [92.221413, 26.002251], [92.221687, 25.998602], [92.219193, 26.00078], [92.215202, 25.996271], [92.211006, 25.994659], [92.207718, 25.991741], [92.209122, 25.98967], [92.20739, 25.988232], [92.200897, 25.985609], [92.19162, 25.985203], [92.180977, 25.975231], [92.176941, 25.973101], [92.173111, 25.972198], [92.167397, 25.967699], [92.16555, 25.964439], [92.167328, 25.958761], [92.165329, 25.953951], [92.160759, 25.951521], [92.156319, 25.944799], [92.156097, 25.943001], [92.157516, 25.93928], [92.161423, 25.932541], [92.160172, 25.925961], [92.159927, 25.91519], [92.163696, 25.911791], [92.174316, 25.909189], [92.180893, 25.90859], [92.183151, 25.910919], [92.183647, 25.91283], [92.186722, 25.91581], [92.192039, 25.915783], [92.197182, 25.91803], [92.197006, 25.91366], [92.197731, 25.911251], [92.2006, 25.908241], [92.205139, 25.90871], [92.207527, 25.91053], [92.217529, 25.90992], [92.222603, 25.91132], [92.223801, 25.91036], [92.225479, 25.907049], [92.225037, 25.901621], [92.223846, 25.900688], [92.218231, 25.9002], [92.215607, 25.893841], [92.21286, 25.89213], [92.206413, 25.891453], [92.203323, 25.890091], [92.194962, 25.881269], [92.186943, 25.874811], [92.181038, 25.87162], [92.179886, 25.870173], [92.1791, 25.86791], [92.180786, 25.863211], [92.180962, 25.85136], [92.178307, 25.84808], [92.175247, 25.846542], [92.17144, 25.83773], [92.169342, 25.83534], [92.16552, 25.83304], [92.163261, 25.82575], [92.163086, 25.821831], [92.155739, 25.816591], [92.153107, 25.81275], [92.153687, 25.79549], [92.151169, 25.787451], [92.150993, 25.783649], [92.154793, 25.779779], [92.155182, 25.778643], [92.154213, 25.77673], [92.154106, 25.772921], [92.155968, 25.764542], [92.157387, 25.761971], [92.158241, 25.757198], [92.164841, 25.744751], [92.165527, 25.734449], [92.16423, 25.728731], [92.160927, 25.726259], [92.156296, 25.724812], [92.153717, 25.7227], [92.151016, 25.71937], [92.149567, 25.714508], [92.151062, 25.71183], [92.155853, 25.709143], [92.157578, 25.701038], [92.161049, 25.69729], [92.161453, 25.69598], [92.160446, 25.690903], [92.164352, 25.684851], [92.165466, 25.67841], [92.160507, 25.67329], [92.159233, 25.67137], [92.153862, 25.671013], [92.153, 25.668385]]]}, "properties": {"name": "Ri Bhoi", "state": "Meghalaya"}}, {"type": "Feature", "geometry": {"type": "Polygon", "coordinates": [[[90.620361, 25.17432], [90.61618, 25.178423], [90.613403, 25.17535], [90.609543, 25.175253], [90.60482, 25.17609], [90.600182, 25.175489], [90.596443, 25.175671], [90.593697, 25.173811], [90.592041, 25.172892], [90.59108, 25.172831], [90.587318, 25.173382], [90.585571, 25.172981], [90.584938, 25.172401], [90.583771, 25.17132], [90.582817, 25.170771], [90.57972, 25.172029], [90.578506, 25.172529], [90.575958, 25.172951], [90.573593, 25.173019], [90.571922, 25.17144], [90.571472, 25.171019], [90.570587, 25.17131], [90.568703, 25.171921], [90.563766, 25.1719], [90.560768, 25.171768], [90.559288, 25.17411], [90.55571, 25.17355], [90.553146, 25.17322], [90.550346, 25.17371], [90.545357, 25.173681], [90.540718, 25.17293], [90.536171, 25.173071], [90.532013, 25.173601], [90.528488, 25.172741], [90.524788, 25.172003], [90.52121, 25.173719], [90.519302, 25.17407], [90.516701, 25.17507], [90.51664, 25.170589], [90.515739, 25.169821], [90.511887, 25.170403], [90.508118, 25.171383], [90.502602, 25.166389], [90.497566, 25.165058], [90.496086, 25.163561], [90.49572, 25.163179], [90.494026, 25.16144], [90.487877, 25.160028], [90.484428, 25.15909], [90.476303, 25.156891], [90.465103, 25.15328], [90.459641, 25.15225], [90.459396, 25.15181], [90.457916, 25.14897], [90.456581, 25.145969], [90.454979, 25.14443], [90.452362, 25.144503], [90.448372, 25.145519], [90.447533, 25.145742], [90.443886, 25.147171], [90.440559, 25.148251], [90.435852, 25.14909], [90.431458, 25.15037], [90.428383, 25.151501], [90.424049, 25.15296], [90.421547, 25.154701], [90.418633, 25.15737], [90.416389, 25.15933], [90.414467, 25.160021], [90.409752, 25.16069], [90.406502, 25.16062], [90.402832, 25.161188], [90.397438, 25.16205], [90.392456, 25.162491], [90.386726, 25.162613], [90.382736, 25.163071], [90.379547, 25.164263], [90.375023, 25.16744], [90.370201, 25.171221], [90.364922, 25.174061], [90.360306, 25.176441], [90.355003, 25.180111], [90.350693, 25.184431], [90.347549, 25.188023], [90.34507, 25.190849], [90.34153, 25.193501], [90.337372, 25.194191], [90.332817, 25.194099], [90.328743, 25.193651], [90.325157, 25.192841], [90.321426, 25.191002], [90.318077, 25.189659], [90.313026, 25.191542], [90.308746, 25.192652], [90.305031, 25.19322], [90.30188, 25.194229], [90.298103, 25.195431], [90.294899, 25.19668], [90.290733, 25.19721], [90.286461, 25.1982], [90.284477, 25.198709], [90.281746, 25.1996], [90.278717, 25.200211], [90.277557, 25.200066], [90.277557, 25.203316], [90.267143, 25.210888], [90.265251, 25.21562], [90.268089, 25.223192], [90.274712, 25.230766], [90.281342, 25.242126], [90.286072, 25.259167], [90.287018, 25.270523], [90.287018, 25.274311], [90.287018, 25.277151], [90.286072, 25.282831], [90.283234, 25.286619], [90.279449, 25.290405], [90.277557, 25.297031], [90.277557, 25.304605], [90.277557, 25.313124], [90.283234, 25.320698], [90.287964, 25.325432], [90.292702, 25.333004], [90.299324, 25.344364], [90.305008, 25.354776], [90.312576, 25.35951], [90.322044, 25.364243], [90.328674, 25.369923], [90.328674, 25.374657], [90.322044, 25.382229], [90.322044, 25.390749], [90.322044, 25.404001], [90.322044, 25.410627], [90.322044, 25.421986], [90.324883, 25.433348], [90.333405, 25.457014], [90.334953, 25.46011], [90.34877, 25.459141], [90.355919, 25.457541], [90.364998, 25.45425], [90.404747, 25.45805], [90.435501, 25.453411], [90.44619, 25.450871], [90.460083, 25.45092], [90.475693, 25.453501], [90.486191, 25.44648], [90.501671, 25.438311], [90.518593, 25.433001], [90.551559, 25.43329], [90.571136, 25.427402], [90.579788, 25.42112], [90.604889, 25.424591], [90.63166, 25.41848], [90.639511, 25.4151], [90.644463, 25.41577], [90.655403, 25.43788], [90.658867, 25.452011], [90.678963, 25.481373], [90.70166, 25.507], [90.730156, 25.53299], [90.749893, 25.547621], [90.75869, 25.551781], [90.766411, 25.554173], [90.764397, 25.550751], [90.76844, 25.543701], [90.777382, 25.54063], [90.780487, 25.535721], [90.781113, 25.526861], [90.787666, 25.51096], [90.790237, 25.50769], [90.788979, 25.502029], [90.789322, 25.49625], [90.79248, 25.490541], [90.791878, 25.486061], [90.787071, 25.479219], [90.774513, 25.47558], [90.772003, 25.47196], [90.773872, 25.468521], [90.781593, 25.46929], [90.785187, 25.468191], [90.784492, 25.46434], [90.777153, 25.453011], [90.76545, 25.4559], [90.759277, 25.454889], [90.757416, 25.451208], [90.760399, 25.449303], [90.761772, 25.446091], [90.757736, 25.439671], [90.757446, 25.43173], [90.759613, 25.42556], [90.763649, 25.42066], [90.763443, 25.412731], [90.762047, 25.40497], [90.762802, 25.39773], [90.75087, 25.39175], [90.749153, 25.387211], [90.749367, 25.38044], [90.756599, 25.3762], [90.759117, 25.371191], [90.7649, 25.36776], [90.783417, 25.36511], [90.79052, 25.369671], [90.79818, 25.36813], [90.806152, 25.368021], [90.812523, 25.364599], [90.814453, 25.360411], [90.819267, 25.359013], [90.823509, 25.359371], [90.831032, 25.357521], [90.837387, 25.357773], [90.841858, 25.35136], [90.838219, 25.34057], [90.839897, 25.33614], [90.840042, 25.31242], [90.844513, 25.30699], [90.852669, 25.301298], [90.854347, 25.297281], [90.857437, 25.29327], [90.864311, 25.293579], [90.876518, 25.29237], [90.8918, 25.295509], [90.900902, 25.29657], [90.914856, 25.28565], [90.919823, 25.274811], [90.926003, 25.266951], [90.937057, 25.262239], [90.945732, 25.26067], [90.952347, 25.256111], [90.959236, 25.24642], [90.959908, 25.23447], [90.957916, 25.230761], [90.953308, 25.228022], [90.953766, 25.222212], [90.950249, 25.21829], [90.950272, 25.21456], [90.956047, 25.211891], [90.959801, 25.20373], [90.969093, 25.201031], [90.972008, 25.191399], [90.970207, 25.172371], [90.970451, 25.17137], [90.9702, 25.171329], [90.969017, 25.16968], [90.968521, 25.16884], [90.966583, 25.169218], [90.962929, 25.168249], [90.958488, 25.167711], [90.95298, 25.16745], [90.948036, 25.16544], [90.943283, 25.163359], [90.943176, 25.163311], [90.93663, 25.16188], [90.929863, 25.160561], [90.92411, 25.160589], [90.918373, 25.16061], [90.911797, 25.159811], [90.907867, 25.159719], [90.904007, 25.161633], [90.902061, 25.16324], [90.900841, 25.163992], [90.899681, 25.1647], [90.899033, 25.16445], [90.894806, 25.162802], [90.885689, 25.164263], [90.879349, 25.161152], [90.875832, 25.15835], [90.870911, 25.158743], [90.866959, 25.15612], [90.863586, 25.15785], [90.858353, 25.155849], [90.853539, 25.155771], [90.849953, 25.15666], [90.843422, 25.15922], [90.840286, 25.158991], [90.8367, 25.15974], [90.827263, 25.160921], [90.824463, 25.161131], [90.823601, 25.16284], [90.822357, 25.165331], [90.819817, 25.16588], [90.817131, 25.16419], [90.814407, 25.1625], [90.80851, 25.16523], [90.809143, 25.167082], [90.809822, 25.169081], [90.810463, 25.1717], [90.807213, 25.171181], [90.804237, 25.172029], [90.801102, 25.175461], [90.800209, 25.178251], [90.798279, 25.178541], [90.79641, 25.177999], [90.795258, 25.17767], [90.792366, 25.177252], [90.78878, 25.178171], [90.786682, 25.180773], [90.78595, 25.18264], [90.785423, 25.183969], [90.783852, 25.18293], [90.781197, 25.181183], [90.778542, 25.179779], [90.77446, 25.179001], [90.771973, 25.177881], [90.769707, 25.176861], [90.767242, 25.173901], [90.765236, 25.1719], [90.763939, 25.169992], [90.765373, 25.168371], [90.765862, 25.16781], [90.764496, 25.166241], [90.762909, 25.166451], [90.757973, 25.167103], [90.75473, 25.164711], [90.754463, 25.164511], [90.751007, 25.164061], [90.750298, 25.164721], [90.747269, 25.167513], [90.74469, 25.16519], [90.741737, 25.164801], [90.740372, 25.16464], [90.739799, 25.16231], [90.740372, 25.16222], [90.742897, 25.1618], [90.74585, 25.160379], [90.746407, 25.158701], [90.745346, 25.15661], [90.74218, 25.156778], [90.739281, 25.15443], [90.738617, 25.154512], [90.736458, 25.15542], [90.733612, 25.158043], [90.732841, 25.161331], [90.729897, 25.162981], [90.72715, 25.16267], [90.726013, 25.162182], [90.721878, 25.165531], [90.71991, 25.166519], [90.71653, 25.166059], [90.714828, 25.164289], [90.714462, 25.163891], [90.714157, 25.16201], [90.711792, 25.160311], [90.710266, 25.162123], [90.709747, 25.162729], [90.708122, 25.162781], [90.70739, 25.161079], [90.707176, 25.160589], [90.705826, 25.157061], [90.704399, 25.155272], [90.69902, 25.15951], [90.698921, 25.15959], [90.698311, 25.161961], [90.695358, 25.16349], [90.692589, 25.162613], [90.687637, 25.16621], [90.689163, 25.16857], [90.692726, 25.17075], [90.692818, 25.171671], [90.689842, 25.17205], [90.686058, 25.170931], [90.683388, 25.171288], [90.679306, 25.17045], [90.678513, 25.168701], [90.677757, 25.167061], [90.675529, 25.165348], [90.673012, 25.166641], [90.6726, 25.16898], [90.672333, 25.170561], [90.67202, 25.176661], [90.67321, 25.18092], [90.672119, 25.183771], [90.671387, 25.1866], [90.671219, 25.190863], [90.671143, 25.194302], [90.671173, 25.19729], [90.668617, 25.19536], [90.667923, 25.190969], [90.666992, 25.18749], [90.665001, 25.185551], [90.663689, 25.185459], [90.662621, 25.185402], [90.660637, 25.18581], [90.658142, 25.183649], [90.656677, 25.180773], [90.652527, 25.181883], [90.65094, 25.1828], [90.650566, 25.182678], [90.648293, 25.181971], [90.647682, 25.180311], [90.647003, 25.178511], [90.648323, 25.1768], [90.648781, 25.17334], [90.642326, 25.174591], [90.639717, 25.173288], [90.636879, 25.172178], [90.633911, 25.17243], [90.633331, 25.17247], [90.627426, 25.173], [90.625923, 25.172371], [90.623398, 25.175831], [90.620361, 25.17432]]]}, "properties": {"name": "South Garo Hills", "state": "Meghalaya"}}, {"type": "Feature", "geometry": {"type": "Polygon", "coordinates": [[[89.931099, 25.302299], [89.926857, 25.304293], [89.923607, 25.3053], [89.920486, 25.306421], [89.917862, 25.307421], [89.914673, 25.308372], [89.911263, 25.308691], [89.90638, 25.307421], [89.905159, 25.30632], [89.901649, 25.303211], [89.894127, 25.295361], [89.889687, 25.289881], [89.886421, 25.28779], [89.881477, 25.287031], [89.8759, 25.2873], [89.872063, 25.28821], [89.867592, 25.28842], [89.864517, 25.287821], [89.863876, 25.287821], [89.860558, 25.2878], [89.856857, 25.28846], [89.853371, 25.2901], [89.850876, 25.29133], [89.847672, 25.29188], [89.843613, 25.293051], [89.843163, 25.29318], [89.834267, 25.29567], [89.837318, 25.298691], [89.838882, 25.300678], [89.840218, 25.3036], [89.841087, 25.305311], [89.842926, 25.306101], [89.844849, 25.306829], [89.846649, 25.30825], [89.847397, 25.310251], [89.846046, 25.314228], [89.844856, 25.314989], [89.840553, 25.316401], [89.839142, 25.316959], [89.838058, 25.317398], [89.835411, 25.31966], [89.834732, 25.322998], [89.83493, 25.324812], [89.83506, 25.325979], [89.835327, 25.328609], [89.836998, 25.332413], [89.836922, 25.33423], [89.833076, 25.34127], [89.829643, 25.345501], [89.827553, 25.3473], [89.825508, 25.349211], [89.825081, 25.351971], [89.824486, 25.35358], [89.822456, 25.355721], [89.822029, 25.358601], [89.822853, 25.36095], [89.823883, 25.36414], [89.824249, 25.3661], [89.823753, 25.36875], [89.823128, 25.37645], [89.822289, 25.37886], [89.82177, 25.382551], [89.821663, 25.385361], [89.8228, 25.38805], [89.824242, 25.390051], [89.826447, 25.39238], [89.828018, 25.394609], [89.829056, 25.397871], [89.830299, 25.40188], [89.830536, 25.40383], [89.829903, 25.406361], [89.828903, 25.408901], [89.828682, 25.41264], [89.82988, 25.413471], [89.833031, 25.41523], [89.833138, 25.417509], [89.83387, 25.423691], [89.835457, 25.428551], [89.837753, 25.4338], [89.839836, 25.43856], [89.842278, 25.44186], [89.845146, 25.445], [89.846603, 25.44861], [89.848213, 25.451771], [89.852371, 25.456423], [89.855309, 25.459673], [89.856667, 25.46249], [89.856987, 25.466061], [89.855957, 25.46818], [89.855072, 25.470751], [89.854797, 25.473091], [89.85511, 25.476049], [89.859573, 25.473391], [89.864029, 25.47286], [89.868713, 25.47636], [89.871758, 25.478901], [89.879959, 25.48864], [89.880043, 25.4956], [89.875587, 25.50547], [89.873848, 25.513561], [89.870323, 25.52149], [89.875656, 25.528528], [89.871178, 25.536951], [89.871452, 25.537298], [89.874557, 25.541561], [89.873947, 25.541937], [89.874001, 25.542061], [89.874062, 25.542898], [89.870102, 25.544222], [89.873802, 25.54928], [89.877586, 25.548931], [89.88636, 25.557871], [89.904411, 25.5595], [89.918098, 25.56263], [89.926056, 25.56353], [89.935837, 25.56271], [89.941643, 25.567621], [89.949379, 25.568251], [89.956757, 25.570461], [89.966461, 25.571701], [89.972809, 25.57461], [89.975052, 25.583509], [89.979156, 25.590731], [89.989502, 25.58881], [89.995361, 25.586349], [90.002121, 25.58419], [90.005821, 25.588369], [90.013573, 25.590925], [90.020714, 25.589973], [90.024994, 25.590448], [90.029282, 25.587593], [90.036415, 25.580931], [90.040703, 25.578075], [90.047363, 25.578075], [90.052124, 25.573317], [90.058311, 25.570461], [90.063065, 25.570461], [90.068298, 25.569986], [90.074966, 25.569035], [90.079247, 25.564276], [90.083527, 25.559517], [90.091621, 25.558565], [90.098282, 25.557613], [90.101135, 25.553806], [90.099709, 25.546192], [90.097328, 25.539528], [90.096855, 25.535246], [90.097328, 25.530962], [90.095901, 25.526203], [90.093521, 25.522873], [90.091621, 25.519066], [90.091148, 25.508596], [90.084007, 25.50812], [90.07782, 25.510023], [90.067352, 25.511927], [90.060684, 25.514307], [90.054977, 25.51383], [90.047836, 25.51383], [90.045937, 25.507645], [90.039276, 25.501457], [90.036896, 25.500031], [90.036415, 25.490988], [90.043083, 25.488609], [90.047836, 25.487181], [90.050217, 25.4848], [90.047836, 25.478138], [90.045456, 25.471001], [90.042603, 25.470049], [90.035942, 25.46862], [90.035942, 25.460531], [90.034988, 25.453392], [90.032608, 25.44673], [90.029755, 25.441496], [90.026901, 25.437689], [90.022141, 25.434357], [90.018806, 25.432928], [90.012146, 25.431501], [90.007385, 25.43388], [90.000725, 25.436737], [89.997871, 25.439592], [89.991684, 25.443874], [89.99073, 25.447681], [89.98835, 25.451014], [89.982643, 25.451014], [89.979309, 25.448158], [89.975975, 25.443399], [89.975029, 25.438164], [89.975029, 25.43388], [89.975029, 25.429121], [89.976456, 25.424839], [89.977409, 25.419128], [89.978836, 25.412941], [89.976929, 25.408659], [89.973122, 25.402472], [89.972649, 25.39819], [89.978355, 25.394382], [89.983116, 25.39105], [89.982162, 25.384865], [89.979309, 25.379152], [89.975502, 25.37487], [89.971695, 25.371063], [89.967415, 25.367731], [89.962654, 25.363924], [89.958374, 25.361069], [89.955994, 25.355358], [89.948853, 25.351551], [89.943146, 25.345366], [89.939812, 25.339655], [89.937431, 25.334896], [89.932671, 25.326328], [89.932198, 25.319666], [89.931244, 25.312529], [89.931099, 25.302299]]]}, "properties": {"name": "South West Garo Hills", "state": "Meghalaya"}}, {"type": "Feature", "geometry": {"type": "Polygon", "coordinates": [[[90.876518, 25.29237], [90.876129, 25.309317], [90.886597, 25.312172], [90.88945, 25.320738], [90.895164, 25.332159], [90.903732, 25.332159], [90.916107, 25.3274], [90.924667, 25.331207], [90.932281, 25.333111], [90.93895, 25.33787], [90.950371, 25.339773], [90.956078, 25.336918], [90.961792, 25.33787], [90.966545, 25.341677], [90.973213, 25.336918], [90.97892, 25.332159], [90.987488, 25.329304], [90.994148, 25.323593], [91.000816, 25.324545], [91.006523, 25.328352], [91.015091, 25.335014], [91.024605, 25.338821], [91.033173, 25.34358], [91.040787, 25.345484], [91.052208, 25.346436], [91.065536, 25.342628], [91.076004, 25.342628], [91.083618, 25.33787], [91.088379, 25.333111], [91.094086, 25.328352], [91.102654, 25.328352], [91.107414, 25.332159], [91.104561, 25.341677], [91.104561, 25.355001], [91.104561, 25.365471], [91.110268, 25.373085], [91.117882, 25.376892], [91.129303, 25.381651], [91.134064, 25.391169], [91.138824, 25.398785], [91.136917, 25.411158], [91.132156, 25.418772], [91.129303, 25.425434], [91.132156, 25.433048], [91.138824, 25.438759], [91.149292, 25.443518], [91.158806, 25.45018], [91.174034, 25.455891], [91.184509, 25.460649], [91.190216, 25.461601], [91.204498, 25.458746], [91.216866, 25.458746], [91.228287, 25.456842], [91.234955, 25.453987], [91.243515, 25.458746], [91.256844, 25.460649], [91.263504, 25.46636], [91.274925, 25.46636], [91.284447, 25.463505], [91.2892, 25.458746], [91.295868, 25.467312], [91.298721, 25.474926], [91.311096, 25.47683], [91.32061, 25.481588], [91.326324, 25.483492], [91.339645, 25.481588], [91.34726, 25.475878], [91.357735, 25.469215], [91.361542, 25.475878], [91.366295, 25.483492], [91.375816, 25.488251], [91.388191, 25.488251], [91.395805, 25.48254], [91.409126, 25.481588], [91.420547, 25.480637], [91.428162, 25.484444], [91.433876, 25.488251], [91.43483, 25.479685], [91.430069, 25.470167], [91.420547, 25.461601], [91.407227, 25.454939], [91.399612, 25.451132], [91.400558, 25.438759], [91.41198, 25.433048], [91.41674, 25.438759], [91.430069, 25.439711], [91.433876, 25.434], [91.432922, 25.426386], [91.414841, 25.419724], [91.405319, 25.415916], [91.393898, 25.406399], [91.387238, 25.40164], [91.389137, 25.39212], [91.399612, 25.389265], [91.41198, 25.388313], [91.423409, 25.393072], [91.435776, 25.407351], [91.44339, 25.412109], [91.453865, 25.414965], [91.466232, 25.415916], [91.4748, 25.424482], [91.480515, 25.433048], [91.491936, 25.434952], [91.496689, 25.441614], [91.505257, 25.442566], [91.511917, 25.453035], [91.510017, 25.459698], [91.493835, 25.458746], [91.476707, 25.459698], [91.473846, 25.467312], [91.4748, 25.47683], [91.479561, 25.485395], [91.492882, 25.486347], [91.503357, 25.489202], [91.513824, 25.488251], [91.519539, 25.483492], [91.527153, 25.481588], [91.538574, 25.485395], [91.540474, 25.471119], [91.536667, 25.462553], [91.53286, 25.451132], [91.530006, 25.445421], [91.53286, 25.436855], [91.555107, 25.439121], [91.557426, 25.435692], [91.556938, 25.429359], [91.549759, 25.423651], [91.547447, 25.419821], [91.547653, 25.413719], [91.543358, 25.407009], [91.541763, 25.40143], [91.541763, 25.38966], [91.538567, 25.379721], [91.540146, 25.374283], [91.538719, 25.370291], [91.530701, 25.3568], [91.526176, 25.354401], [91.525406, 25.349331], [91.526077, 25.34479], [91.530472, 25.343271], [91.54055, 25.335701], [91.547203, 25.334381], [91.55085, 25.33065], [91.549507, 25.32679], [91.553429, 25.32085], [91.550148, 25.312691], [91.553589, 25.305132], [91.551643, 25.300913], [91.549026, 25.28735], [91.5448, 25.279888], [91.533699, 25.27685], [91.528656, 25.28055], [91.523422, 25.279072], [91.496948, 25.28372], [91.490021, 25.279282], [91.488579, 25.27161], [91.485573, 25.265301], [91.479942, 25.26376], [91.474739, 25.265841], [91.473366, 25.269798], [91.468498, 25.271551], [91.463188, 25.2689], [91.451141, 25.27236], [91.439293, 25.273281], [91.423798, 25.262197], [91.413193, 25.265263], [91.408676, 25.264061], [91.403618, 25.26391], [91.399437, 25.256668], [91.395531, 25.251621], [91.388367, 25.24614], [91.386436, 25.23979], [91.376457, 25.244011], [91.37204, 25.242981], [91.366051, 25.234921], [91.358673, 25.235479], [91.355339, 25.23435], [91.354759, 25.22934], [91.364021, 25.205471], [91.380836, 25.177019], [91.389221, 25.170521], [91.388832, 25.166401], [91.388519, 25.166325], [91.386719, 25.16589], [91.381317, 25.16642], [91.377602, 25.166491], [91.37529, 25.167149], [91.373306, 25.169628], [91.37294, 25.170589], [91.371918, 25.173243], [91.370491, 25.17524], [91.36805, 25.17561], [91.366722, 25.174763], [91.365578, 25.17403], [91.359901, 25.170151], [91.358521, 25.170431], [91.356956, 25.17215], [91.354622, 25.172119], [91.350319, 25.171751], [91.346397, 25.171721], [91.342323, 25.172258], [91.340637, 25.172781], [91.340149, 25.17366], [91.339592, 25.17465], [91.336731, 25.17555], [91.33448, 25.17609], [91.33168, 25.178211], [91.328148, 25.180931], [91.326317, 25.18235], [91.322563, 25.183161], [91.31871, 25.183241], [91.312012, 25.18313], [91.307716, 25.182993], [91.303963, 25.18358], [91.300522, 25.184101], [91.294899, 25.185789], [91.29438, 25.18626], [91.293388, 25.18716], [91.296143, 25.189531], [91.297577, 25.190628], [91.293617, 25.19346], [91.29055, 25.19441], [91.287506, 25.195339], [91.282623, 25.197521], [91.279968, 25.198641], [91.277527, 25.20056], [91.275566, 25.20344], [91.273788, 25.204308], [91.269661, 25.203821], [91.265808, 25.202461], [91.263756, 25.200581], [91.261177, 25.19952], [91.258812, 25.198742], [91.257988, 25.19618], [91.255737, 25.19511], [91.251549, 25.19462], [91.24485, 25.19445], [91.242157, 25.196253], [91.240883, 25.196859], [91.240303, 25.197142], [91.239906, 25.196911], [91.238022, 25.19577], [91.235413, 25.195339], [91.233543, 25.19552], [91.231392, 25.197031], [91.225121, 25.198111], [91.221657, 25.198339], [91.215508, 25.19912], [91.210159, 25.199478], [91.203529, 25.199762], [91.199043, 25.19957], [91.195732, 25.19882], [91.189972, 25.197121], [91.183533, 25.195902], [91.177361, 25.194839], [91.172157, 25.19433], [91.165268, 25.194229], [91.160553, 25.194427], [91.156082, 25.196081], [91.152512, 25.19556], [91.145767, 25.194901], [91.144203, 25.19475], [91.138283, 25.193571], [91.132019, 25.193321], [91.127541, 25.193361], [91.121193, 25.193911], [91.115982, 25.19483], [91.108757, 25.19593], [91.10775, 25.196121], [91.104263, 25.19677], [91.099602, 25.197151], [91.094986, 25.19702], [91.090492, 25.196651], [91.086456, 25.196779], [91.082497, 25.197493], [91.079903, 25.19717], [91.078598, 25.196411], [91.076721, 25.19355], [91.07093, 25.191389], [91.067368, 25.190811], [91.064316, 25.190401], [91.059837, 25.190491], [91.059212, 25.189011], [91.055931, 25.187798], [91.052238, 25.188499], [91.049858, 25.18754], [91.046333, 25.18754], [91.044853, 25.187021], [91.04287, 25.1852], [91.037239, 25.184851], [91.033623, 25.184401], [91.029533, 25.18482], [91.027733, 25.185329], [91.02552, 25.183981], [91.023079, 25.181641], [91.019516, 25.181011], [91.014572, 25.180601], [91.010696, 25.18021], [91.007927, 25.180128], [91.005241, 25.179531], [91.001678, 25.177523], [90.99781, 25.175522], [90.99263, 25.174143], [90.986977, 25.173389], [90.982101, 25.17293], [90.973587, 25.171881], [90.970451, 25.17137], [90.970207, 25.172371], [90.972008, 25.191399], [90.969093, 25.201031], [90.959801, 25.20373], [90.956047, 25.211891], [90.950272, 25.21456], [90.950249, 25.21829], [90.953766, 25.222212], [90.953308, 25.228022], [90.957916, 25.230761], [90.959908, 25.23447], [90.959236, 25.24642], [90.952347, 25.256111], [90.945732, 25.26067], [90.937057, 25.262239], [90.926003, 25.266951], [90.919823, 25.274811], [90.914856, 25.28565], [90.900902, 25.29657], [90.8918, 25.295509], [90.876518, 25.29237]]]}, "properties": {"name": "South West Khasi Hills", "state": "Meghalaya"}}, {"type": "Feature", "geometry": {"type": "Polygon", "coordinates": [[[90.015106, 25.27833], [90.008278, 25.282421], [90.005516, 25.283138], [90.00219, 25.28116], [89.99929, 25.279013], [89.995697, 25.279268], [89.990341, 25.280821], [89.985947, 25.28236], [89.983482, 25.284561], [89.98362, 25.28709], [89.983437, 25.29203], [89.982193, 25.2948], [89.979881, 25.29821], [89.975487, 25.30135], [89.971237, 25.303061], [89.967163, 25.303329], [89.963669, 25.302898], [89.960556, 25.30213], [89.956589, 25.29994], [89.956161, 25.299311], [89.954681, 25.29719], [89.953377, 25.295649], [89.950928, 25.29591], [89.948593, 25.29817], [89.94857, 25.29941], [89.948517, 25.30271], [89.948616, 25.30397], [89.943718, 25.30224], [89.941017, 25.3006], [89.936729, 25.300581], [89.933929, 25.301991], [89.931099, 25.302299], [89.931244, 25.312529], [89.932198, 25.319666], [89.932671, 25.326328], [89.937431, 25.334896], [89.939812, 25.339655], [89.943146, 25.345366], [89.948853, 25.351551], [89.955994, 25.355358], [89.958374, 25.361069], [89.962654, 25.363924], [89.967415, 25.367731], [89.971695, 25.371063], [89.975502, 25.37487], [89.979309, 25.379152], [89.982162, 25.384865], [89.983116, 25.39105], [89.978355, 25.394382], [89.972649, 25.39819], [89.973122, 25.402472], [89.976929, 25.408659], [89.978836, 25.412941], [89.977409, 25.419128], [89.976456, 25.424839], [89.975029, 25.429121], [89.975029, 25.43388], [89.975029, 25.438164], [89.975975, 25.443399], [89.979309, 25.448158], [89.982643, 25.451014], [89.98835, 25.451014], [89.99073, 25.447681], [89.991684, 25.443874], [89.997871, 25.439592], [90.000725, 25.436737], [90.007385, 25.43388], [90.012146, 25.431501], [90.018806, 25.432928], [90.022141, 25.434357], [90.026901, 25.437689], [90.029755, 25.441496], [90.032608, 25.44673], [90.034988, 25.453392], [90.035942, 25.460531], [90.035942, 25.46862], [90.042603, 25.470049], [90.045456, 25.471001], [90.047836, 25.478138], [90.050217, 25.4848], [90.047836, 25.487181], [90.043083, 25.488609], [90.036415, 25.490988], [90.036896, 25.500031], [90.039276, 25.501457], [90.045937, 25.507645], [90.047836, 25.51383], [90.054977, 25.51383], [90.060684, 25.514307], [90.067352, 25.511927], [90.07782, 25.510023], [90.084007, 25.50812], [90.091148, 25.508596], [90.091621, 25.519066], [90.093521, 25.522873], [90.095901, 25.526203], [90.097328, 25.530962], [90.096855, 25.535246], [90.097328, 25.539528], [90.099709, 25.546192], [90.101135, 25.553806], [90.098282, 25.557613], [90.091621, 25.558565], [90.083527, 25.559517], [90.079247, 25.564276], [90.074966, 25.569035], [90.068298, 25.569986], [90.063065, 25.570461], [90.058311, 25.570461], [90.052124, 25.573317], [90.047363, 25.578075], [90.040703, 25.578075], [90.036415, 25.580931], [90.029282, 25.587593], [90.024994, 25.590448], [90.020714, 25.589973], [90.013573, 25.590925], [90.005821, 25.588369], [90.011063, 25.598351], [90.017296, 25.602192], [90.01844, 25.608391], [90.004539, 25.623821], [90.001381, 25.624432], [89.999336, 25.621851], [89.995293, 25.62303], [89.983322, 25.626711], [89.982307, 25.628431], [89.980438, 25.637569], [89.946953, 25.658831], [89.941849, 25.673651], [89.941727, 25.67812], [89.936996, 25.68663], [89.93235, 25.68996], [89.921127, 25.694422], [89.919548, 25.69677], [89.918503, 25.702688], [89.914276, 25.704008], [89.912636, 25.707062], [89.904877, 25.714781], [89.894241, 25.72724], [89.892616, 25.735001], [89.895416, 25.74412], [89.899086, 25.744051], [89.911377, 25.74157], [89.916138, 25.739191], [89.921867, 25.739168], [89.92794, 25.74135], [89.93351, 25.744551], [89.934647, 25.74754], [89.933716, 25.752531], [89.94352, 25.760542], [89.946686, 25.764721], [89.952393, 25.77017], [89.955246, 25.77446], [89.955017, 25.781641], [89.952606, 25.783421], [89.950813, 25.791981], [89.951996, 25.810911], [89.949356, 25.814423], [89.945618, 25.816101], [89.945816, 25.82023], [89.94458, 25.824478], [89.950569, 25.824871], [89.95887, 25.826569], [89.967957, 25.826151], [89.973549, 25.82814], [89.975899, 25.83404], [89.990807, 25.83551], [89.994713, 25.83876], [89.997803, 25.83967], [90.001602, 25.842241], [89.999832, 25.843691], [89.997437, 25.84421], [89.997566, 25.846701], [90.000267, 25.8486], [90.008316, 25.84683], [90.01152, 25.84967], [90.020767, 25.86161], [90.021919, 25.865528], [90.021378, 25.86849], [90.018723, 25.87137], [90.014366, 25.87179], [90.009773, 25.875731], [90.004738, 25.878681], [90.015251, 25.88862], [90.021263, 25.89319], [90.027916, 25.89431], [90.034508, 25.893511], [90.042099, 25.890751], [90.052193, 25.898689], [90.055077, 25.908091], [90.058922, 25.910271], [90.063309, 25.915548], [90.067619, 25.916161], [90.072426, 25.919338], [90.077972, 25.917681], [90.079453, 25.919279], [90.080727, 25.924528], [90.087387, 25.92627], [90.091927, 25.928761], [90.087959, 25.936199], [90.096123, 25.93952], [90.099136, 25.93926], [90.100517, 25.942068], [90.10537, 25.941931], [90.107887, 25.95059], [90.110916, 25.954111], [90.135033, 25.934212], [90.150627, 25.923691], [90.158592, 25.913692], [90.169518, 25.908218], [90.180878, 25.90099], [90.224327, 25.92539], [90.292168, 25.93228], [90.316536, 25.929722], [90.328079, 25.930468], [90.360497, 25.94113], [90.380379, 25.946302], [90.395782, 25.949409], [90.40802, 25.951054], [90.421822, 25.952909], [90.413696, 25.922388], [90.381592, 25.867559], [90.383133, 25.8407], [90.379173, 25.834221], [90.367027, 25.830891], [90.348618, 25.831791], [90.341553, 25.827963], [90.338097, 25.804529], [90.339928, 25.802151], [90.374603, 25.80267], [90.390961, 25.798651], [90.393646, 25.793701], [90.398857, 25.76705], [90.406197, 25.750561], [90.437447, 25.70363], [90.44104, 25.69582], [90.432129, 25.6798], [90.431808, 25.67197], [90.416573, 25.6322], [90.411377, 25.61109], [90.406181, 25.60034], [90.402557, 25.55134], [90.343758, 25.49386], [90.331093, 25.4841], [90.322182, 25.473431], [90.319481, 25.465361], [90.330826, 25.4604], [90.334953, 25.46011], [90.333405, 25.457014], [90.324883, 25.433348], [90.322044, 25.421986], [90.322044, 25.410627], [90.322044, 25.404001], [90.322044, 25.390749], [90.322044, 25.382229], [90.328674, 25.374657], [90.328674, 25.369923], [90.322044, 25.364243], [90.312576, 25.35951], [90.305008, 25.354776], [90.299324, 25.344364], [90.292702, 25.333004], [90.287964, 25.325432], [90.283234, 25.320698], [90.277557, 25.313124], [90.277557, 25.304605], [90.277557, 25.297031], [90.279449, 25.290405], [90.283234, 25.286619], [90.286072, 25.282831], [90.287018, 25.277151], [90.287018, 25.274311], [90.287018, 25.270523], [90.286072, 25.259167], [90.281342, 25.242126], [90.274712, 25.230766], [90.268089, 25.223192], [90.265251, 25.21562], [90.267143, 25.210888], [90.277557, 25.203316], [90.277557, 25.200066], [90.275772, 25.199841], [90.268188, 25.19986], [90.264526, 25.199841], [90.26123, 25.20126], [90.259827, 25.202942], [90.255676, 25.20311], [90.253021, 25.20295], [90.24807, 25.20384], [90.244858, 25.20582], [90.241409, 25.206831], [90.237373, 25.20665], [90.234253, 25.205601], [90.230598, 25.20352], [90.228577, 25.203421], [90.22683, 25.2062], [90.225357, 25.2076], [90.222527, 25.20797], [90.219116, 25.207731], [90.215248, 25.20892], [90.212578, 25.210388], [90.205429, 25.21162], [90.202347, 25.211941], [90.19828, 25.213131], [90.194649, 25.215933], [90.191582, 25.216831], [90.189026, 25.218058], [90.185623, 25.22011], [90.183067, 25.221291], [90.174896, 25.224022], [90.166527, 25.224628], [90.158279, 25.2253], [90.152802, 25.225483], [90.143196, 25.225071], [90.134972, 25.225901], [90.128799, 25.226488], [90.119583, 25.22555], [90.115196, 25.226921], [90.109497, 25.230431], [90.102287, 25.236603], [90.099327, 25.238689], [90.092407, 25.240999], [90.085747, 25.24246], [90.080711, 25.24486], [90.07589, 25.248421], [90.071327, 25.251909], [90.067429, 25.254711], [90.06295, 25.25918], [90.059776, 25.262939], [90.056908, 25.264061], [90.053131, 25.264219], [90.048409, 25.26454], [90.042999, 25.26524], [90.038979, 25.265631], [90.034348, 25.266993], [90.024353, 25.27284], [90.02121, 25.275221], [90.015106, 25.27833]]]}, "properties": {"name": "West Garo Hills", "state": "Meghalaya"}}, {"type": "Feature", "geometry": {"type": "Polygon", "coordinates": [[[91.555107, 25.439121], [91.53286, 25.436855], [91.530006, 25.445421], [91.53286, 25.451132], [91.536667, 25.462553], [91.540474, 25.471119], [91.538574, 25.485395], [91.527153, 25.481588], [91.519539, 25.483492], [91.513824, 25.488251], [91.503357, 25.489202], [91.492882, 25.486347], [91.479561, 25.485395], [91.4748, 25.47683], [91.473846, 25.467312], [91.476707, 25.459698], [91.493835, 25.458746], [91.510017, 25.459698], [91.511917, 25.453035], [91.505257, 25.442566], [91.496689, 25.441614], [91.491936, 25.434952], [91.480515, 25.433048], [91.4748, 25.424482], [91.466232, 25.415916], [91.453865, 25.414965], [91.44339, 25.412109], [91.435776, 25.407351], [91.423409, 25.393072], [91.41198, 25.388313], [91.399612, 25.389265], [91.389137, 25.39212], [91.387238, 25.40164], [91.393898, 25.406399], [91.405319, 25.415916], [91.414841, 25.419724], [91.432922, 25.426386], [91.433876, 25.434], [91.430069, 25.439711], [91.41674, 25.438759], [91.41198, 25.433048], [91.400558, 25.438759], [91.399612, 25.451132], [91.407227, 25.454939], [91.420547, 25.461601], [91.430069, 25.470167], [91.43483, 25.479685], [91.433876, 25.488251], [91.428162, 25.484444], [91.420547, 25.480637], [91.409126, 25.481588], [91.395805, 25.48254], [91.388191, 25.488251], [91.375816, 25.488251], [91.366295, 25.483492], [91.361542, 25.475878], [91.357735, 25.469215], [91.34726, 25.475878], [91.339645, 25.481588], [91.326324, 25.483492], [91.32061, 25.481588], [91.311096, 25.47683], [91.298721, 25.474926], [91.295868, 25.467312], [91.2892, 25.458746], [91.284447, 25.463505], [91.274925, 25.46636], [91.263504, 25.46636], [91.256844, 25.460649], [91.243515, 25.458746], [91.234955, 25.453987], [91.228287, 25.456842], [91.216866, 25.458746], [91.204498, 25.458746], [91.190216, 25.461601], [91.184509, 25.460649], [91.174034, 25.455891], [91.158806, 25.45018], [91.149292, 25.443518], [91.138824, 25.438759], [91.132156, 25.433048], [91.129303, 25.425434], [91.132156, 25.418772], [91.136917, 25.411158], [91.138824, 25.398785], [91.134064, 25.391169], [91.129303, 25.381651], [91.117882, 25.376892], [91.110268, 25.373085], [91.104561, 25.365471], [91.104561, 25.355001], [91.104561, 25.341677], [91.107414, 25.332159], [91.102654, 25.328352], [91.094086, 25.328352], [91.088379, 25.333111], [91.083618, 25.33787], [91.076004, 25.342628], [91.065536, 25.342628], [91.052208, 25.346436], [91.040787, 25.345484], [91.033173, 25.34358], [91.024605, 25.338821], [91.015091, 25.335014], [91.006523, 25.328352], [91.000816, 25.324545], [90.994148, 25.323593], [90.987488, 25.329304], [90.97892, 25.332159], [90.973213, 25.336918], [90.966545, 25.341677], [90.961792, 25.33787], [90.956078, 25.336918], [90.950371, 25.339773], [90.93895, 25.33787], [90.932281, 25.333111], [90.924667, 25.331207], [90.916107, 25.3274], [90.903732, 25.332159], [90.895164, 25.332159], [90.88945, 25.320738], [90.886597, 25.312172], [90.876129, 25.309317], [90.876518, 25.29237], [90.864311, 25.293579], [90.857437, 25.29327], [90.854347, 25.297281], [90.852669, 25.301298], [90.844513, 25.30699], [90.840042, 25.31242], [90.839897, 25.33614], [90.838219, 25.34057], [90.841858, 25.35136], [90.837387, 25.357773], [90.831032, 25.357521], [90.823509, 25.359371], [90.819267, 25.359013], [90.814453, 25.360411], [90.812523, 25.364599], [90.806152, 25.368021], [90.79818, 25.36813], [90.79052, 25.369671], [90.783417, 25.36511], [90.7649, 25.36776], [90.759117, 25.371191], [90.756599, 25.3762], [90.749367, 25.38044], [90.749153, 25.387211], [90.75087, 25.39175], [90.762802, 25.39773], [90.762047, 25.40497], [90.763443, 25.412731], [90.763649, 25.42066], [90.759613, 25.42556], [90.757446, 25.43173], [90.757736, 25.439671], [90.761772, 25.446091], [90.760399, 25.449303], [90.757416, 25.451208], [90.759277, 25.454889], [90.76545, 25.4559], [90.777153, 25.453011], [90.784492, 25.46434], [90.785187, 25.468191], [90.781593, 25.46929], [90.773872, 25.468521], [90.772003, 25.47196], [90.774513, 25.47558], [90.787071, 25.479219], [90.791878, 25.486061], [90.79248, 25.490541], [90.789322, 25.49625], [90.788979, 25.502029], [90.790237, 25.50769], [90.787666, 25.51096], [90.781113, 25.526861], [90.780487, 25.535721], [90.777382, 25.54063], [90.76844, 25.543701], [90.764397, 25.550751], [90.766411, 25.554173], [90.767212, 25.557581], [90.766426, 25.561899], [90.771866, 25.56815], [90.772881, 25.57398], [90.776482, 25.579182], [90.778877, 25.58548], [90.78405, 25.58275], [90.789597, 25.57225], [90.792831, 25.572561], [90.79422, 25.577631], [90.799736, 25.581673], [90.80159, 25.586281], [90.80835, 25.5839], [90.810188, 25.57847], [90.81237, 25.577028], [90.816597, 25.579121], [90.817413, 25.586008], [90.82988, 25.589991], [90.837753, 25.588131], [90.843323, 25.59099], [90.849121, 25.590652], [90.862343, 25.600519], [90.867241, 25.60116], [90.872108, 25.60368], [90.875183, 25.607759], [90.879753, 25.61091], [90.880043, 25.61948], [90.885048, 25.623739], [90.888512, 25.629332], [90.894157, 25.635811], [90.902138, 25.637621], [90.90818, 25.640831], [90.910927, 25.646601], [90.912193, 25.654291], [90.917648, 25.65715], [90.926872, 25.668793], [90.931183, 25.677023], [90.93869, 25.684361], [90.945557, 25.689011], [90.951561, 25.694839], [90.954666, 25.71081], [90.95993, 25.71611], [90.963013, 25.7213], [90.970016, 25.72621], [90.975731, 25.738083], [90.982407, 25.74449], [90.97905, 25.748779], [90.97538, 25.751398], [90.971321, 25.752991], [90.965843, 25.750669], [90.961586, 25.749949], [90.957466, 25.751471], [90.954041, 25.754681], [90.952232, 25.75502], [90.948181, 25.752663], [90.94342, 25.752991], [90.941277, 25.7565], [90.940613, 25.763821], [90.94381, 25.77037], [90.950699, 25.77244], [90.957199, 25.77824], [90.965698, 25.781471], [90.969986, 25.794081], [90.975906, 25.798088], [90.979759, 25.80249], [90.983681, 25.805231], [90.990356, 25.81156], [90.994171, 25.81739], [90.996941, 25.819271], [90.998466, 25.819761], [91.000786, 25.82225], [91.006111, 25.82078], [91.012703, 25.821091], [91.020813, 25.82262], [91.02494, 25.82756], [91.041969, 25.839401], [91.049103, 25.848808], [91.065903, 25.84642], [91.078537, 25.852619], [91.072998, 25.84248], [91.072876, 25.838331], [91.067513, 25.836309], [91.061798, 25.836081], [91.05722, 25.832043], [91.049881, 25.828899], [91.059021, 25.822269], [91.063263, 25.82037], [91.066536, 25.82576], [91.081352, 25.829342], [91.120781, 25.831341], [91.126343, 25.8382], [91.131683, 25.841949], [91.137909, 25.842131], [91.145393, 25.84734], [91.152863, 25.850073], [91.161652, 25.849319], [91.16819, 25.845631], [91.179016, 25.842751], [91.181763, 25.844122], [91.185471, 25.84997], [91.193039, 25.85523], [91.19648, 25.859011], [91.19812, 25.854832], [91.198662, 25.847639], [91.202629, 25.840542], [91.194519, 25.83061], [91.194313, 25.826401], [91.189873, 25.82078], [91.188156, 25.815571], [91.190956, 25.810699], [91.187248, 25.803289], [91.184746, 25.795031], [91.183968, 25.782591], [91.179932, 25.77632], [91.181183, 25.77335], [91.185913, 25.769939], [91.185699, 25.766878], [91.189178, 25.76347], [91.188713, 25.73893], [91.192337, 25.73609], [91.191986, 25.729582], [91.197998, 25.73098], [91.215866, 25.723909], [91.221443, 25.726049], [91.223877, 25.723419], [91.232498, 25.729158], [91.255371, 25.747829], [91.262283, 25.74929], [91.275627, 25.746941], [91.276466, 25.751671], [91.279587, 25.756662], [91.287292, 25.764111], [91.296898, 25.77825], [91.306328, 25.79637], [91.324989, 25.82379], [91.332428, 25.83209], [91.332176, 25.8337], [91.333557, 25.83884], [91.336426, 25.838409], [91.342491, 25.8361], [91.342117, 25.824982], [91.351959, 25.815639], [91.359818, 25.806902], [91.364388, 25.807011], [91.37188, 25.802879], [91.380592, 25.801292], [91.38913, 25.805111], [91.395172, 25.805523], [91.413536, 25.803101], [91.418571, 25.80349], [91.420303, 25.8015], [91.419403, 25.797171], [91.42305, 25.793581], [91.431282, 25.792393], [91.438118, 25.792803], [91.442009, 25.795601], [91.446136, 25.79287], [91.453423, 25.79357], [91.457863, 25.79546], [91.458931, 25.7889], [91.467636, 25.789381], [91.47522, 25.792049], [91.480446, 25.7971], [91.490669, 25.797083], [91.496986, 25.799261], [91.504128, 25.79829], [91.531853, 25.80216], [91.534546, 25.79936], [91.53791, 25.79933], [91.549599, 25.806511], [91.557533, 25.808771], [91.57991, 25.811029], [91.587517, 25.812481], [91.592079, 25.809523], [91.594849, 25.80603], [91.597237, 25.80588], [91.600578, 25.81045], [91.613083, 25.810091], [91.622612, 25.811029], [91.632271, 25.81053], [91.640823, 25.807081], [91.643013, 25.803419], [91.645279, 25.80471], [91.649551, 25.809181], [91.657089, 25.812231], [91.659996, 25.815001], [91.67247, 25.811722], [91.687561, 25.809761], [91.698647, 25.805351], [91.704987, 25.8134], [91.708046, 25.820559], [91.724632, 25.82765], [91.738693, 25.829601], [91.750351, 25.8279], [91.761566, 25.816643], [91.771049, 25.80946], [91.779991, 25.795471], [91.788658, 25.7915], [91.789253, 25.78299], [91.780159, 25.767092], [91.780006, 25.764038], [91.777603, 25.76333], [91.766212, 25.750471], [91.769188, 25.744032], [91.773247, 25.74522], [91.774422, 25.74057], [91.780853, 25.738661], [91.784958, 25.739658], [91.783989, 25.734423], [91.785721, 25.73259], [91.791946, 25.73385], [91.79837, 25.732161], [91.804466, 25.733749], [91.809196, 25.734081], [91.812363, 25.73007], [91.813217, 25.725639], [91.816162, 25.72164], [91.814262, 25.706251], [91.816383, 25.704008], [91.820953, 25.703239], [91.829056, 25.68948], [91.827248, 25.678421], [91.829628, 25.674631], [91.828186, 25.670061], [91.814461, 25.66556], [91.813606, 25.662901], [91.809227, 25.65947], [91.809792, 25.656481], [91.810898, 25.655415], [91.812347, 25.65402], [91.809189, 25.642893], [91.808441, 25.63615], [91.800003, 25.62849], [91.799202, 25.625031], [91.798798, 25.61974], [91.8013, 25.61462], [91.800903, 25.61031], [91.786049, 25.596043], [91.782051, 25.59037], [91.775078, 25.58946], [91.772186, 25.586163], [91.74057, 25.574409], [91.73423, 25.57585], [91.733292, 25.567329], [91.73053, 25.56403], [91.724373, 25.56496], [91.721573, 25.56126], [91.715866, 25.55949], [91.714203, 25.553951], [91.69973, 25.54682], [91.697113, 25.543341], [91.701256, 25.5341], [91.698929, 25.53207], [91.694702, 25.53083], [91.690109, 25.52659], [91.682022, 25.52387], [91.671181, 25.52265], [91.665573, 25.52697], [91.659599, 25.528591], [91.658592, 25.541601], [91.654739, 25.552509], [91.640579, 25.549398], [91.634819, 25.549471], [91.633873, 25.546181], [91.630119, 25.541891], [91.62368, 25.538679], [91.621643, 25.541241], [91.613953, 25.542513], [91.607658, 25.536991], [91.582596, 25.52117], [91.562889, 25.51663], [91.549629, 25.51502], [91.548103, 25.51103], [91.542572, 25.51162], [91.544441, 25.503462], [91.542068, 25.49906], [91.542633, 25.496351], [91.546806, 25.49439], [91.550026, 25.48958], [91.5504, 25.4776], [91.552147, 25.474789], [91.557137, 25.453299], [91.557632, 25.445551], [91.555107, 25.439121]]]}, "properties": {"name": "West Khasi Hills", "state": "Meghalaya"}}, {"type": "Feature", "geometry": {"type": "Polygon", "coordinates": [[[92.674049, 23.38496], [92.668762, 23.392912], [92.671257, 23.40172], [92.670906, 23.40386], [92.666679, 23.40966], [92.667572, 23.414051], [92.660652, 23.423971], [92.661903, 23.43129], [92.659416, 23.433729], [92.660088, 23.43836], [92.659103, 23.45434], [92.660072, 23.477091], [92.657127, 23.48716], [92.657837, 23.490158], [92.661453, 23.49538], [92.6623, 23.49959], [92.660423, 23.50602], [92.658043, 23.51071], [92.658302, 23.518923], [92.655701, 23.520302], [92.64846, 23.521521], [92.644493, 23.522409], [92.641556, 23.523991], [92.636238, 23.53586], [92.63916, 23.541731], [92.644852, 23.543421], [92.646889, 23.545313], [92.646042, 23.549711], [92.647331, 23.55374], [92.649292, 23.555462], [92.654892, 23.55542], [92.657967, 23.556499], [92.660019, 23.561981], [92.661606, 23.572592], [92.658241, 23.577461], [92.655258, 23.578979], [92.65332, 23.5865], [92.652939, 23.592171], [92.654213, 23.594292], [92.657593, 23.59565], [92.66539, 23.597219], [92.67308, 23.602411], [92.675179, 23.6073], [92.675972, 23.611338], [92.675461, 23.616953], [92.676697, 23.621559], [92.676361, 23.62549], [92.674812, 23.627859], [92.659546, 23.63098], [92.655991, 23.630939], [92.653496, 23.632629], [92.653557, 23.637543], [92.64827, 23.639893], [92.646736, 23.641861], [92.641823, 23.644901], [92.638298, 23.649773], [92.638107, 23.660683], [92.647667, 23.667841], [92.653496, 23.67923], [92.657433, 23.68428], [92.668823, 23.706381], [92.668716, 23.709673], [92.666687, 23.71192], [92.664581, 23.713341], [92.658386, 23.713791], [92.655586, 23.71467], [92.653168, 23.716433], [92.65078, 23.719851], [92.644943, 23.730341], [92.64341, 23.73525], [92.640221, 23.740822], [92.638779, 23.749323], [92.638863, 23.757629], [92.636711, 23.760639], [92.631218, 23.76317], [92.63063, 23.764669], [92.635849, 23.76989], [92.640511, 23.772812], [92.641411, 23.774309], [92.643318, 23.785551], [92.64389, 23.793291], [92.642326, 23.794573], [92.640526, 23.79533], [92.630722, 23.79517], [92.628349, 23.79599], [92.626122, 23.798771], [92.632309, 23.806581], [92.634048, 23.810101], [92.635986, 23.81741], [92.639061, 23.817923], [92.643768, 23.81407], [92.649208, 23.812651], [92.65197, 23.813499], [92.655762, 23.81699], [92.657097, 23.82073], [92.648781, 23.820683], [92.647087, 23.82225], [92.645882, 23.82583], [92.647438, 23.82988], [92.650192, 23.832163], [92.652641, 23.83301], [92.662292, 23.83444], [92.665306, 23.83569], [92.665459, 23.838011], [92.663277, 23.839571], [92.657799, 23.847521], [92.654991, 23.85025], [92.652351, 23.855362], [92.648781, 23.86561], [92.645493, 23.870651], [92.64402, 23.874653], [92.643967, 23.882971], [92.642296, 23.888168], [92.642159, 23.89447], [92.646263, 23.89842], [92.657677, 23.90134], [92.660248, 23.903641], [92.663887, 23.910818], [92.661163, 23.918871], [92.658737, 23.922298], [92.649567, 23.923458], [92.647179, 23.924509], [92.645569, 23.93181], [92.637627, 23.93405], [92.627869, 23.934931], [92.623833, 23.93749], [92.624352, 23.940441], [92.626007, 23.94343], [92.62722, 23.944468], [92.630852, 23.94553], [92.631073, 23.947081], [92.628326, 23.95606], [92.632553, 23.957981], [92.636063, 23.95853], [92.64209, 23.96553], [92.644348, 23.9669], [92.64547, 23.966551], [92.646851, 23.962379], [92.648727, 23.960291], [92.651711, 23.958941], [92.656219, 23.95816], [92.659798, 23.959238], [92.664917, 23.96376], [92.666626, 23.965771], [92.667931, 23.970261], [92.669533, 23.972031], [92.671761, 23.972771], [92.6754, 23.972509], [92.681641, 23.969702], [92.684822, 23.969212], [92.688141, 23.9771], [92.689827, 23.982458], [92.689857, 23.984949], [92.692413, 23.984751], [92.6931, 23.98377], [92.695801, 23.984913], [92.698242, 23.984251], [92.699631, 23.984661], [92.700607, 23.983711], [92.704773, 23.98472], [92.710037, 23.98064], [92.714386, 23.982231], [92.717453, 23.982328], [92.721039, 23.977909], [92.724609, 23.977541], [92.740692, 23.98152], [92.74588, 23.984991], [92.747032, 23.98678], [92.747192, 23.990181], [92.745453, 23.991228], [92.745277, 23.994871], [92.74649, 23.995621], [92.748787, 23.995371], [92.755997, 23.991911], [92.758301, 23.99229], [92.759651, 23.993441], [92.760262, 23.995581], [92.75959, 24.00116], [92.760262, 24.002871], [92.772453, 24.0144], [92.779968, 24.018318], [92.785896, 24.020571], [92.791557, 24.021372], [92.802162, 24.020561], [92.807037, 24.021061], [92.811417, 24.02289], [92.812927, 24.02462], [92.81855, 24.025431], [92.823799, 24.023579], [92.829086, 24.019381], [92.830872, 24.016459], [92.833168, 24.0154], [92.833672, 24.016668], [92.832718, 24.021372], [92.833763, 24.023161], [92.837097, 24.02475], [92.839882, 24.017933], [92.841927, 24.01668], [92.844818, 24.02747], [92.848412, 24.02957], [92.846306, 24.036921], [92.849091, 24.036371], [92.850349, 24.036793], [92.851227, 24.038691], [92.851143, 24.047371], [92.848877, 24.048271], [92.848549, 24.049641], [92.850121, 24.053171], [92.848846, 24.057871], [92.850723, 24.062601], [92.849556, 24.06534], [92.851639, 24.067841], [92.852333, 24.068251], [92.853127, 24.07309], [92.857582, 24.07411], [92.858063, 24.082161], [92.860718, 24.09024], [92.857483, 24.096701], [92.857986, 24.09763], [92.859802, 24.09816], [92.859352, 24.10195], [92.861107, 24.101452], [92.861526, 24.102489], [92.8619, 24.108118], [92.862762, 24.109119], [92.866959, 24.11014], [92.871216, 24.113571], [92.871696, 24.119091], [92.870567, 24.12277], [92.87513, 24.12718], [92.876991, 24.130192], [92.879868, 24.13166], [92.875572, 24.137993], [92.87561, 24.141731], [92.877731, 24.1464], [92.880547, 24.14982], [92.885048, 24.15292], [92.886871, 24.15587], [92.88723, 24.158291], [92.88578, 24.160631], [92.886398, 24.161791], [92.888588, 24.162901], [92.889572, 24.168081], [92.889137, 24.17021], [92.886681, 24.170021], [92.886238, 24.170931], [92.887917, 24.17123], [92.892807, 24.173861], [92.895317, 24.174238], [92.895828, 24.17614], [92.89566, 24.1866], [92.897438, 24.193062], [92.895851, 24.20191], [92.898437, 24.20215], [92.897278, 24.205072], [92.900917, 24.206367], [92.901428, 24.20747], [92.901237, 24.209303], [92.90033, 24.21006], [92.901756, 24.212231], [92.901581, 24.213219], [92.899071, 24.21303], [92.90226, 24.21932], [92.903496, 24.224451], [92.902588, 24.234041], [92.900108, 24.238621], [92.897079, 24.240141], [92.894043, 24.24489], [92.891647, 24.244921], [92.888412, 24.23856], [92.884598, 24.23525], [92.881828, 24.236141], [92.879799, 24.239861], [92.876297, 24.2435], [92.866783, 24.243811], [92.864243, 24.24408], [92.863876, 24.245281], [92.865417, 24.246901], [92.864082, 24.25127], [92.868233, 24.253078], [92.866127, 24.25651], [92.86676, 24.259729], [92.863243, 24.259979], [92.862793, 24.260611], [92.863777, 24.262703], [92.868187, 24.264181], [92.865089, 24.267431], [92.865067, 24.271961], [92.870636, 24.278919], [92.873413, 24.279581], [92.875298, 24.278849], [92.877258, 24.279213], [92.877243, 24.280479], [92.874397, 24.28471], [92.876633, 24.288872], [92.873863, 24.29217], [92.87278, 24.29797], [92.871437, 24.300833], [92.867851, 24.302181], [92.865486, 24.310369], [92.863983, 24.310772], [92.860283, 24.309061], [92.858307, 24.310699], [92.861877, 24.31666], [92.86483, 24.318251], [92.869987, 24.31962], [92.870743, 24.323021], [92.867508, 24.32275], [92.865883, 24.325951], [92.863602, 24.326971], [92.864967, 24.330151], [92.866287, 24.32844], [92.868057, 24.328911], [92.871498, 24.331591], [92.874947, 24.332651], [92.878288, 24.335911], [92.879921, 24.339951], [92.888733, 24.353781], [92.894386, 24.35832], [92.891167, 24.35939], [92.889381, 24.363741], [92.887489, 24.36573], [92.89019, 24.367771], [92.889549, 24.370689], [92.893517, 24.370731], [92.894402, 24.371891], [92.895622, 24.38018], [92.894043, 24.381611], [92.889137, 24.382141], [92.887871, 24.383261], [92.892067, 24.389799], [92.892868, 24.39344], [92.894836, 24.38983], [92.896149, 24.389561], [92.897171, 24.39002], [92.897896, 24.39193], [92.896362, 24.3943], [92.900978, 24.393431], [92.905167, 24.394451], [92.905876, 24.39537], [92.905731, 24.399059], [92.909309, 24.40317], [92.911537, 24.412901], [92.923393, 24.40572], [92.9226, 24.40416], [92.92366, 24.402611], [92.925377, 24.40222], [92.92765, 24.398628], [92.935707, 24.39554], [92.937737, 24.396709], [92.938553, 24.399021], [92.940552, 24.401051], [92.944153, 24.401833], [92.951248, 24.404831], [92.953888, 24.404621], [92.954697, 24.403881], [92.958138, 24.39805], [92.960327, 24.395882], [92.970833, 24.401213], [92.975647, 24.407761], [92.980263, 24.409691], [92.985428, 24.40756], [92.988327, 24.40765], [92.99192, 24.405493], [92.995346, 24.401951], [92.998047, 24.401571], [93.000496, 24.403271], [93.024353, 24.390471], [93.017097, 24.379961], [93.022087, 24.37422], [93.020111, 24.365973], [93.019333, 24.358849], [93.021568, 24.346821], [93.031761, 24.34449], [93.043373, 24.34339], [93.035233, 24.318399], [93.023918, 24.300741], [93.018219, 24.293159], [93.011078, 24.28808], [93.008217, 24.280479], [93.013916, 24.271669], [93.006737, 24.262791], [93.006706, 24.25396], [93.018036, 24.23637], [93.026588, 24.232632], [93.019409, 24.228849], [93.019402, 24.225088], [93.023682, 24.217569], [93.022293, 24.21006], [93.017998, 24.207548], [93.016617, 24.200031], [93.012367, 24.19754], [93.003036, 24.197521], [93.003098, 24.194311], [93.010918, 24.182213], [93.003311, 24.174049], [93.005501, 24.163212], [93.005447, 24.16061], [93.000671, 24.156731], [92.99308, 24.153179], [92.991127, 24.15033], [92.990921, 24.14687], [92.992867, 24.14039], [92.98941, 24.131781], [92.986069, 24.12888], [92.977562, 24.12639], [92.973602, 24.12388], [92.974869, 24.11702], [92.976379, 24.11482], [92.984779, 24.11482], [92.989296, 24.116331], [92.996422, 24.11673], [93.000687, 24.115192], [93.009682, 24.109953], [93.014107, 24.10453], [93.021492, 24.101452], [93.027298, 24.10364], [93.030296, 24.10083], [93.034698, 24.099241], [93.037697, 24.095181], [93.053688, 24.090691], [93.065193, 24.094271], [93.073776, 24.100491], [93.079491, 24.10297], [93.085228, 24.090351], [93.089508, 24.084051], [93.095207, 24.08028], [93.102348, 24.074011], [93.100906, 24.06645], [93.102341, 24.062693], [93.100929, 24.056391], [93.103767, 24.052629], [93.09951, 24.04884], [93.100922, 24.04509], [93.106628, 24.048861], [93.110878, 24.05015], [93.112312, 24.055191], [93.119408, 24.056473], [93.120819, 24.060261], [93.129372, 24.064081], [93.135078, 24.07292], [93.135086, 24.07921], [93.142197, 24.086788], [93.147911, 24.088091], [93.158463, 24.083818], [93.161316, 24.07756], [93.169876, 24.075062], [93.169868, 24.07128], [93.166977, 24.061218], [93.169838, 24.054953], [93.175522, 24.053699], [93.178383, 24.054096], [93.178856, 24.045053], [93.188927, 24.016865], [93.204025, 24.000755], [93.210068, 23.984648], [93.211075, 23.973574], [93.199997, 23.956459], [93.179863, 23.946392], [93.171806, 23.933304], [93.169792, 23.922232], [93.166779, 23.91317], [93.160736, 23.90612], [93.160736, 23.89706], [93.165771, 23.889006], [93.165771, 23.883972], [93.164764, 23.876925], [93.155701, 23.872898], [93.147644, 23.869879], [93.146637, 23.860817], [93.147644, 23.853769], [93.147644, 23.849743], [93.147644, 23.842695], [93.138588, 23.827595], [93.132545, 23.820547], [93.110397, 23.817526], [93.095299, 23.804438], [93.072144, 23.791351], [93.048988, 23.790344], [93.025345, 23.783339], [93.02549, 23.781523], [93.024963, 23.774952], [93.025848, 23.76786], [93.026886, 23.76446], [93.031822, 23.75782], [93.029579, 23.756861], [93.028687, 23.755178], [93.034973, 23.75419], [93.032196, 23.75074], [93.034737, 23.747221], [93.033157, 23.744101], [93.035957, 23.74284], [93.035889, 23.742203], [93.032242, 23.741001], [93.029099, 23.73848], [93.026588, 23.73513], [93.02916, 23.73127], [93.029961, 23.727701], [93.030533, 23.717911], [93.028206, 23.716982], [93.030426, 23.712261], [93.033043, 23.714149], [93.03466, 23.711788], [93.033051, 23.703663], [93.033707, 23.699572], [93.032349, 23.690121], [93.027847, 23.6891], [93.027809, 23.68051], [93.029732, 23.681553], [93.029457, 23.66678], [93.030128, 23.662531], [93.034943, 23.647888], [93.034378, 23.636303], [93.033051, 23.63302], [93.030258, 23.632111], [93.03141, 23.6196], [93.03112, 23.61285], [93.032646, 23.599251], [93.032303, 23.589861], [93.036591, 23.58091], [93.039001, 23.578543], [93.038406, 23.57325], [93.036507, 23.56818], [93.036003, 23.56484], [93.038597, 23.56455], [93.037468, 23.55452], [93.041672, 23.549561], [93.042542, 23.53952], [93.04409, 23.53751], [93.043503, 23.533422], [93.045616, 23.525171], [93.042847, 23.520222], [93.038971, 23.516418], [93.02948, 23.515291], [93.025467, 23.511091], [93.022346, 23.509871], [93.017548, 23.504169], [93.013779, 23.496504], [92.990891, 23.494785], [92.978165, 23.510448], [92.974251, 23.519258], [92.957611, 23.522198], [92.941948, 23.510448], [92.922371, 23.498701], [92.899857, 23.481079], [92.898872, 23.470312], [92.889084, 23.4615], [92.877335, 23.467375], [92.874405, 23.481079], [92.871468, 23.49968], [92.862656, 23.5173], [92.843079, 23.531006], [92.821541, 23.543732], [92.817619, 23.558416], [92.812729, 23.576036], [92.808815, 23.596596], [92.805878, 23.606384], [92.797066, 23.614216], [92.790215, 23.61813], [92.78434, 23.616173], [92.783363, 23.606384], [92.777489, 23.596596], [92.769653, 23.5917], [92.769653, 23.580931], [92.771614, 23.568207], [92.778465, 23.557438], [92.786301, 23.548626], [92.78923, 23.539818], [92.787277, 23.531984], [92.782379, 23.524153], [92.776505, 23.511429], [92.776505, 23.50066], [92.776505, 23.485975], [92.776505, 23.473248], [92.780426, 23.453671], [92.792168, 23.446817], [92.821541, 23.436049], [92.826431, 23.427238], [92.826431, 23.420385], [92.821541, 23.406681], [92.821541, 23.396893], [92.821541, 23.390039], [92.824478, 23.379271], [92.829369, 23.365566], [92.837204, 23.35284], [92.837204, 23.345009], [92.831329, 23.335218], [92.822517, 23.32543], [92.806854, 23.320538], [92.790215, 23.320538], [92.780426, 23.32543], [92.766716, 23.336197], [92.759865, 23.340113], [92.752037, 23.340113], [92.740288, 23.34305], [92.730499, 23.35186], [92.717773, 23.35186], [92.710922, 23.346966], [92.708961, 23.336197], [92.707985, 23.324451], [92.707985, 23.311724], [92.690857, 23.311726], [92.688553, 23.313789], [92.689476, 23.31962], [92.685936, 23.326159], [92.68557, 23.32859], [92.687706, 23.329552], [92.688881, 23.328911], [92.690506, 23.3297], [92.691147, 23.331261], [92.688362, 23.33839], [92.691246, 23.341022], [92.69178, 23.343901], [92.690742, 23.34617], [92.690277, 23.35211], [92.690506, 23.35454], [92.691521, 23.355221], [92.692039, 23.35713], [92.689766, 23.360783], [92.688919, 23.365351], [92.686028, 23.369398], [92.678429, 23.36813], [92.675453, 23.3689], [92.676323, 23.370802], [92.680107, 23.373489], [92.68042, 23.374928], [92.678772, 23.377541], [92.679787, 23.381121], [92.674049, 23.38496]]]}, "properties": {"name": "Aizawl", "state": "Mizoram"}}, {"type": "Feature", "geometry": {"type": "Polygon", "coordinates": [[[93.357811, 23.075394], [93.357407, 23.072781], [93.352966, 23.064831], [93.345169, 23.06476], [93.345039, 23.064484], [93.340637, 23.055191], [93.336761, 23.043621], [93.332642, 23.035671], [93.329597, 23.03161], [93.324089, 23.024931], [93.321243, 23.02186], [93.315506, 23.022118], [93.314987, 23.022141], [93.311768, 23.018711], [93.306168, 23.013651], [93.301956, 23.00832], [93.297722, 23.005798], [93.295906, 23.005465], [93.293327, 23.00499], [93.288162, 23.004629], [93.278587, 23.00564], [93.273918, 23.01026], [93.268066, 23.012341], [93.259056, 23.00873], [93.253197, 23.006481], [93.247742, 23.00956], [93.241203, 23.01408], [93.237801, 23.017618], [93.234093, 23.02186], [93.231667, 23.027111], [93.228157, 23.03282], [93.220177, 23.0452], [93.214058, 23.049351], [93.206169, 23.05687], [93.20118, 23.057781], [93.19445, 23.06031], [93.190933, 23.058229], [93.187111, 23.057152], [93.186935, 23.057184], [93.186935, 23.073076], [93.17704, 23.115562], [93.17704, 23.133022], [93.175873, 23.155134], [93.169472, 23.166197], [93.165398, 23.178417], [93.165398, 23.187729], [93.164238, 23.205187], [93.159576, 23.220322], [93.155502, 23.235451], [93.149101, 23.244181], [93.139793, 23.250002], [93.120003, 23.249418], [93.10778, 23.244181], [93.092072, 23.243015], [93.074028, 23.240107], [93.057152, 23.240107], [93.042419, 23.24684], [93.042809, 23.246901], [93.046539, 23.24851], [93.049347, 23.252371], [93.044853, 23.25526], [93.037407, 23.257408], [93.03743, 23.2603], [93.034592, 23.26284], [93.036476, 23.26623], [93.035446, 23.26918], [93.031723, 23.268902], [93.02758, 23.269831], [93.019722, 23.27342], [93.012703, 23.282591], [93.012573, 23.2876], [93.01078, 23.291283], [93.010132, 23.295773], [93.011841, 23.30043], [93.011192, 23.30372], [93.011711, 23.306892], [93.01519, 23.30942], [93.018631, 23.313499], [93.035759, 23.326271], [93.037903, 23.329441], [93.040558, 23.33952], [93.042999, 23.343201], [93.042587, 23.34672], [93.043907, 23.350521], [93.046333, 23.352951], [93.04657, 23.359388], [93.049652, 23.366261], [93.053467, 23.371201], [93.054672, 23.375181], [93.050041, 23.378469], [93.03891, 23.395781], [93.040596, 23.416533], [93.032066, 23.430948], [93.033333, 23.435732], [93.037529, 23.44109], [93.039856, 23.446793], [93.035217, 23.45015], [93.031342, 23.4554], [93.03019, 23.46059], [93.031746, 23.46969], [93.033188, 23.471649], [93.01696, 23.47702], [93.00676, 23.486151], [93.008766, 23.489889], [93.013077, 23.495083], [93.013779, 23.496504], [93.017548, 23.504169], [93.022346, 23.509871], [93.025467, 23.511091], [93.02948, 23.515291], [93.038971, 23.516418], [93.042847, 23.520222], [93.045616, 23.525171], [93.043503, 23.533422], [93.04409, 23.53751], [93.042542, 23.53952], [93.041672, 23.549561], [93.037468, 23.55452], [93.038597, 23.56455], [93.036003, 23.56484], [93.036507, 23.56818], [93.038406, 23.57325], [93.039001, 23.578543], [93.036591, 23.58091], [93.032303, 23.589861], [93.032646, 23.599251], [93.03112, 23.61285], [93.03141, 23.6196], [93.030258, 23.632111], [93.033051, 23.63302], [93.034378, 23.636303], [93.034943, 23.647888], [93.030128, 23.662531], [93.029457, 23.66678], [93.029732, 23.681553], [93.027809, 23.68051], [93.027847, 23.6891], [93.032349, 23.690121], [93.033707, 23.699572], [93.033051, 23.703663], [93.03466, 23.711788], [93.033043, 23.714149], [93.030426, 23.712261], [93.028206, 23.716982], [93.030533, 23.717911], [93.029961, 23.727701], [93.02916, 23.73127], [93.026588, 23.73513], [93.029099, 23.73848], [93.032242, 23.741001], [93.035889, 23.742203], [93.035957, 23.74284], [93.033157, 23.744101], [93.034737, 23.747221], [93.032196, 23.75074], [93.034973, 23.75419], [93.028687, 23.755178], [93.029579, 23.756861], [93.031822, 23.75782], [93.026886, 23.76446], [93.025848, 23.76786], [93.024963, 23.774952], [93.02549, 23.781523], [93.025345, 23.783339], [93.048988, 23.790344], [93.072144, 23.791351], [93.095299, 23.804438], [93.110397, 23.817526], [93.132545, 23.820547], [93.138588, 23.827595], [93.147644, 23.842695], [93.147644, 23.849743], [93.147644, 23.853769], [93.146637, 23.860817], [93.147644, 23.869879], [93.155701, 23.872898], [93.164764, 23.876925], [93.165771, 23.883972], [93.165771, 23.889006], [93.160736, 23.89706], [93.160736, 23.90612], [93.166779, 23.91317], [93.169792, 23.922232], [93.171806, 23.933304], [93.179863, 23.946392], [93.199997, 23.956459], [93.211075, 23.973574], [93.210068, 23.984648], [93.204025, 24.000755], [93.188927, 24.016865], [93.178856, 24.045053], [93.178383, 24.054096], [93.194008, 24.056271], [93.198257, 24.0525], [93.216736, 24.05006], [93.221001, 24.061371], [93.222427, 24.067673], [93.22525, 24.073961], [93.22242, 24.08149], [93.223839, 24.084011], [93.226677, 24.086531], [93.236633, 24.08404], [93.242332, 24.086571], [93.248016, 24.085339], [93.263718, 24.072821], [93.263733, 24.067789], [93.266609, 24.060261], [93.263741, 24.057741], [93.262329, 24.05773], [93.25238, 24.033831], [93.256706, 24.028811], [93.255287, 24.02379], [93.273949, 24.03392], [93.276779, 24.040211], [93.28537, 24.04652], [93.288193, 24.05155], [93.298248, 24.05159], [93.312546, 24.054131], [93.337372, 24.0534], [93.338287, 24.050192], [93.342216, 24.044592], [93.336006, 24.04261], [93.333237, 24.039801], [93.337646, 24.034208], [93.342163, 24.03067], [93.338104, 24.025356], [93.336922, 24.023809], [93.337502, 24.021231], [93.337791, 24.01992], [93.340317, 24.01243], [93.339348, 24.002918], [93.339272, 24.002211], [93.338959, 23.99589], [93.334427, 23.98695], [93.337448, 23.98279], [93.342369, 23.982328], [93.347397, 23.9807], [93.351608, 23.977982], [93.353157, 23.972021], [93.355873, 23.96126], [93.359886, 23.954653], [93.362419, 23.95076], [93.364937, 23.945971], [93.367813, 23.943439], [93.37104, 23.94054], [93.375732, 23.93782], [93.381248, 23.936192], [93.390976, 23.934], [93.39872, 23.930281], [93.399612, 23.9244], [93.399193, 23.918991], [93.397583, 23.91293], [93.396736, 23.898668], [93.395592, 23.88728], [93.395447, 23.876701], [93.396423, 23.870941], [93.396881, 23.863779], [93.396561, 23.85854], [93.396713, 23.8507], [93.397057, 23.840933], [93.400101, 23.835321], [93.399162, 23.824211], [93.401413, 23.81941], [93.406898, 23.817148], [93.409828, 23.81361], [93.41098, 23.80773], [93.410057, 23.798792], [93.40757, 23.790211], [93.404449, 23.775051], [93.404228, 23.76899], [93.405289, 23.761591], [93.407127, 23.755621], [93.410538, 23.74865], [93.414429, 23.743481], [93.415398, 23.73842], [93.417732, 23.73255], [93.41584, 23.72686], [93.414932, 23.72261], [93.41552, 23.7181], [93.416946, 23.71213], [93.419121, 23.708422], [93.423302, 23.703991], [93.429573, 23.70071], [93.436516, 23.696178], [93.43866, 23.6922], [93.441399, 23.68832], [93.444702, 23.682428], [93.440941, 23.6782], [93.439087, 23.675739], [93.436119, 23.671789], [93.433426, 23.667191], [93.430367, 23.660231], [93.428276, 23.653549], [93.428619, 23.645151], [93.428673, 23.64481], [93.432716, 23.618761], [93.433411, 23.595091], [93.434746, 23.58884], [93.433052, 23.582439], [93.427109, 23.571692], [93.423973, 23.569351], [93.424026, 23.561581], [93.427246, 23.55298], [93.428093, 23.5452], [93.427757, 23.538248], [93.427643, 23.53437], [93.42556, 23.531212], [93.421928, 23.527161], [93.416206, 23.520481], [93.411163, 23.51325], [93.407623, 23.50848], [93.407288, 23.50197], [93.40815, 23.496462], [93.404373, 23.484989], [93.405937, 23.48101], [93.407066, 23.475311], [93.40596, 23.46727], [93.401413, 23.45698], [93.399773, 23.446873], [93.398506, 23.442881], [93.397186, 23.433311], [93.397346, 23.42617], [93.396828, 23.42247], [93.397598, 23.415501], [93.398262, 23.411261], [93.403908, 23.401669], [93.405762, 23.3976], [93.409752, 23.391901], [93.414238, 23.388012], [93.40461, 23.383499], [93.401657, 23.379539], [93.396446, 23.374029], [93.396523, 23.368061], [93.39875, 23.364271], [93.389839, 23.362751], [93.37632, 23.362591], [93.37162, 23.359791], [93.36747, 23.358089], [93.365807, 23.354481], [93.366295, 23.353477], [93.368027, 23.349941], [93.372017, 23.34425], [93.375343, 23.34099], [93.377777, 23.337549], [93.379326, 23.33268], [93.377548, 23.326799], [93.376732, 23.319481], [93.376991, 23.31279], [93.377647, 23.306553], [93.379776, 23.301222], [93.381203, 23.293619], [93.381203, 23.289921], [93.37825, 23.28676], [93.375397, 23.282619], [93.375061, 23.27457], [93.377266, 23.26417], [93.378418, 23.25613], [93.383263, 23.24481], [93.388412, 23.234961], [93.394707, 23.224279], [93.394806, 23.21958], [93.387436, 23.211201], [93.386597, 23.201981], [93.385262, 23.187971], [93.3815, 23.174883], [93.380577, 23.166908], [93.378113, 23.1635], [93.376038, 23.15888], [93.373947, 23.150301], [93.379112, 23.14361], [93.382927, 23.144682], [93.390663, 23.147921], [93.394478, 23.144402], [93.393646, 23.138613], [93.381958, 23.12751], [93.376099, 23.123991], [93.372276, 23.122643], [93.369057, 23.120581], [93.365021, 23.11669], [93.364021, 23.11273], [93.363998, 23.106211], [93.363533, 23.10309], [93.363083, 23.100071], [93.362, 23.095371], [93.357368, 23.09095], [93.352463, 23.084629], [93.351089, 23.080301], [93.3582, 23.077942], [93.357811, 23.075394]]]}, "properties": {"name": "Champhai", "state": "Mizoram"}}, {"type": "Feature", "geometry": {"type": "Polygon", "coordinates": [[[92.628326, 23.95606], [92.621033, 23.959669], [92.621017, 23.963482], [92.626266, 23.980301], [92.632912, 23.987831], [92.631416, 23.992573], [92.631493, 23.99501], [92.632156, 23.997561], [92.633507, 23.99935], [92.633141, 24.002701], [92.625168, 24.007999], [92.62381, 24.010168], [92.626457, 24.014511], [92.626907, 24.019348], [92.628006, 24.02282], [92.630241, 24.026121], [92.630508, 24.028311], [92.632713, 24.031441], [92.63739, 24.03281], [92.638573, 24.033571], [92.639076, 24.03508], [92.634102, 24.03709], [92.630478, 24.04073], [92.628181, 24.041328], [92.626442, 24.040791], [92.625771, 24.039459], [92.625763, 24.036819], [92.627052, 24.03293], [92.623123, 24.03381], [92.621269, 24.035851], [92.61779, 24.04236], [92.616707, 24.048681], [92.615219, 24.0516], [92.612068, 24.05224], [92.602043, 24.052193], [92.59314, 24.062851], [92.588959, 24.06365], [92.587677, 24.064623], [92.586777, 24.065929], [92.586548, 24.075413], [92.58419, 24.07654], [92.574867, 24.076481], [92.574699, 24.0755], [92.577599, 24.070082], [92.577477, 24.068352], [92.573441, 24.06353], [92.573288, 24.060831], [92.574287, 24.051401], [92.571617, 24.048088], [92.568497, 24.04052], [92.566147, 24.0417], [92.561821, 24.041483], [92.560181, 24.04233], [92.564903, 24.05463], [92.559036, 24.055191], [92.559242, 24.05916], [92.558533, 24.06167], [92.555992, 24.06292], [92.554611, 24.06279], [92.551956, 24.059881], [92.551018, 24.057051], [92.549911, 24.046631], [92.550819, 24.042391], [92.542366, 24.036131], [92.539917, 24.035301], [92.539703, 24.039711], [92.537323, 24.049459], [92.537956, 24.05368], [92.539146, 24.055931], [92.539116, 24.060062], [92.537193, 24.0655], [92.540642, 24.07486], [92.541176, 24.07929], [92.541351, 24.08143], [92.538887, 24.09411], [92.540871, 24.097521], [92.541283, 24.1019], [92.538902, 24.11204], [92.543419, 24.12302], [92.544716, 24.124531], [92.544411, 24.125801], [92.538567, 24.126242], [92.5383, 24.127621], [92.539612, 24.130341], [92.539963, 24.133329], [92.5429, 24.136181], [92.545341, 24.14035], [92.545807, 24.14312], [92.544327, 24.1492], [92.541801, 24.152559], [92.540878, 24.155081], [92.529922, 24.163679], [92.52977, 24.166611], [92.532661, 24.167921], [92.536507, 24.173019], [92.536537, 24.178141], [92.53289, 24.180531], [92.533463, 24.180832], [92.531479, 24.18346], [92.537819, 24.19647], [92.5364, 24.1999], [92.53727, 24.201931], [92.541473, 24.206228], [92.542427, 24.210621], [92.542236, 24.214178], [92.545746, 24.2199], [92.547386, 24.224409], [92.547783, 24.23189], [92.546936, 24.23476], [92.547096, 24.2377], [92.548828, 24.243231], [92.550636, 24.245899], [92.558937, 24.24789], [92.56456, 24.25009], [92.581841, 24.245359], [92.588013, 24.244862], [92.5914, 24.245981], [92.593567, 24.248589], [92.595963, 24.24931], [92.605957, 24.249201], [92.607956, 24.25008], [92.611588, 24.253349], [92.613083, 24.255838], [92.615509, 24.26362], [92.615768, 24.270531], [92.616821, 24.275311], [92.619041, 24.281321], [92.6194, 24.286779], [92.619057, 24.28787], [92.617233, 24.289061], [92.616783, 24.291231], [92.618309, 24.299709], [92.618027, 24.304359], [92.619637, 24.30846], [92.619438, 24.311508], [92.6231, 24.32029], [92.623352, 24.33077], [92.624283, 24.332651], [92.626167, 24.334473], [92.630638, 24.33337], [92.635902, 24.335741], [92.637718, 24.33552], [92.638237, 24.334431], [92.636543, 24.334238], [92.636688, 24.332691], [92.639259, 24.331751], [92.639839, 24.329731], [92.640991, 24.328711], [92.645012, 24.327671], [92.645943, 24.329231], [92.645248, 24.33181], [92.64904, 24.328751], [92.64978, 24.329222], [92.649399, 24.33082], [92.65184, 24.330339], [92.652039, 24.332861], [92.652397, 24.335291], [92.656456, 24.339121], [92.657593, 24.341551], [92.657516, 24.34351], [92.65847, 24.34346], [92.660721, 24.34515], [92.662247, 24.343439], [92.663231, 24.3438], [92.664108, 24.346741], [92.665253, 24.345211], [92.667, 24.34561], [92.674782, 24.3498], [92.679642, 24.34778], [92.6838, 24.347481], [92.684021, 24.34989], [92.687996, 24.352011], [92.690666, 24.354801], [92.691673, 24.356421], [92.691772, 24.362169], [92.693916, 24.36363], [92.694206, 24.36496], [92.693253, 24.367821], [92.695007, 24.36957], [92.696877, 24.374001], [92.698273, 24.374962], [92.702408, 24.375233], [92.704109, 24.376221], [92.703438, 24.383801], [92.707451, 24.387011], [92.70742, 24.39241], [92.714218, 24.405321], [92.714127, 24.40778], [92.715088, 24.40877], [92.714203, 24.41037], [92.714119, 24.41296], [92.715118, 24.41452], [92.71814, 24.41622], [92.723763, 24.435949], [92.730537, 24.452751], [92.743607, 24.474628], [92.74884, 24.488541], [92.750778, 24.491491], [92.751328, 24.49437], [92.754501, 24.50112], [92.753647, 24.507042], [92.759186, 24.511761], [92.764511, 24.518831], [92.765198, 24.520849], [92.779137, 24.4865], [92.782227, 24.4748], [92.784378, 24.471203], [92.786247, 24.463739], [92.789879, 24.456079], [92.793907, 24.44404], [92.797783, 24.43471], [92.800316, 24.431971], [92.802849, 24.42728], [92.804253, 24.422991], [92.803818, 24.421722], [92.800049, 24.421461], [92.800797, 24.41905], [92.803703, 24.418791], [92.807159, 24.419863], [92.809486, 24.4193], [92.808876, 24.416891], [92.809441, 24.415232], [92.811401, 24.415373], [92.81115, 24.413643], [92.816452, 24.412251], [92.818329, 24.412729], [92.821129, 24.40678], [92.824791, 24.404181], [92.83033, 24.401751], [92.831367, 24.400501], [92.831673, 24.399342], [92.826599, 24.393553], [92.825043, 24.390491], [92.825417, 24.38843], [92.828262, 24.385578], [92.828163, 24.379311], [92.828987, 24.377769], [92.832703, 24.376369], [92.839622, 24.3808], [92.844276, 24.379869], [92.846909, 24.382299], [92.849091, 24.386131], [92.851646, 24.39237], [92.854477, 24.394001], [92.859062, 24.398411], [92.8629, 24.3995], [92.871788, 24.397051], [92.873863, 24.397251], [92.878197, 24.39889], [92.884247, 24.40304], [92.888008, 24.40163], [92.890778, 24.40229], [92.891731, 24.401791], [92.894386, 24.395309], [92.896362, 24.3943], [92.897896, 24.39193], [92.897171, 24.39002], [92.896149, 24.389561], [92.894836, 24.38983], [92.892868, 24.39344], [92.892067, 24.389799], [92.887871, 24.383261], [92.889137, 24.382141], [92.894043, 24.381611], [92.895622, 24.38018], [92.894402, 24.371891], [92.893517, 24.370731], [92.889549, 24.370689], [92.89019, 24.367771], [92.887489, 24.36573], [92.889381, 24.363741], [92.891167, 24.35939], [92.894386, 24.35832], [92.888733, 24.353781], [92.879921, 24.339951], [92.878288, 24.335911], [92.874947, 24.332651], [92.871498, 24.331591], [92.868057, 24.328911], [92.866287, 24.32844], [92.864967, 24.330151], [92.863602, 24.326971], [92.865883, 24.325951], [92.867508, 24.32275], [92.870743, 24.323021], [92.869987, 24.31962], [92.86483, 24.318251], [92.861877, 24.31666], [92.858307, 24.310699], [92.860283, 24.309061], [92.863983, 24.310772], [92.865486, 24.310369], [92.867851, 24.302181], [92.871437, 24.300833], [92.87278, 24.29797], [92.873863, 24.29217], [92.876633, 24.288872], [92.874397, 24.28471], [92.877243, 24.280479], [92.877258, 24.279213], [92.875298, 24.278849], [92.873413, 24.279581], [92.870636, 24.278919], [92.865067, 24.271961], [92.865089, 24.267431], [92.868187, 24.264181], [92.863777, 24.262703], [92.862793, 24.260611], [92.863243, 24.259979], [92.86676, 24.259729], [92.866127, 24.25651], [92.868233, 24.253078], [92.864082, 24.25127], [92.865417, 24.246901], [92.863876, 24.245281], [92.864243, 24.24408], [92.866783, 24.243811], [92.876297, 24.2435], [92.879799, 24.239861], [92.881828, 24.236141], [92.884598, 24.23525], [92.888412, 24.23856], [92.891647, 24.244921], [92.894043, 24.24489], [92.897079, 24.240141], [92.900108, 24.238621], [92.902588, 24.234041], [92.903496, 24.224451], [92.90226, 24.21932], [92.899071, 24.21303], [92.901581, 24.213219], [92.901756, 24.212231], [92.90033, 24.21006], [92.901237, 24.209303], [92.901428, 24.20747], [92.900917, 24.206367], [92.897278, 24.205072], [92.898437, 24.20215], [92.895851, 24.20191], [92.897438, 24.193062], [92.89566, 24.1866], [92.895828, 24.17614], [92.895317, 24.174238], [92.892807, 24.173861], [92.887917, 24.17123], [92.886238, 24.170931], [92.886681, 24.170021], [92.889137, 24.17021], [92.889572, 24.168081], [92.888588, 24.162901], [92.886398, 24.161791], [92.88578, 24.160631], [92.88723, 24.158291], [92.886871, 24.15587], [92.885048, 24.15292], [92.880547, 24.14982], [92.877731, 24.1464], [92.87561, 24.141731], [92.875572, 24.137993], [92.879868, 24.13166], [92.876991, 24.130192], [92.87513, 24.12718], [92.870567, 24.12277], [92.871696, 24.119091], [92.871216, 24.113571], [92.866959, 24.11014], [92.862762, 24.109119], [92.8619, 24.108118], [92.861526, 24.102489], [92.861107, 24.101452], [92.859352, 24.10195], [92.859802, 24.09816], [92.857986, 24.09763], [92.857483, 24.096701], [92.860718, 24.09024], [92.858063, 24.082161], [92.857582, 24.07411], [92.853127, 24.07309], [92.852333, 24.068251], [92.851639, 24.067841], [92.849556, 24.06534], [92.850723, 24.062601], [92.848846, 24.057871], [92.850121, 24.053171], [92.848549, 24.049641], [92.848877, 24.048271], [92.851143, 24.047371], [92.851227, 24.038691], [92.850349, 24.036793], [92.849091, 24.036371], [92.846306, 24.036921], [92.848412, 24.02957], [92.844818, 24.02747], [92.841927, 24.01668], [92.839882, 24.017933], [92.837097, 24.02475], [92.833763, 24.023161], [92.832718, 24.021372], [92.833672, 24.016668], [92.833168, 24.0154], [92.830872, 24.016459], [92.829086, 24.019381], [92.823799, 24.023579], [92.81855, 24.025431], [92.812927, 24.02462], [92.811417, 24.02289], [92.807037, 24.021061], [92.802162, 24.020561], [92.791557, 24.021372], [92.785896, 24.020571], [92.779968, 24.018318], [92.772453, 24.0144], [92.760262, 24.002871], [92.75959, 24.00116], [92.760262, 23.995581], [92.759651, 23.993441], [92.758301, 23.99229], [92.755997, 23.991911], [92.748787, 23.995371], [92.74649, 23.995621], [92.745277, 23.994871], [92.745453, 23.991228], [92.747192, 23.990181], [92.747032, 23.98678], [92.74588, 23.984991], [92.740692, 23.98152], [92.724609, 23.977541], [92.721039, 23.977909], [92.717453, 23.982328], [92.714386, 23.982231], [92.710037, 23.98064], [92.704773, 23.98472], [92.700607, 23.983711], [92.699631, 23.984661], [92.698242, 23.984251], [92.695801, 23.984913], [92.6931, 23.98377], [92.692413, 23.984751], [92.689857, 23.984949], [92.689827, 23.982458], [92.688141, 23.9771], [92.684822, 23.969212], [92.681641, 23.969702], [92.6754, 23.972509], [92.671761, 23.972771], [92.669533, 23.972031], [92.667931, 23.970261], [92.666626, 23.965771], [92.664917, 23.96376], [92.659798, 23.959238], [92.656219, 23.95816], [92.651711, 23.958941], [92.648727, 23.960291], [92.646851, 23.962379], [92.64547, 23.966551], [92.644348, 23.9669], [92.64209, 23.96553], [92.636063, 23.95853], [92.632553, 23.957981], [92.628326, 23.95606]]]}, "properties": {"name": "Kolasib", "state": "Mizoram"}}, {"type": "Feature", "geometry": {"type": "Polygon", "coordinates": [[[92.649231, 22.61869], [92.647873, 22.61833], [92.64904, 22.61034], [92.646126, 22.60984], [92.641037, 22.611361], [92.637016, 22.608431], [92.638336, 22.606331], [92.647629, 22.598181], [92.644341, 22.59553], [92.638817, 22.599821], [92.634377, 22.600031], [92.635429, 22.58761], [92.633423, 22.57896], [92.63723, 22.57653], [92.63842, 22.57074], [92.634666, 22.569061], [92.629539, 22.558441], [92.627029, 22.544518], [92.627869, 22.53463], [92.630096, 22.52672], [92.630249, 22.521891], [92.628326, 22.51512], [92.630966, 22.504511], [92.635788, 22.500851], [92.639122, 22.500332], [92.64064, 22.493721], [92.63559, 22.48979], [92.632401, 22.489388], [92.632927, 22.47978], [92.637428, 22.467421], [92.639069, 22.46871], [92.640862, 22.468679], [92.643997, 22.46608], [92.650398, 22.4564], [92.641983, 22.4489], [92.643761, 22.44766], [92.646866, 22.44903], [92.648499, 22.447161], [92.645996, 22.44475], [92.64135, 22.44318], [92.638367, 22.44129], [92.640823, 22.436729], [92.648087, 22.43495], [92.650192, 22.430132], [92.652321, 22.42845], [92.653122, 22.424141], [92.658783, 22.42285], [92.656952, 22.417412], [92.653397, 22.415051], [92.649147, 22.410671], [92.644737, 22.412491], [92.644211, 22.4107], [92.645203, 22.402891], [92.643883, 22.393131], [92.651703, 22.39049], [92.654663, 22.390779], [92.656158, 22.389359], [92.653549, 22.38707], [92.654388, 22.37994], [92.653893, 22.375851], [92.651421, 22.37282], [92.654411, 22.37079], [92.644722, 22.35935], [92.642632, 22.355631], [92.641647, 22.35113], [92.641327, 22.34347], [92.646927, 22.33642], [92.64772, 22.32198], [92.651512, 22.320608], [92.651283, 22.318689], [92.653259, 22.316311], [92.655449, 22.308861], [92.659683, 22.30427], [92.65731, 22.30146], [92.660011, 22.298462], [92.660049, 22.295231], [92.651672, 22.294821], [92.649612, 22.292881], [92.648613, 22.28981], [92.646088, 22.28632], [92.645271, 22.28257], [92.64193, 22.27894], [92.640266, 22.268209], [92.640419, 22.26227], [92.646698, 22.24304], [92.647346, 22.236181], [92.645897, 22.22047], [92.64547, 22.20439], [92.647568, 22.201021], [92.650261, 22.190601], [92.647873, 22.185713], [92.649399, 22.178951], [92.649567, 22.17135], [92.647957, 22.16798], [92.64518, 22.16489], [92.646782, 22.152262], [92.64872, 22.1474], [92.649307, 22.141083], [92.648079, 22.138041], [92.648178, 22.13069], [92.644783, 22.128271], [92.643478, 22.12479], [92.644287, 22.119061], [92.646332, 22.115231], [92.645737, 22.106588], [92.647186, 22.099482], [92.649292, 22.09185], [92.652962, 22.086269], [92.651009, 22.083942], [92.647957, 22.08198], [92.653076, 22.075171], [92.656609, 22.068781], [92.660393, 22.059401], [92.661827, 22.05798], [92.662407, 22.052979], [92.665138, 22.044849], [92.671936, 22.038401], [92.678917, 22.036779], [92.680367, 22.03145], [92.683403, 22.02989], [92.685791, 22.029699], [92.688171, 22.03072], [92.688438, 22.028589], [92.687271, 22.023878], [92.684357, 22.01791], [92.680779, 22.014191], [92.676811, 22.014091], [92.671547, 22.014711], [92.663223, 22.015501], [92.659241, 22.014723], [92.6493, 22.003414], [92.644699, 21.99819], [92.641006, 21.99221], [92.637917, 21.98867], [92.630066, 21.984953], [92.628952, 21.984617], [92.618126, 21.98138], [92.61232, 21.980289], [92.611931, 21.98185], [92.611786, 21.981703], [92.60968, 21.976837], [92.609268, 21.979231], [92.60923, 21.98275], [92.608788, 21.983843], [92.608749, 21.986101], [92.608093, 21.98744], [92.608887, 21.99284], [92.611542, 21.99581], [92.611549, 22.00017], [92.610397, 22.00341], [92.610199, 22.003981], [92.60881, 22.006121], [92.608246, 22.00676], [92.607208, 22.007931], [92.606461, 22.00931], [92.605133, 22.010099], [92.604187, 22.015062], [92.604187, 22.02022], [92.604195, 22.0205], [92.604263, 22.02532], [92.604858, 22.03089], [92.603989, 22.031891], [92.603081, 22.03199], [92.601326, 22.034401], [92.59903, 22.03776], [92.599983, 22.040359], [92.600586, 22.043819], [92.601463, 22.04541], [92.602257, 22.04685], [92.604736, 22.049879], [92.605217, 22.05184], [92.60498, 22.057631], [92.604759, 22.057758], [92.603668, 22.05839], [92.60331, 22.058969], [92.602356, 22.05937], [92.601158, 22.060471], [92.600677, 22.061981], [92.599197, 22.06448], [92.599495, 22.066202], [92.59993, 22.068701], [92.600029, 22.069502], [92.599709, 22.07061], [92.597763, 22.07408], [92.597321, 22.074833], [92.59581, 22.077391], [92.595009, 22.07814], [92.593262, 22.082163], [92.591721, 22.086479], [92.591362, 22.087511], [92.590767, 22.08922], [92.588676, 22.094151], [92.587616, 22.096943], [92.586632, 22.09952], [92.584412, 22.105511], [92.584137, 22.106201], [92.582687, 22.108631], [92.580612, 22.111757], [92.580246, 22.11231], [92.578323, 22.114771], [92.575302, 22.118299], [92.573669, 22.121571], [92.571877, 22.124828], [92.571617, 22.125851], [92.571289, 22.126751], [92.570419, 22.129122], [92.571182, 22.13233], [92.575386, 22.133699], [92.580246, 22.133963], [92.585312, 22.134809], [92.587639, 22.13966], [92.591629, 22.13817], [92.596481, 22.13656], [92.59655, 22.136473], [92.597961, 22.134708], [92.601768, 22.12993], [92.604668, 22.126289], [92.604897, 22.125998], [92.609978, 22.121309], [92.61216, 22.133133], [92.613663, 22.142097], [92.614792, 22.146858], [92.614525, 22.147732], [92.613831, 22.149969], [92.613747, 22.150711], [92.614067, 22.15513], [92.613472, 22.160591], [92.613892, 22.172941], [92.61161, 22.176088], [92.609062, 22.17655], [92.607132, 22.177872], [92.606377, 22.178391], [92.604752, 22.18251], [92.604568, 22.186661], [92.603569, 22.1896], [92.60305, 22.19463], [92.602501, 22.20002], [92.601387, 22.20289], [92.601326, 22.20512], [92.600418, 22.209381], [92.600731, 22.21487], [92.599533, 22.222151], [92.598587, 22.227131], [92.597702, 22.23208], [92.598267, 22.238501], [92.597946, 22.248301], [92.597679, 22.257151], [92.597, 22.25918], [92.595039, 22.264961], [92.59285, 22.271313], [92.590416, 22.276791], [92.588928, 22.282431], [92.588493, 22.284573], [92.586166, 22.289381], [92.58564, 22.294863], [92.58567, 22.30368], [92.587433, 22.31748], [92.587532, 22.32098], [92.58699, 22.322451], [92.585396, 22.328291], [92.584541, 22.33103], [92.584099, 22.33243], [92.582397, 22.337433], [92.581093, 22.340931], [92.579491, 22.347071], [92.578087, 22.35269], [92.577919, 22.35338], [92.57785, 22.35429], [92.5774, 22.356581], [92.577072, 22.360241], [92.57634, 22.36314], [92.574738, 22.36706], [92.573196, 22.370911], [92.570313, 22.37709], [92.569336, 22.380953], [92.5681, 22.383501], [92.567352, 22.386122], [92.566902, 22.387699], [92.56562, 22.39187], [92.565987, 22.393579], [92.565422, 22.397066], [92.564453, 22.403049], [92.564667, 22.405701], [92.564148, 22.414131], [92.564072, 22.414871], [92.562126, 22.426109], [92.561996, 22.42684], [92.561836, 22.427589], [92.559456, 22.437901], [92.558998, 22.44257], [92.558311, 22.44833], [92.558159, 22.45138], [92.558121, 22.452162], [92.55761, 22.46269], [92.557487, 22.463503], [92.555939, 22.46913], [92.5532, 22.481112], [92.55146, 22.492161], [92.550552, 22.502501], [92.550491, 22.503691], [92.550232, 22.506231], [92.550034, 22.508215], [92.549934, 22.509809], [92.550468, 22.51096], [92.551239, 22.514811], [92.551758, 22.516161], [92.551682, 22.517351], [92.55265, 22.51895], [92.55278, 22.5205], [92.552139, 22.52099], [92.549721, 22.522461], [92.54921, 22.522425], [92.548721, 22.52239], [92.547737, 22.52438], [92.547096, 22.525721], [92.54763, 22.527941], [92.546883, 22.530741], [92.545647, 22.53289], [92.545143, 22.53598], [92.545036, 22.53698], [92.54493, 22.5382], [92.544128, 22.541901], [92.543427, 22.546749], [92.542976, 22.549841], [92.541618, 22.5541], [92.539909, 22.554527], [92.539261, 22.554689], [92.537956, 22.553881], [92.53714, 22.555429], [92.53746, 22.558121], [92.537552, 22.558887], [92.53685, 22.56074], [92.535606, 22.561411], [92.534973, 22.561939], [92.534126, 22.561853], [92.532722, 22.56171], [92.531448, 22.56234], [92.531906, 22.563829], [92.531975, 22.563965], [92.533142, 22.566111], [92.533806, 22.569839], [92.533508, 22.571011], [92.53373, 22.574989], [92.534492, 22.57538], [92.535057, 22.575199], [92.535751, 22.575689], [92.536858, 22.575171], [92.538681, 22.575451], [92.53968, 22.5765], [92.540337, 22.578318], [92.540497, 22.578751], [92.540199, 22.581362], [92.539963, 22.583912], [92.539886, 22.585421], [92.5401, 22.58844], [92.540016, 22.59234], [92.539871, 22.600191], [92.539803, 22.604111], [92.538162, 22.608341], [92.537247, 22.614059], [92.535957, 22.617748], [92.536301, 22.622381], [92.536232, 22.62693], [92.53537, 22.630051], [92.535294, 22.630379], [92.53405, 22.635691], [92.534019, 22.637991], [92.533966, 22.642839], [92.532631, 22.651091], [92.531746, 22.656141], [92.529137, 22.66354], [92.528397, 22.664883], [92.527802, 22.66596], [92.527382, 22.66913], [92.527039, 22.67507], [92.526978, 22.676161], [92.526314, 22.677744], [92.52388, 22.683521], [92.521568, 22.68782], [92.520401, 22.69533], [92.519188, 22.70092], [92.517616, 22.70772], [92.515053, 22.714439], [92.51342, 22.719311], [92.510529, 22.72493], [92.507179, 22.732368], [92.504341, 22.73554], [92.505898, 22.735769], [92.511398, 22.73661], [92.51207, 22.736681], [92.514183, 22.741051], [92.510223, 22.744963], [92.512512, 22.74913], [92.516609, 22.75174], [92.51918, 22.757261], [92.525543, 22.762199], [92.527786, 22.760853], [92.530113, 22.75946], [92.541656, 22.760969], [92.548203, 22.75815], [92.551933, 22.753481], [92.562157, 22.745993], [92.57193, 22.732441], [92.578857, 22.735609], [92.582329, 22.738951], [92.582527, 22.746262], [92.585503, 22.750641], [92.589737, 22.74868], [92.595657, 22.73122], [92.599983, 22.730721], [92.59922, 22.728691], [92.600533, 22.724277], [92.603607, 22.722141], [92.603859, 22.713961], [92.601891, 22.70587], [92.604126, 22.696701], [92.607582, 22.690821], [92.611847, 22.687599], [92.613556, 22.681238], [92.617073, 22.679449], [92.621323, 22.68257], [92.6241, 22.672371], [92.629852, 22.669008], [92.635063, 22.668739], [92.635811, 22.664551], [92.633621, 22.661629], [92.633972, 22.658531], [92.640266, 22.655821], [92.64447, 22.652201], [92.646713, 22.647963], [92.650902, 22.63727], [92.651367, 22.63129], [92.649368, 22.628139], [92.649231, 22.61869]]]}, "properties": {"name": "Lawangtlai", "state": "Mizoram"}}, {"type": "Feature", "geometry": {"type": "Polygon", "coordinates": [[[93.104027, 22.787111], [93.092667, 22.794128], [93.089157, 22.797379], [93.084297, 22.80007], [93.085663, 22.804152], [93.088722, 22.80694], [93.091362, 22.810621], [93.086273, 22.810251], [93.08094, 22.809311], [93.072029, 22.805189], [93.065498, 22.803049], [93.065559, 22.796881], [93.058052, 22.794701], [93.047607, 22.79645], [93.033737, 22.798632], [93.032707, 22.794441], [93.03096, 22.786329], [93.026642, 22.78706], [93.021423, 22.786991], [93.019783, 22.78256], [93.01535, 22.779251], [93.012283, 22.776051], [93.014267, 22.77063], [93.010811, 22.765409], [93.011131, 22.759411], [93.008156, 22.75631], [93.002136, 22.756701], [92.993156, 22.75643], [92.990211, 22.7586], [92.982338, 22.76016], [92.970467, 22.772221], [92.962532, 22.783079], [92.944069, 22.792339], [92.934807, 22.792879], [92.927887, 22.792131], [92.926529, 22.791191], [92.927582, 22.783161], [92.932037, 22.782591], [92.93309, 22.7787], [92.927132, 22.774], [92.921982, 22.766838], [92.920769, 22.739059], [92.921989, 22.730721], [92.923233, 22.7251], [92.935852, 22.716249], [92.939178, 22.709261], [92.935219, 22.68679], [92.93605, 22.680071], [92.936188, 22.665901], [92.943993, 22.647661], [92.954109, 22.635193], [92.957413, 22.629992], [92.953987, 22.62166], [92.956192, 22.604441], [92.951233, 22.597391], [92.952553, 22.591021], [92.951683, 22.577749], [92.947319, 22.566401], [92.94323, 22.56185], [92.936928, 22.557081], [92.931061, 22.552469], [92.919762, 22.547541], [92.915291, 22.547241], [92.911148, 22.553871], [92.906677, 22.571951], [92.906128, 22.577131], [92.901863, 22.584791], [92.901901, 22.58617], [92.885933, 22.58399], [92.880157, 22.589148], [92.873917, 22.597231], [92.867943, 22.601122], [92.864792, 22.604811], [92.85891, 22.60911], [92.852516, 22.615181], [92.851471, 22.61867], [92.847092, 22.622931], [92.838989, 22.626249], [92.827766, 22.627941], [92.824249, 22.627541], [92.815308, 22.62994], [92.810127, 22.62941], [92.805267, 22.623529], [92.805031, 22.618221], [92.806946, 22.614281], [92.80571, 22.60931], [92.798538, 22.606941], [92.798958, 22.607719], [92.795937, 22.609739], [92.789467, 22.608898], [92.786652, 22.60713], [92.78524, 22.601122], [92.784317, 22.605883], [92.781693, 22.611258], [92.780716, 22.618151], [92.782097, 22.62606], [92.782669, 22.637648], [92.778008, 22.659691], [92.778641, 22.67041], [92.776047, 22.68638], [92.771927, 22.69281], [92.77272, 22.694441], [92.775421, 22.696621], [92.77916, 22.698], [92.780632, 22.700031], [92.784889, 22.713631], [92.783989, 22.719551], [92.780449, 22.72508], [92.77356, 22.72624], [92.770248, 22.728148], [92.771713, 22.74206], [92.771461, 22.745628], [92.768356, 22.75404], [92.761436, 22.761021], [92.762428, 22.780031], [92.75946, 22.790991], [92.75528, 22.79225], [92.752472, 22.7945], [92.754433, 22.80065], [92.75428, 22.80225], [92.752281, 22.80632], [92.750656, 22.82058], [92.751198, 22.822891], [92.749313, 22.828491], [92.745743, 22.834431], [92.741478, 22.83777], [92.731377, 22.84096], [92.730797, 22.846243], [92.72821, 22.854321], [92.730316, 22.858393], [92.740723, 22.86788], [92.742302, 22.871691], [92.737183, 22.88619], [92.73735, 22.890341], [92.734497, 22.898661], [92.73513, 22.90983], [92.732147, 22.919981], [92.730492, 22.936651], [92.726807, 22.94581], [92.72477, 22.953199], [92.725693, 22.96121], [92.725121, 22.96817], [92.727516, 22.983978], [92.72554, 22.99505], [92.726883, 23.00276], [92.726242, 23.006161], [92.725006, 23.00687], [92.725471, 23.009132], [92.723999, 23.011051], [92.723923, 23.01573], [92.724831, 23.01815], [92.723679, 23.02179], [92.72654, 23.027941], [92.730042, 23.030109], [92.73085, 23.03219], [92.730309, 23.0345], [92.733856, 23.03603], [92.735451, 23.03919], [92.73481, 23.04434], [92.730888, 23.052792], [92.730797, 23.05464], [92.731049, 23.056829], [92.734886, 23.059921], [92.735092, 23.0616], [92.733292, 23.063091], [92.732872, 23.06472], [92.735382, 23.067652], [92.732117, 23.07062], [92.731209, 23.072701], [92.73111, 23.076811], [92.729942, 23.07687], [92.729027, 23.07785], [92.731613, 23.082569], [92.731979, 23.089031], [92.727928, 23.0942], [92.725906, 23.095371], [92.724716, 23.102543], [92.721161, 23.10672], [92.719872, 23.109383], [92.720657, 23.113298], [92.719307, 23.11446], [92.717438, 23.119329], [92.712883, 23.125431], [92.712143, 23.128151], [92.712502, 23.131321], [92.710571, 23.136532], [92.712166, 23.141151], [92.71096, 23.14472], [92.709351, 23.146801], [92.707497, 23.16086], [92.704788, 23.163061], [92.701683, 23.17013], [92.702522, 23.18527], [92.705132, 23.19071], [92.70546, 23.19355], [92.707558, 23.197151], [92.710907, 23.194721], [92.717987, 23.193533], [92.723862, 23.194241], [92.725029, 23.19521], [92.725876, 23.197401], [92.726479, 23.208191], [92.728951, 23.21273], [92.727516, 23.21944], [92.728867, 23.22451], [92.727127, 23.230581], [92.727539, 23.23387], [92.72612, 23.241159], [92.72657, 23.243061], [92.737816, 23.24159], [92.739861, 23.2395], [92.742416, 23.234741], [92.746536, 23.236561], [92.750778, 23.23543], [92.755127, 23.235861], [92.756546, 23.23527], [92.758232, 23.234159], [92.760162, 23.229191], [92.768242, 23.23328], [92.770187, 23.23494], [92.774986, 23.235771], [92.781227, 23.230989], [92.784813, 23.229401], [92.792328, 23.233101], [92.804169, 23.22879], [92.818291, 23.228041], [92.82003, 23.228941], [92.821259, 23.231018], [92.820557, 23.23646], [92.821793, 23.242111], [92.823128, 23.243879], [92.825996, 23.243921], [92.827431, 23.245171], [92.830177, 23.24522], [92.837112, 23.2481], [92.840401, 23.247089], [92.841553, 23.243738], [92.843018, 23.241938], [92.848419, 23.240681], [92.85083, 23.239151], [92.8508, 23.23789], [92.850563, 23.23679], [92.851357, 23.23661], [92.850647, 23.23402], [92.851753, 23.231649], [92.851089, 23.22998], [92.853111, 23.226089], [92.856148, 23.22411], [92.856796, 23.22271], [92.859169, 23.22131], [92.862282, 23.217758], [92.863487, 23.21336], [92.86039, 23.198433], [92.860992, 23.1952], [92.864021, 23.189001], [92.86451, 23.18651], [92.868958, 23.179373], [92.868813, 23.17697], [92.869896, 23.175451], [92.874603, 23.177422], [92.876999, 23.174351], [92.880081, 23.17207], [92.886101, 23.171391], [92.889053, 23.17193], [92.899261, 23.180798], [92.903069, 23.179913], [92.910103, 23.18026], [92.914787, 23.182991], [92.919327, 23.184641], [92.923668, 23.192801], [92.926338, 23.191042], [92.927322, 23.18948], [92.929916, 23.188938], [92.934082, 23.188553], [92.937889, 23.18973], [92.940193, 23.189428], [92.93985, 23.1854], [92.938713, 23.18346], [92.938148, 23.178661], [92.939522, 23.17415], [92.94162, 23.172171], [92.95076, 23.172081], [92.952667, 23.16987], [92.95697, 23.169371], [92.958817, 23.1682], [92.961967, 23.160311], [92.959709, 23.15444], [92.962852, 23.150669], [92.961586, 23.144272], [92.962952, 23.142931], [92.961952, 23.137461], [92.96463, 23.137199], [92.965042, 23.13563], [92.963081, 23.133051], [92.962372, 23.118971], [92.964706, 23.117519], [92.969131, 23.11783], [92.969597, 23.114128], [92.986717, 23.10718], [92.989891, 23.102892], [92.99144, 23.103041], [92.993477, 23.10013], [92.995987, 23.10033], [92.997162, 23.09733], [93.001762, 23.095619], [93.008926, 23.090099], [93.023827, 23.08185], [93.02916, 23.08189], [93.035423, 23.083893], [93.041748, 23.083931], [93.045319, 23.0804], [93.046532, 23.077263], [93.044472, 23.073298], [93.043892, 23.05246], [93.048119, 23.048941], [93.06353, 23.047272], [93.082748, 23.03898], [93.085571, 23.03698], [93.084099, 23.03437], [93.085777, 23.031471], [93.098137, 23.02858], [93.121063, 23.01284], [93.130211, 23.006451], [93.129196, 23.000769], [93.133408, 22.996071], [93.13739, 22.994171], [93.14257, 22.993719], [93.144997, 22.987751], [93.147621, 22.9806], [93.148087, 22.975552], [93.146523, 22.970848], [93.142723, 22.96859], [93.142502, 22.96442], [93.14621, 22.961182], [93.148827, 22.95647], [93.151642, 22.94997], [93.152603, 22.941471], [93.153442, 22.93062], [93.157249, 22.926731], [93.16172, 22.924471], [93.166107, 22.92248], [93.16835, 22.91913], [93.166489, 22.91588], [93.163666, 22.914095], [93.162773, 22.91353], [93.158577, 22.91362], [93.152336, 22.91291], [93.145973, 22.912903], [93.138756, 22.913179], [93.135223, 22.907221], [93.138809, 22.900171], [93.138329, 22.893391], [93.137146, 22.889591], [93.135551, 22.882551], [93.133202, 22.87521], [93.130249, 22.869431], [93.123878, 22.865911], [93.121666, 22.862753], [93.12085, 22.854792], [93.121513, 22.843403], [93.120796, 22.837339], [93.116646, 22.832619], [93.115631, 22.831463], [93.111221, 22.828213], [93.112663, 22.822161], [93.11544, 22.821259], [93.11657, 22.82089], [93.116188, 22.81628], [93.114357, 22.815371], [93.109253, 22.81284], [93.104263, 22.811762], [93.099266, 22.81041], [93.102837, 22.792143], [93.103653, 22.7887], [93.104027, 22.787111]]]}, "properties": {"name": "Lunglei", "state": "Mizoram"}}, {"type": "Feature", "geometry": {"type": "Polygon", "coordinates": [[[92.399292, 23.267288], [92.396164, 23.267202], [92.396103, 23.267351], [92.396881, 23.26836], [92.39698, 23.26848], [92.397217, 23.268808], [92.397873, 23.26833], [92.399292, 23.267288]]]}, "properties": {"name": "Mamit", "state": "Mizoram"}}, {"type": "Feature", "geometry": {"type": "Polygon", "coordinates": [[[93.000664, 22.036299], [93.001587, 22.032122], [93.006714, 22.023012], [93.008453, 22.01992], [93.010376, 22.01115], [93.009583, 22.002651], [93.010147, 21.995781], [93.009857, 21.99172], [93.009247, 21.983931], [93.00663, 21.97986], [92.998978, 21.977949], [92.992386, 21.980841], [92.988029, 21.98292], [92.987396, 21.984961], [92.985809, 21.990063], [92.98175, 22.0019], [92.97953, 22.006411], [92.973137, 22.009953], [92.969452, 22.014111], [92.966927, 22.02026], [92.966568, 22.027121], [92.960938, 22.03019], [92.955803, 22.029921], [92.95282, 22.027386], [92.951118, 22.02594], [92.948433, 22.022861], [92.942108, 22.018341], [92.940239, 22.018766], [92.934639, 22.020041], [92.93161, 22.017509], [92.93396, 22.014751], [92.935692, 22.01272], [92.939087, 22.008558], [92.932167, 22.001862], [92.927711, 21.99589], [92.924797, 21.98711], [92.922256, 21.980803], [92.919449, 21.973822], [92.915756, 21.96505], [92.914467, 21.956631], [92.916107, 21.949409], [92.910889, 21.94623], [92.907974, 21.950455], [92.905838, 21.95355], [92.904716, 21.980761], [92.901337, 21.990351], [92.896408, 22.003901], [92.894257, 22.011963], [92.889427, 22.018183], [92.885742, 22.021521], [92.879539, 22.02594], [92.87468, 22.0301], [92.872467, 22.03651], [92.871307, 22.04665], [92.870148, 22.054241], [92.870163, 22.060751], [92.867737, 22.065363], [92.863281, 22.067621], [92.856987, 22.065632], [92.854576, 22.072693], [92.85244, 22.075769], [92.8508, 22.082941], [92.851311, 22.090311], [92.849983, 22.09771], [92.850098, 22.107208], [92.847672, 22.11685], [92.84803, 22.125881], [92.850601, 22.136438], [92.848763, 22.144011], [92.848633, 22.150171], [92.846603, 22.162279], [92.845108, 22.184021], [92.843399, 22.191061], [92.84388, 22.196951], [92.843079, 22.208561], [92.843887, 22.2183], [92.842407, 22.234501], [92.841316, 22.242361], [92.838226, 22.250959], [92.837029, 22.25738], [92.839439, 22.26622], [92.838676, 22.27173], [92.836571, 22.276833], [92.839783, 22.28154], [92.842476, 22.2894], [92.839371, 22.29627], [92.832512, 22.302391], [92.829956, 22.311211], [92.831306, 22.31595], [92.83075, 22.32151], [92.826958, 22.327391], [92.828163, 22.332359], [92.832031, 22.335131], [92.84359, 22.333509], [92.848297, 22.332031], [92.857506, 22.322268], [92.867943, 22.32593], [92.870888, 22.329651], [92.877419, 22.3458], [92.885513, 22.359051], [92.888176, 22.361448], [92.902222, 22.369122], [92.914131, 22.381161], [92.921059, 22.385983], [92.925117, 22.390869], [92.934433, 22.397112], [92.938431, 22.39739], [92.945847, 22.391218], [92.941162, 22.386612], [92.943077, 22.381618], [92.945549, 22.378151], [92.959412, 22.374901], [92.965088, 22.37998], [92.9692, 22.395411], [92.966911, 22.39963], [92.96241, 22.399391], [92.955261, 22.40316], [92.95388, 22.40963], [92.950523, 22.4161], [92.947517, 22.43292], [92.945236, 22.440891], [92.944298, 22.46044], [92.94857, 22.464531], [92.948448, 22.469358], [92.942337, 22.477221], [92.938721, 22.484301], [92.938393, 22.50069], [92.943459, 22.532391], [92.942207, 22.54232], [92.939781, 22.547531], [92.935677, 22.552931], [92.936928, 22.557081], [92.94323, 22.56185], [92.947319, 22.566401], [92.951683, 22.577749], [92.952553, 22.591021], [92.951233, 22.597391], [92.956192, 22.604441], [92.953987, 22.62166], [92.957413, 22.629992], [92.954109, 22.635193], [92.943993, 22.647661], [92.936188, 22.665901], [92.93605, 22.680071], [92.935219, 22.68679], [92.939178, 22.709261], [92.935852, 22.716249], [92.923233, 22.7251], [92.921989, 22.730721], [92.920769, 22.739059], [92.921982, 22.766838], [92.927132, 22.774], [92.93309, 22.7787], [92.932037, 22.782591], [92.927582, 22.783161], [92.926529, 22.791191], [92.927887, 22.792131], [92.934807, 22.792879], [92.944069, 22.792339], [92.962532, 22.783079], [92.970467, 22.772221], [92.982338, 22.76016], [92.990211, 22.7586], [92.993156, 22.75643], [93.002136, 22.756701], [93.008156, 22.75631], [93.011131, 22.759411], [93.010811, 22.765409], [93.014267, 22.77063], [93.012283, 22.776051], [93.01535, 22.779251], [93.019783, 22.78256], [93.021423, 22.786991], [93.026642, 22.78706], [93.03096, 22.786329], [93.032707, 22.794441], [93.033737, 22.798632], [93.047607, 22.79645], [93.058052, 22.794701], [93.065559, 22.796881], [93.065498, 22.803049], [93.072029, 22.805189], [93.08094, 22.809311], [93.086273, 22.810251], [93.091362, 22.810621], [93.088722, 22.80694], [93.085663, 22.804152], [93.084297, 22.80007], [93.089157, 22.797379], [93.092667, 22.794128], [93.104027, 22.787111], [93.107971, 22.770269], [93.111343, 22.753], [93.112686, 22.74424], [93.109161, 22.73782], [93.104561, 22.73167], [93.101921, 22.727421], [93.100838, 22.719551], [93.09906, 22.71431], [93.095451, 22.711071], [93.091751, 22.709341], [93.097946, 22.7013], [93.104172, 22.69615], [93.106888, 22.686291], [93.106689, 22.68177], [93.103157, 22.678699], [93.103546, 22.674089], [93.10482, 22.6702], [93.10743, 22.664141], [93.110626, 22.659081], [93.114517, 22.654921], [93.1185, 22.651482], [93.114777, 22.639191], [93.116898, 22.63512], [93.124283, 22.630051], [93.129547, 22.629242], [93.136353, 22.62291], [93.139069, 22.61821], [93.142929, 22.60763], [93.144371, 22.59886], [93.145607, 22.586123], [93.136642, 22.581837], [93.135956, 22.581511], [93.133713, 22.577339], [93.13353, 22.577223], [93.129219, 22.574463], [93.12442, 22.567051], [93.121597, 22.560001], [93.117783, 22.55891], [93.115532, 22.554749], [93.115623, 22.553883], [93.116493, 22.545801], [93.115997, 22.54047], [93.114418, 22.53686], [93.111923, 22.532232], [93.111687, 22.53179], [93.112068, 22.531647], [93.11985, 22.528709], [93.125786, 22.52854], [93.130852, 22.5261], [93.133659, 22.519939], [93.130623, 22.513981], [93.12886, 22.509821], [93.130592, 22.50593], [93.132721, 22.501772], [93.135262, 22.49897], [93.137779, 22.49509], [93.138329, 22.486589], [93.136269, 22.47962], [93.134521, 22.47485], [93.135147, 22.473906], [93.138191, 22.46932], [93.142067, 22.463261], [93.145752, 22.458469], [93.149727, 22.455931], [93.156723, 22.452141], [93.162773, 22.45376], [93.175423, 22.451321], [93.178116, 22.446621], [93.18219, 22.438751], [93.187897, 22.43367], [93.190811, 22.427259], [93.189041, 22.423281], [93.188263, 22.41894], [93.188927, 22.413511], [93.19426, 22.408901], [93.195511, 22.403301], [93.193253, 22.399139], [93.19149, 22.39588], [93.192268, 22.390833], [93.196411, 22.384123], [93.19738, 22.379972], [93.192589, 22.370838], [93.194511, 22.36343], [93.197128, 22.358631], [93.199982, 22.343618], [93.199486, 22.337198], [93.202667, 22.33367], [93.206566, 22.329531], [93.202873, 22.327263], [93.196342, 22.32464], [93.198433, 22.32011], [93.199516, 22.317768], [93.200577, 22.31315], [93.20134, 22.306101], [93.201698, 22.29986], [93.201088, 22.29199], [93.201553, 22.28648], [93.201927, 22.28087], [93.203957, 22.275723], [93.207329, 22.26967], [93.209259, 22.26622], [93.20858, 22.261068], [93.196411, 22.25565], [93.190369, 22.249693], [93.183662, 22.24914], [93.170937, 22.249701], [93.165977, 22.24888], [93.160339, 22.24708], [93.157188, 22.247433], [93.154633, 22.247719], [93.151497, 22.24807], [93.14711, 22.24654], [93.146431, 22.241112], [93.151947, 22.23469], [93.156509, 22.22872], [93.157646, 22.22312], [93.156273, 22.217421], [93.158569, 22.211203], [93.159073, 22.209841], [93.165947, 22.205221], [93.169823, 22.20006], [93.166771, 22.194342], [93.166397, 22.19364], [93.165375, 22.190285], [93.162956, 22.182341], [93.154411, 22.17819], [93.148392, 22.17683], [93.142868, 22.176781], [93.138687, 22.176741], [93.130707, 22.17909], [93.127518, 22.18235], [93.12278, 22.189041], [93.119881, 22.19853], [93.11718, 22.20133], [93.112389, 22.200804], [93.111542, 22.20071], [93.102219, 22.198801], [93.097267, 22.199341], [93.088821, 22.2026], [93.087692, 22.203575], [93.085899, 22.20513], [93.081543, 22.208391], [93.076988, 22.21011], [93.072472, 22.208527], [93.071541, 22.2082], [93.06765, 22.20639], [93.059776, 22.203953], [93.053856, 22.20323], [93.049133, 22.199545], [93.048309, 22.1989], [93.046661, 22.19762], [93.046089, 22.196589], [93.045654, 22.195797], [93.04451, 22.193729], [93.046539, 22.19002], [93.053703, 22.175819], [93.054939, 22.16543], [93.05201, 22.15666], [93.050827, 22.150141], [93.048019, 22.145811], [93.046989, 22.139059], [93.046928, 22.13867], [93.054092, 22.131701], [93.059219, 22.127541], [93.062607, 22.120861], [93.066483, 22.11327], [93.065567, 22.102053], [93.059761, 22.099791], [93.052086, 22.099241], [93.046272, 22.10132], [93.039177, 22.104931], [93.036491, 22.104931], [93.032196, 22.104931], [93.02298, 22.10565], [93.015976, 22.105471], [93.013268, 22.102211], [93.013252, 22.098051], [93.015587, 22.093081], [93.014496, 22.085211], [93.011757, 22.07933], [93.008072, 22.06992], [93.003777, 22.06115], [93.000763, 22.055641], [92.999969, 22.050381], [92.999947, 22.039541], [93.000664, 22.036299]]]}, "properties": {"name": "Saiha", "state": "Mizoram"}}, {"type": "Feature", "geometry": {"type": "Polygon", "coordinates": [[[93.130211, 23.006451], [93.121063, 23.01284], [93.098137, 23.02858], [93.085777, 23.031471], [93.084099, 23.03437], [93.085571, 23.03698], [93.082748, 23.03898], [93.06353, 23.047272], [93.048119, 23.048941], [93.043892, 23.05246], [93.044472, 23.073298], [93.046532, 23.077263], [93.045319, 23.0804], [93.041748, 23.083931], [93.035423, 23.083893], [93.02916, 23.08189], [93.023827, 23.08185], [93.008926, 23.090099], [93.001762, 23.095619], [92.997162, 23.09733], [92.995987, 23.10033], [92.993477, 23.10013], [92.99144, 23.103041], [92.989891, 23.102892], [92.986717, 23.10718], [92.969597, 23.114128], [92.969131, 23.11783], [92.964706, 23.117519], [92.962372, 23.118971], [92.963081, 23.133051], [92.965042, 23.13563], [92.96463, 23.137199], [92.961952, 23.137461], [92.962952, 23.142931], [92.961586, 23.144272], [92.962852, 23.150669], [92.959709, 23.15444], [92.961967, 23.160311], [92.958817, 23.1682], [92.95697, 23.169371], [92.952667, 23.16987], [92.95076, 23.172081], [92.94162, 23.172171], [92.939522, 23.17415], [92.938148, 23.178661], [92.938713, 23.18346], [92.93985, 23.1854], [92.940193, 23.189428], [92.937889, 23.18973], [92.934082, 23.188553], [92.929916, 23.188938], [92.927322, 23.18948], [92.926338, 23.191042], [92.923668, 23.192801], [92.919327, 23.184641], [92.914787, 23.182991], [92.910103, 23.18026], [92.903069, 23.179913], [92.899261, 23.180798], [92.889053, 23.17193], [92.886101, 23.171391], [92.880081, 23.17207], [92.876999, 23.174351], [92.874603, 23.177422], [92.869896, 23.175451], [92.868813, 23.17697], [92.868958, 23.179373], [92.86451, 23.18651], [92.864021, 23.189001], [92.860992, 23.1952], [92.86039, 23.198433], [92.863487, 23.21336], [92.862282, 23.217758], [92.859169, 23.22131], [92.856796, 23.22271], [92.856148, 23.22411], [92.853111, 23.226089], [92.851089, 23.22998], [92.851753, 23.231649], [92.850647, 23.23402], [92.851357, 23.23661], [92.850563, 23.23679], [92.8508, 23.23789], [92.85083, 23.239151], [92.848419, 23.240681], [92.843018, 23.241938], [92.841553, 23.243738], [92.840401, 23.247089], [92.837112, 23.2481], [92.830177, 23.24522], [92.827431, 23.245171], [92.825996, 23.243921], [92.823128, 23.243879], [92.821793, 23.242111], [92.820557, 23.23646], [92.821259, 23.231018], [92.82003, 23.228941], [92.818291, 23.228041], [92.804169, 23.22879], [92.792328, 23.233101], [92.784813, 23.229401], [92.781227, 23.230989], [92.774986, 23.235771], [92.770187, 23.23494], [92.768242, 23.23328], [92.760162, 23.229191], [92.758232, 23.234159], [92.756546, 23.23527], [92.755127, 23.235861], [92.750778, 23.23543], [92.746536, 23.236561], [92.742416, 23.234741], [92.739861, 23.2395], [92.737816, 23.24159], [92.72657, 23.243061], [92.72612, 23.241159], [92.727539, 23.23387], [92.727127, 23.230581], [92.728867, 23.22451], [92.727516, 23.21944], [92.728951, 23.21273], [92.726479, 23.208191], [92.725876, 23.197401], [92.725029, 23.19521], [92.723862, 23.194241], [92.717987, 23.193533], [92.710907, 23.194721], [92.707558, 23.197151], [92.708206, 23.199631], [92.704857, 23.20005], [92.708656, 23.206551], [92.709076, 23.209949], [92.698387, 23.21876], [92.69622, 23.2243], [92.694359, 23.23921], [92.694893, 23.241928], [92.692963, 23.24494], [92.692757, 23.246849], [92.693909, 23.25042], [92.694839, 23.26288], [92.692993, 23.271551], [92.69072, 23.2759], [92.692207, 23.28161], [92.688873, 23.281811], [92.688057, 23.282558], [92.690033, 23.28722], [92.688591, 23.29295], [92.689056, 23.29635], [92.691032, 23.299391], [92.690338, 23.306101], [92.692276, 23.306553], [92.693298, 23.30954], [92.690857, 23.311726], [92.707985, 23.311724], [92.707985, 23.324451], [92.708961, 23.336197], [92.710922, 23.346966], [92.717773, 23.35186], [92.730499, 23.35186], [92.740288, 23.34305], [92.752037, 23.340113], [92.759865, 23.340113], [92.766716, 23.336197], [92.780426, 23.32543], [92.790215, 23.320538], [92.806854, 23.320538], [92.822517, 23.32543], [92.831329, 23.335218], [92.837204, 23.345009], [92.837204, 23.35284], [92.829369, 23.365566], [92.824478, 23.379271], [92.821541, 23.390039], [92.821541, 23.396893], [92.821541, 23.406681], [92.826431, 23.420385], [92.826431, 23.427238], [92.821541, 23.436049], [92.792168, 23.446817], [92.780426, 23.453671], [92.776505, 23.473248], [92.776505, 23.485975], [92.776505, 23.50066], [92.776505, 23.511429], [92.782379, 23.524153], [92.787277, 23.531984], [92.78923, 23.539818], [92.786301, 23.548626], [92.778465, 23.557438], [92.771614, 23.568207], [92.769653, 23.580931], [92.769653, 23.5917], [92.777489, 23.596596], [92.783363, 23.606384], [92.78434, 23.616173], [92.790215, 23.61813], [92.797066, 23.614216], [92.805878, 23.606384], [92.808815, 23.596596], [92.812729, 23.576036], [92.817619, 23.558416], [92.821541, 23.543732], [92.843079, 23.531006], [92.862656, 23.5173], [92.871468, 23.49968], [92.874405, 23.481079], [92.877335, 23.467375], [92.889084, 23.4615], [92.898872, 23.470312], [92.899857, 23.481079], [92.922371, 23.498701], [92.941948, 23.510448], [92.957611, 23.522198], [92.974251, 23.519258], [92.978165, 23.510448], [92.990891, 23.494785], [93.013779, 23.496504], [93.013077, 23.495083], [93.008766, 23.489889], [93.00676, 23.486151], [93.01696, 23.47702], [93.033188, 23.471649], [93.031746, 23.46969], [93.03019, 23.46059], [93.031342, 23.4554], [93.035217, 23.45015], [93.039856, 23.446793], [93.037529, 23.44109], [93.033333, 23.435732], [93.032066, 23.430948], [93.040596, 23.416533], [93.03891, 23.395781], [93.050041, 23.378469], [93.054672, 23.375181], [93.053467, 23.371201], [93.049652, 23.366261], [93.04657, 23.359388], [93.046333, 23.352951], [93.043907, 23.350521], [93.042587, 23.34672], [93.042999, 23.343201], [93.040558, 23.33952], [93.037903, 23.329441], [93.035759, 23.326271], [93.018631, 23.313499], [93.01519, 23.30942], [93.011711, 23.306892], [93.011192, 23.30372], [93.011841, 23.30043], [93.010132, 23.295773], [93.01078, 23.291283], [93.012573, 23.2876], [93.012703, 23.282591], [93.019722, 23.27342], [93.02758, 23.269831], [93.031723, 23.268902], [93.035446, 23.26918], [93.036476, 23.26623], [93.034592, 23.26284], [93.03743, 23.2603], [93.037407, 23.257408], [93.044853, 23.25526], [93.049347, 23.252371], [93.046539, 23.24851], [93.042809, 23.246901], [93.042419, 23.24684], [93.057152, 23.240107], [93.074028, 23.240107], [93.092072, 23.243015], [93.10778, 23.244181], [93.120003, 23.249418], [93.139793, 23.250002], [93.149101, 23.244181], [93.155502, 23.235451], [93.159576, 23.220322], [93.164238, 23.205187], [93.165398, 23.187729], [93.165398, 23.178417], [93.169472, 23.166197], [93.175873, 23.155134], [93.17704, 23.133022], [93.17704, 23.115562], [93.186935, 23.073076], [93.186935, 23.057184], [93.183022, 23.057968], [93.176826, 23.053078], [93.176727, 23.052999], [93.172119, 23.050831], [93.167831, 23.049021], [93.16198, 23.05192], [93.15564, 23.058071], [93.147339, 23.061691], [93.141853, 23.06061], [93.140289, 23.056452], [93.138481, 23.054821], [93.137619, 23.054043], [93.136871, 23.05337], [93.132942, 23.047501], [93.133354, 23.04637], [93.135071, 23.04163], [93.135826, 23.03521], [93.134361, 23.031231], [93.13163, 23.0259], [93.13414, 23.01984], [93.135788, 23.01288], [93.130211, 23.006451]]]}, "properties": {"name": "Serchhip", "state": "Mizoram"}}, {"type": "Feature", "geometry": {"type": "Polygon", "coordinates": [[[93.960754, 25.905855], [93.977196, 25.891851], [93.986092, 25.88376], [93.980431, 25.874052], [93.967484, 25.864344], [93.971527, 25.858679], [93.978004, 25.856253], [93.985283, 25.856253], [93.994186, 25.856253], [93.999039, 25.85059], [94.012794, 25.841688], [94.012794, 25.835217], [94.011177, 25.827126], [94.006317, 25.816607], [94.006317, 25.810135], [94.006317, 25.800425], [94.001465, 25.790718], [93.995804, 25.784245], [93.982857, 25.77211], [93.971527, 25.757545], [93.96344, 25.747028], [93.957779, 25.734892], [93.927841, 25.713856], [93.902756, 25.684731], [93.88739, 25.668549], [93.883438, 25.665314], [93.869591, 25.653986], [93.867973, 25.645086], [93.862305, 25.644276], [93.84774, 25.64994], [93.831558, 25.655602], [93.809715, 25.655602], [93.790298, 25.652367], [93.778969, 25.651558], [93.768456, 25.651558], [93.760361, 25.653986], [93.749039, 25.659649], [93.741753, 25.666931], [93.733665, 25.677448], [93.732857, 25.688774], [93.736092, 25.695248], [93.735283, 25.707384], [93.732048, 25.71143], [93.723145, 25.705767], [93.706963, 25.70253], [93.682693, 25.696056], [93.671364, 25.696056], [93.659233, 25.688774], [93.649521, 25.67502], [93.644669, 25.662886], [93.634148, 25.65884], [93.624443, 25.65884], [93.613113, 25.664501], [93.601784, 25.670166], [93.59127, 25.677448], [93.579132, 25.679876], [93.566185, 25.679876], [93.554054, 25.679876], [93.537872, 25.684731], [93.531494, 25.694006], [93.537979, 25.703199], [93.543556, 25.7017], [93.544418, 25.7059], [93.545929, 25.71019], [93.548813, 25.714701], [93.549782, 25.718971], [93.546196, 25.721519], [93.544838, 25.726971], [93.5467, 25.73447], [93.549881, 25.732441], [93.556923, 25.73774], [93.556267, 25.741928], [93.561943, 25.74095], [93.565483, 25.741341], [93.570061, 25.75174], [93.569252, 25.755011], [93.573418, 25.756611], [93.573822, 25.759661], [93.57325, 25.760799], [93.583771, 25.75775], [93.587189, 25.759451], [93.58712, 25.765551], [93.588226, 25.76815], [93.592667, 25.766241], [93.593712, 25.76429], [93.598343, 25.76836], [93.602753, 25.770821], [93.605568, 25.76746], [93.605713, 25.772631], [93.60807, 25.776871], [93.611412, 25.776491], [93.62233, 25.779831], [93.623558, 25.78392], [93.621132, 25.785231], [93.623817, 25.790428], [93.626953, 25.791601], [93.627533, 25.79863], [93.629799, 25.79998], [93.628998, 25.804399], [93.633347, 25.805241], [93.634056, 25.809971], [93.636116, 25.813681], [93.640297, 25.813431], [93.640999, 25.817921], [93.644356, 25.819571], [93.648491, 25.823971], [93.652359, 25.822821], [93.656738, 25.826351], [93.660828, 25.824381], [93.66861, 25.824631], [93.66951, 25.828793], [93.672562, 25.828121], [93.678062, 25.828871], [93.682877, 25.835751], [93.682503, 25.8407], [93.692017, 25.84413], [93.690536, 25.847569], [93.693771, 25.84725], [93.697853, 25.851313], [93.70359, 25.8535], [93.703636, 25.849701], [93.702377, 25.846991], [93.705482, 25.848631], [93.706436, 25.853291], [93.690903, 25.889271], [93.685829, 25.90494], [93.687683, 25.909441], [93.697678, 25.917068], [93.705063, 25.92128], [93.712509, 25.92267], [93.716507, 25.921721], [93.728943, 25.928398], [93.73645, 25.930538], [93.750092, 25.937281], [93.751846, 25.936371], [93.752022, 25.939602], [93.749413, 25.942051], [93.75885, 25.94869], [93.762787, 25.954929], [93.768417, 25.95505], [93.770256, 25.953501], [93.769547, 25.957991], [93.773018, 25.966021], [93.778816, 25.963251], [93.780281, 25.960609], [93.785187, 25.9583], [93.786606, 25.954231], [93.789421, 25.952581], [93.789192, 25.949011], [93.786598, 25.947441], [93.789406, 25.94602], [93.79068, 25.944191], [93.79142, 25.94005], [93.793266, 25.936741], [93.78862, 25.932961], [93.793213, 25.930981], [93.79361, 25.926041], [93.792267, 25.92252], [93.796303, 25.918192], [93.798332, 25.909693], [93.798111, 25.906288], [93.795731, 25.901211], [93.795143, 25.898041], [93.791847, 25.894913], [93.791458, 25.890059], [93.787453, 25.878929], [93.788277, 25.875721], [93.790642, 25.873781], [93.791817, 25.869692], [93.785782, 25.866899], [93.785286, 25.86326], [93.781471, 25.85927], [93.783592, 25.85393], [93.782967, 25.8514], [93.783806, 25.84996], [93.779823, 25.84631], [93.78109, 25.844641], [93.782593, 25.838221], [93.784523, 25.835781], [93.787346, 25.827963], [93.788757, 25.826019], [93.790703, 25.820801], [93.791321, 25.816031], [93.795761, 25.81435], [93.807587, 25.816338], [93.811577, 25.82127], [93.81884, 25.826229], [93.821373, 25.832401], [93.824303, 25.847092], [93.832741, 25.856251], [93.842339, 25.86261], [93.851707, 25.86297], [93.868729, 25.85541], [93.873627, 25.85092], [93.882736, 25.845909], [93.88855, 25.852461], [93.891617, 25.858641], [93.89341, 25.864811], [93.898613, 25.86375], [93.90184, 25.871031], [93.913826, 25.881769], [93.915901, 25.887663], [93.923851, 25.889803], [93.934631, 25.89143], [93.940193, 25.900961], [93.948357, 25.901201], [93.959839, 25.905251], [93.960754, 25.905855]]]}, "properties": {"name": "Dimapur", "state": "Nagaland"}}, {"type": "Feature", "geometry": {"type": "Polygon", "coordinates": [[[94.888977, 25.593111], [94.888817, 25.59317], [94.88324, 25.595091], [94.87632, 25.60549], [94.873016, 25.613201], [94.863487, 25.61623], [94.857216, 25.61611], [94.8564, 25.61743], [94.855339, 25.625542], [94.851372, 25.640381], [94.851837, 25.65678], [94.854141, 25.668989], [94.860397, 25.692211], [94.862671, 25.72333], [94.859192, 25.730871], [94.838608, 25.752531], [94.835052, 25.759083], [94.808022, 25.774401], [94.789742, 25.78293], [94.772797, 25.785822], [94.758606, 25.786661], [94.755951, 25.786251], [94.754173, 25.785089], [94.752708, 25.78014], [94.744507, 25.77667], [94.743156, 25.77356], [94.74279, 25.76849], [94.738358, 25.765032], [94.736496, 25.76042], [94.730888, 25.759489], [94.731796, 25.755171], [94.727219, 25.753839], [94.728676, 25.747669], [94.724243, 25.746351], [94.72403, 25.74024], [94.727219, 25.737961], [94.728348, 25.735081], [94.726952, 25.7334], [94.729691, 25.73209], [94.730438, 25.728691], [94.726143, 25.72736], [94.720932, 25.731531], [94.722511, 25.733452], [94.721169, 25.74334], [94.720741, 25.74836], [94.721451, 25.75675], [94.716682, 25.764], [94.711296, 25.775999], [94.70211, 25.79221], [94.699959, 25.794788], [94.684196, 25.806669], [94.667053, 25.813919], [94.65963, 25.818279], [94.649162, 25.821991], [94.633347, 25.820271], [94.624443, 25.824621], [94.615532, 25.82217], [94.61364, 25.823601], [94.606583, 25.834351], [94.613762, 25.841791], [94.614792, 25.84478], [94.613838, 25.853189], [94.609138, 25.860432], [94.605202, 25.870663], [94.596352, 25.883961], [94.590981, 25.888561], [94.580017, 25.89279], [94.576637, 25.89802], [94.577042, 25.901411], [94.582703, 25.908741], [94.596802, 25.921751], [94.602509, 25.93005], [94.610329, 25.937658], [94.613037, 25.944639], [94.62545, 25.957741], [94.655586, 26.003639], [94.65876, 26.00672], [94.660141, 26.011051], [94.6632, 26.013231], [94.66832, 26.019569], [94.6772, 26.012371], [94.687111, 26.010355], [94.692673, 26.011986], [94.701553, 26.011415], [94.705215, 26.012148], [94.714668, 26.01907], [94.724251, 26.021935], [94.731598, 26.020969], [94.740311, 26.016369], [94.749519, 26.021156], [94.757576, 26.021198], [94.765747, 26.019613], [94.771828, 26.015934], [94.781075, 26.01034], [94.785095, 26.006453], [94.788544, 26.005316], [94.795174, 26.008457], [94.801743, 26.011066], [94.807213, 26.011894], [94.813286, 26.015358], [94.816063, 26.021294], [94.818344, 26.022963], [94.820335, 26.024504], [94.82399, 26.024551], [94.835205, 26.028349], [94.83931, 26.027956], [94.844032, 26.029377], [94.847229, 26.035437], [94.85128, 26.034676], [94.856323, 26.028202], [94.864388, 26.019194], [94.864403, 26.015823], [94.871155, 26.013304], [94.87825, 26.013748], [94.880394, 26.012615], [94.890732, 26.004179], [94.894302, 25.998985], [94.893227, 25.997471], [94.88913, 25.998133], [94.884995, 25.998529], [94.882095, 25.996651], [94.88147, 25.99132], [94.878052, 25.987602], [94.877739, 25.984938], [94.872765, 25.978134], [94.870956, 25.972916], [94.867943, 25.967543], [94.865784, 25.961819], [94.864334, 25.957106], [94.858475, 25.950388], [94.856812, 25.943808], [94.854828, 25.94211], [94.854156, 25.938938], [94.852074, 25.936441], [94.848259, 25.934381], [94.846115, 25.931351], [94.844666, 25.926636], [94.848343, 25.924936], [94.852547, 25.927771], [94.857208, 25.931908], [94.864006, 25.933952], [94.868744, 25.936195], [94.873833, 25.938942], [94.879005, 25.939795], [94.880806, 25.939892], [94.889198, 25.937738], [94.900002, 25.93832], [94.905014, 25.93784], [94.913567, 25.937017], [94.921173, 25.94087], [94.925026, 25.943195], [94.928596, 25.943121], [94.933182, 25.93648], [94.935974, 25.934864], [94.93943, 25.931295], [94.939514, 25.926973], [94.936684, 25.923201], [94.935997, 25.917337], [94.942604, 25.905107], [94.949501, 25.900398], [94.953812, 25.896479], [94.960915, 25.896063], [94.968414, 25.89642], [94.973381, 25.890547], [94.973602, 25.884863], [94.976685, 25.878096], [94.98175, 25.873024], [94.986816, 25.873072], [94.992546, 25.873598], [94.998413, 25.877884], [95.004265, 25.879475], [95.013031, 25.880514], [95.015572, 25.880537], [95.015411, 25.872021], [95.018242, 25.86783], [95.021423, 25.861851], [95.024368, 25.858471], [95.02755, 25.85148], [95.030029, 25.849319], [95.033226, 25.846531], [95.033714, 25.84042], [95.034233, 25.833891], [95.03463, 25.82896], [95.034752, 25.82745], [95.034973, 25.82642], [95.036049, 25.823763], [95.037483, 25.820223], [95.040329, 25.817039], [95.043846, 25.813021], [95.049377, 25.810072], [95.051796, 25.80517], [95.051491, 25.79912], [95.047592, 25.78771], [95.045502, 25.782791], [95.045647, 25.778629], [95.052528, 25.762659], [95.044403, 25.7533], [95.042389, 25.750196], [95.040688, 25.74758], [95.033691, 25.74144], [95.027199, 25.74062], [95.018883, 25.738468], [95.009399, 25.73851], [95.002411, 25.73263], [94.999313, 25.726631], [94.998779, 25.722101], [94.998726, 25.72168], [94.993233, 25.71426], [94.989037, 25.70908], [94.983673, 25.704281], [94.979919, 25.701893], [94.976303, 25.699501], [94.973869, 25.697357], [94.973167, 25.696741], [94.953766, 25.683441], [94.942871, 25.67528], [94.937576, 25.669031], [94.935097, 25.664551], [94.934151, 25.661053], [94.932632, 25.65402], [94.93187, 25.652016], [94.929832, 25.64666], [94.926628, 25.64056], [94.925507, 25.632351], [94.922279, 25.62447], [94.920906, 25.614832], [94.919678, 25.611141], [94.917221, 25.607653], [94.911461, 25.6033], [94.904686, 25.601404], [94.903458, 25.601061], [94.895721, 25.598], [94.888977, 25.593111]]]}, "properties": {"name": "Kiphire", "state": "Nagaland"}}, {"type": "Feature", "geometry": {"type": "Polygon", "coordinates": [[[93.883438, 25.665314], [93.88739, 25.668549], [93.902756, 25.684731], [93.927841, 25.713856], [93.957779, 25.734892], [93.96344, 25.747028], [93.971527, 25.757545], [93.982857, 25.77211], [93.995804, 25.784245], [94.001465, 25.790718], [94.006317, 25.800425], [94.006317, 25.810135], [94.006317, 25.816607], [94.011177, 25.827126], [94.012794, 25.835217], [94.012794, 25.841688], [93.999039, 25.85059], [93.994186, 25.856253], [93.985283, 25.856253], [93.978004, 25.856253], [93.971527, 25.858679], [93.967484, 25.864344], [93.980431, 25.874052], [93.986092, 25.88376], [93.977196, 25.891851], [93.960754, 25.905855], [93.96917, 25.911423], [93.971977, 25.91754], [93.979393, 25.91968], [93.982681, 25.92627], [93.988457, 25.925381], [93.995819, 25.92548], [93.998817, 25.930521], [93.991821, 25.93259], [93.991638, 25.934311], [93.995117, 25.93399], [93.996712, 25.93292], [94.000122, 25.934549], [94.005257, 25.93292], [94.008667, 25.936621], [94.01664, 25.94038], [94.036957, 25.94264], [94.046967, 25.944469], [94.052628, 25.94924], [94.060593, 25.953913], [94.065399, 25.958721], [94.069252, 25.95789], [94.079208, 25.96666], [94.084732, 25.967541], [94.088737, 25.969431], [94.098076, 25.98501], [94.101807, 25.987808], [94.107246, 25.990101], [94.116379, 25.990561], [94.125893, 25.993441], [94.136612, 25.994251], [94.158127, 25.981661], [94.16523, 25.978661], [94.169197, 25.978621], [94.173126, 25.981119], [94.175728, 25.984819], [94.186981, 25.99225], [94.190536, 25.992731], [94.194313, 25.99189], [94.199173, 25.99836], [94.203499, 26.005491], [94.209442, 26.009201], [94.213852, 26.016573], [94.212883, 26.02092], [94.216133, 26.024151], [94.21946, 26.029381], [94.222366, 26.026901], [94.225746, 26.0215], [94.23246, 26.014931], [94.239273, 26.009821], [94.242981, 26.00873], [94.258911, 26.012268], [94.265823, 26.011921], [94.274017, 26.015009], [94.274017, 25.997114], [94.27607, 25.98068], [94.282234, 25.965614], [94.287025, 25.953974], [94.289078, 25.944387], [94.285652, 25.934801], [94.270592, 25.922474], [94.247993, 25.918365], [94.234299, 25.90741], [94.218544, 25.890289], [94.216492, 25.878649], [94.222656, 25.864269], [94.241829, 25.845779], [94.253471, 25.83003], [94.267853, 25.817703], [94.281799, 25.805363], [94.279282, 25.80172], [94.269737, 25.784679], [94.264381, 25.770321], [94.259697, 25.761671], [94.251167, 25.749693], [94.238716, 25.7285], [94.233231, 25.716028], [94.231812, 25.70388], [94.228249, 25.697929], [94.220612, 25.690121], [94.219109, 25.687571], [94.216393, 25.679899], [94.218216, 25.673981], [94.219109, 25.663851], [94.221352, 25.661848], [94.221817, 25.657263], [94.217819, 25.63892], [94.215233, 25.63735], [94.212807, 25.63711], [94.211517, 25.622082], [94.213432, 25.619211], [94.214958, 25.618759], [94.21579, 25.614731], [94.211273, 25.602791], [94.207932, 25.599138], [94.202637, 25.591282], [94.195953, 25.577131], [94.194969, 25.57023], [94.199768, 25.558109], [94.195717, 25.55302], [94.19487, 25.552429], [94.191849, 25.550951], [94.18277, 25.553251], [94.179543, 25.55019], [94.167908, 25.54701], [94.163528, 25.549921], [94.16011, 25.55525], [94.152878, 25.54784], [94.15184, 25.541851], [94.148201, 25.531691], [94.145233, 25.527639], [94.138733, 25.523701], [94.12851, 25.525881], [94.106079, 25.5289], [94.09211, 25.53273], [94.092522, 25.53797], [94.096199, 25.541719], [94.094963, 25.54644], [94.085953, 25.559731], [94.08004, 25.5616], [94.06942, 25.558981], [94.064697, 25.56637], [94.054123, 25.576759], [94.045998, 25.58095], [94.043617, 25.57748], [94.039009, 25.579861], [94.039162, 25.583031], [94.037918, 25.581928], [94.034897, 25.58149], [94.033409, 25.584702], [94.027267, 25.58799], [94.025513, 25.59339], [94.014732, 25.59613], [94.010399, 25.5954], [94.007652, 25.59094], [94.007828, 25.587528], [94.011757, 25.57909], [94.012283, 25.575298], [94.011597, 25.572748], [94.010422, 25.571312], [94.007446, 25.569851], [94.00061, 25.573881], [93.980469, 25.571253], [93.977852, 25.56616], [93.972649, 25.56118], [93.965218, 25.556578], [93.95739, 25.556751], [93.945168, 25.562639], [93.948158, 25.569466], [93.948029, 25.573034], [93.944168, 25.578362], [93.942429, 25.583973], [93.942657, 25.588457], [93.936409, 25.591154], [93.932762, 25.591246], [93.92662, 25.592508], [93.919029, 25.597223], [93.917686, 25.599241], [93.916595, 25.601236], [93.9161, 25.60626], [93.915939, 25.607224], [93.916374, 25.611216], [93.91658, 25.613094], [93.917542, 25.614668], [93.921135, 25.61648], [93.924454, 25.618078], [93.930016, 25.618763], [93.933434, 25.621302], [93.934288, 25.624308], [93.93457, 25.62689], [93.936798, 25.628113], [93.938606, 25.630322], [93.93866, 25.633163], [93.936768, 25.634993], [93.935028, 25.63586], [93.933372, 25.637432], [93.933365, 25.639805], [93.934532, 25.640884], [93.936836, 25.642813], [93.936966, 25.643986], [93.936882, 25.645653], [93.934479, 25.645618], [93.926163, 25.649904], [93.919441, 25.650949], [93.913452, 25.654142], [93.908134, 25.654619], [93.89595, 25.659252], [93.892517, 25.659117], [93.883438, 25.665314]]]}, "properties": {"name": "Kohima", "state": "Nagaland"}}, {"type": "Feature", "geometry": {"type": "Polygon", "coordinates": [[[94.92897, 26.379999], [94.925499, 26.379316], [94.921631, 26.377722], [94.916611, 26.375237], [94.916931, 26.371731], [94.911819, 26.372221], [94.9105, 26.37306], [94.905396, 26.370926], [94.900589, 26.371384], [94.892357, 26.375669], [94.881851, 26.377111], [94.874168, 26.377844], [94.861229, 26.375143], [94.846802, 26.380453], [94.836952, 26.387512], [94.828285, 26.392273], [94.823662, 26.398396], [94.820435, 26.40395], [94.81636, 26.406523], [94.812981, 26.41078], [94.808327, 26.412533], [94.802391, 26.41572], [94.791924, 26.425896], [94.788567, 26.426214], [94.778908, 26.434999], [94.774483, 26.434544], [94.771782, 26.440485], [94.769783, 26.444172], [94.76799, 26.449587], [94.764267, 26.455185], [94.760429, 26.455549], [94.754761, 26.456961], [94.749001, 26.457504], [94.741493, 26.455591], [94.737648, 26.455956], [94.733551, 26.454157], [94.731331, 26.451742], [94.721794, 26.449146], [94.717422, 26.449121], [94.711418, 26.445192], [94.707863, 26.453861], [94.708763, 26.458481], [94.702316, 26.473688], [94.693817, 26.481211], [94.692688, 26.48476], [94.696457, 26.49828], [94.696983, 26.50495], [94.694336, 26.511761], [94.691429, 26.529261], [94.702751, 26.54373], [94.713997, 26.55492], [94.728653, 26.57287], [94.730797, 26.57935], [94.73114, 26.58814], [94.735489, 26.593891], [94.736977, 26.600641], [94.734398, 26.60969], [94.724823, 26.615431], [94.723503, 26.62018], [94.724571, 26.625771], [94.720726, 26.631651], [94.71154, 26.64175], [94.689377, 26.646973], [94.679253, 26.65196], [94.674461, 26.65206], [94.670166, 26.653261], [94.672943, 26.65687], [94.695831, 26.668671], [94.700127, 26.67264], [94.709549, 26.67938], [94.718658, 26.68495], [94.719963, 26.689411], [94.726158, 26.69932], [94.726959, 26.701981], [94.737457, 26.703878], [94.747566, 26.703051], [94.752312, 26.706911], [94.751877, 26.721331], [94.750961, 26.727242], [94.746361, 26.735281], [94.749077, 26.73831], [94.755768, 26.733749], [94.759773, 26.73357], [94.758263, 26.738838], [94.754227, 26.743891], [94.740051, 26.753601], [94.739723, 26.76107], [94.737732, 26.76885], [94.741676, 26.773571], [94.742363, 26.778641], [94.745796, 26.782141], [94.750717, 26.779671], [94.754097, 26.774311], [94.756371, 26.772268], [94.759346, 26.774137], [94.760033, 26.776628], [94.76236, 26.77993], [94.768326, 26.783398], [94.769066, 26.7911], [94.773087, 26.794962], [94.785637, 26.798571], [94.790787, 26.801453], [94.798737, 26.799372], [94.804283, 26.800249], [94.808937, 26.80002], [94.814049, 26.796581], [94.813148, 26.791853], [94.816628, 26.788561], [94.818153, 26.784733], [94.808403, 26.78105], [94.801842, 26.779869], [94.796951, 26.77693], [94.797958, 26.772751], [94.805023, 26.774208], [94.80703, 26.772291], [94.805748, 26.768471], [94.803017, 26.766493], [94.810623, 26.749969], [94.813133, 26.748051], [94.817017, 26.748331], [94.820633, 26.746021], [94.82666, 26.736959], [94.827599, 26.733459], [94.835167, 26.725161], [94.835892, 26.72287], [94.828239, 26.716343], [94.815948, 26.702209], [94.808937, 26.70092], [94.807831, 26.697161], [94.805359, 26.696671], [94.797943, 26.699051], [94.789566, 26.70359], [94.784988, 26.70365], [94.784782, 26.69928], [94.790733, 26.692511], [94.791603, 26.68886], [94.788719, 26.683929], [94.785736, 26.681011], [94.784859, 26.676123], [94.786476, 26.67263], [94.786392, 26.66992], [94.782967, 26.66136], [94.786819, 26.660513], [94.790581, 26.65596], [94.78997, 26.647779], [94.791267, 26.640211], [94.79528, 26.635321], [94.801651, 26.635811], [94.806519, 26.63431], [94.812691, 26.630081], [94.832779, 26.627119], [94.839287, 26.62495], [94.847076, 26.619881], [94.858673, 26.61606], [94.866188, 26.617651], [94.875771, 26.615179], [94.880051, 26.615231], [94.884293, 26.617701], [94.890381, 26.61651], [94.890823, 26.610941], [94.894737, 26.60874], [94.89138, 26.60006], [94.889168, 26.597292], [94.896179, 26.598011], [94.885071, 26.586323], [94.884308, 26.580971], [94.886337, 26.575472], [94.889069, 26.57107], [94.886879, 26.568861], [94.891953, 26.565592], [94.888176, 26.559971], [94.889313, 26.555853], [94.892677, 26.55146], [94.894386, 26.538839], [94.897591, 26.53174], [94.895668, 26.52816], [94.895332, 26.522808], [94.895447, 26.518721], [94.897598, 26.513691], [94.899361, 26.510151], [94.894981, 26.503031], [94.894691, 26.498251], [94.897842, 26.489943], [94.894119, 26.48485], [94.898956, 26.4764], [94.90239, 26.472239], [94.905457, 26.463833], [94.902466, 26.451323], [94.903412, 26.44552], [94.911957, 26.44005], [94.912086, 26.44005], [94.913399, 26.434357], [94.923775, 26.422937], [94.934158, 26.410479], [94.935196, 26.404251], [94.92897, 26.390757], [94.92897, 26.379999]]]}, "properties": {"name": "Longleng", "state": "Nagaland"}}, {"type": "Feature", "geometry": {"type": "Polygon", "coordinates": [[[94.711418, 26.445192], [94.711472, 26.445061], [94.706429, 26.430611], [94.705742, 26.424971], [94.706261, 26.41802], [94.700989, 26.41617], [94.698059, 26.415901], [94.693848, 26.412741], [94.692657, 26.41054], [94.690201, 26.40872], [94.688881, 26.402948], [94.678589, 26.38987], [94.673698, 26.38826], [94.670563, 26.38385], [94.666557, 26.384138], [94.662468, 26.381651], [94.665817, 26.37705], [94.665337, 26.374573], [94.657158, 26.36692], [94.655251, 26.36166], [94.655052, 26.358271], [94.656433, 26.3538], [94.654663, 26.353201], [94.653152, 26.346512], [94.650238, 26.345381], [94.642113, 26.339571], [94.634918, 26.339823], [94.631752, 26.339203], [94.629173, 26.33548], [94.623848, 26.33305], [94.611351, 26.32465], [94.600113, 26.313969], [94.597687, 26.30864], [94.59407, 26.30382], [94.589157, 26.3053], [94.584259, 26.295561], [94.572762, 26.294481], [94.567917, 26.289011], [94.565399, 26.28451], [94.566566, 26.275591], [94.566292, 26.269661], [94.56517, 26.266781], [94.565681, 26.261259], [94.57711, 26.24843], [94.579712, 26.24404], [94.588402, 26.241232], [94.589272, 26.23365], [94.588867, 26.22633], [94.587662, 26.224079], [94.580238, 26.219193], [94.576668, 26.215219], [94.569817, 26.213001], [94.562447, 26.209101], [94.550766, 26.207941], [94.542908, 26.21278], [94.535423, 26.222561], [94.531227, 26.217609], [94.524391, 26.2162], [94.51355, 26.217751], [94.506126, 26.21777], [94.501686, 26.219938], [94.500801, 26.224941], [94.503792, 26.229], [94.50325, 26.232611], [94.504173, 26.23469], [94.512886, 26.23822], [94.514839, 26.239969], [94.513832, 26.243299], [94.511009, 26.245901], [94.509407, 26.250759], [94.504807, 26.25765], [94.502296, 26.269121], [94.5, 26.274078], [94.499916, 26.27426], [94.493172, 26.278822], [94.490242, 26.284868], [94.489899, 26.29067], [94.488426, 26.2952], [94.477783, 26.292608], [94.475868, 26.28879], [94.475082, 26.280901], [94.471039, 26.27808], [94.463531, 26.265779], [94.455757, 26.248751], [94.458458, 26.24201], [94.454483, 26.231649], [94.450668, 26.227051], [94.447411, 26.219521], [94.447868, 26.21291], [94.443596, 26.20952], [94.43737, 26.208973], [94.415436, 26.216381], [94.410683, 26.21682], [94.395882, 26.206591], [94.388626, 26.20245], [94.381256, 26.199572], [94.370377, 26.197418], [94.374046, 26.200319], [94.382156, 26.211201], [94.389191, 26.225521], [94.387901, 26.231421], [94.384743, 26.232861], [94.378708, 26.23317], [94.373573, 26.236952], [94.363441, 26.242371], [94.360443, 26.24641], [94.355919, 26.247601], [94.348877, 26.246351], [94.343178, 26.243999], [94.340843, 26.243801], [94.338097, 26.246851], [94.340286, 26.250059], [94.343643, 26.251431], [94.348122, 26.254551], [94.351112, 26.257761], [94.35997, 26.27331], [94.360939, 26.27702], [94.360878, 26.280809], [94.358627, 26.29463], [94.358177, 26.304331], [94.355659, 26.313969], [94.355507, 26.319891], [94.367836, 26.3382], [94.36676, 26.342428], [94.364723, 26.342461], [94.35907, 26.34128], [94.357033, 26.337339], [94.352921, 26.33584], [94.350212, 26.337631], [94.350243, 26.33993], [94.355568, 26.34951], [94.359329, 26.362619], [94.356216, 26.369987], [94.354858, 26.3759], [94.348511, 26.382521], [94.344849, 26.3843], [94.34317, 26.386061], [94.334663, 26.393969], [94.331337, 26.40111], [94.330399, 26.40593], [94.327797, 26.407103], [94.326317, 26.405001], [94.316399, 26.397362], [94.309906, 26.388231], [94.305748, 26.3846], [94.304443, 26.386299], [94.306061, 26.397141], [94.30407, 26.402809], [94.299828, 26.408661], [94.296211, 26.411711], [94.29361, 26.415861], [94.29248, 26.42309], [94.30117, 26.441233], [94.310806, 26.45179], [94.316811, 26.459831], [94.316513, 26.462931], [94.324303, 26.470701], [94.324783, 26.47221], [94.323883, 26.47938], [94.329323, 26.483841], [94.332596, 26.485029], [94.336937, 26.484819], [94.343407, 26.49004], [94.349632, 26.492842], [94.352066, 26.49575], [94.351822, 26.499203], [94.353561, 26.502159], [94.35553, 26.50345], [94.353722, 26.50481], [94.351112, 26.508621], [94.354591, 26.510281], [94.358749, 26.509142], [94.364456, 26.51033], [94.369247, 26.509991], [94.377617, 26.513121], [94.378067, 26.51716], [94.376907, 26.52317], [94.378273, 26.525261], [94.391411, 26.532829], [94.394089, 26.53264], [94.396561, 26.529732], [94.399452, 26.53232], [94.398918, 26.53455], [94.402481, 26.538801], [94.401337, 26.544081], [94.402679, 26.546862], [94.406746, 26.54825], [94.407951, 26.549711], [94.407639, 26.552401], [94.404793, 26.555231], [94.406097, 26.557381], [94.408966, 26.557131], [94.411957, 26.558451], [94.410576, 26.560598], [94.407761, 26.561428], [94.409309, 26.568991], [94.41188, 26.5734], [94.414848, 26.583281], [94.406006, 26.601931], [94.408577, 26.609791], [94.407867, 26.61433], [94.409882, 26.61644], [94.434486, 26.62538], [94.454521, 26.639021], [94.45681, 26.636641], [94.462502, 26.63546], [94.464821, 26.63871], [94.464462, 26.640369], [94.461662, 26.643841], [94.461418, 26.64809], [94.458572, 26.65535], [94.46183, 26.66316], [94.464523, 26.667511], [94.467941, 26.669821], [94.485748, 26.6737], [94.492798, 26.672253], [94.498268, 26.673712], [94.5, 26.675167], [94.503006, 26.677691], [94.507141, 26.68298], [94.509949, 26.68343], [94.515503, 26.6873], [94.519676, 26.694601], [94.520096, 26.70145], [94.522728, 26.704369], [94.527763, 26.701281], [94.540871, 26.709633], [94.545059, 26.710901], [94.550369, 26.710171], [94.554672, 26.708441], [94.561127, 26.708139], [94.563438, 26.707371], [94.564728, 26.706001], [94.562332, 26.69383], [94.56295, 26.690632], [94.566086, 26.689928], [94.570869, 26.69006], [94.574692, 26.691021], [94.571503, 26.696222], [94.582787, 26.70558], [94.585388, 26.70331], [94.588982, 26.70244], [94.592407, 26.70273], [94.594933, 26.706551], [94.595016, 26.71236], [94.596169, 26.71818], [94.598312, 26.71994], [94.603722, 26.716171], [94.604683, 26.717211], [94.604637, 26.719852], [94.603188, 26.72381], [94.600487, 26.72526], [94.59333, 26.726131], [94.595177, 26.729891], [94.599937, 26.73772], [94.604149, 26.739281], [94.610062, 26.740103], [94.610443, 26.735861], [94.611946, 26.732651], [94.617401, 26.730551], [94.620148, 26.72674], [94.621086, 26.72117], [94.622719, 26.71953], [94.628296, 26.71863], [94.631973, 26.71965], [94.640289, 26.72397], [94.646217, 26.72451], [94.653389, 26.723631], [94.658539, 26.7248], [94.665138, 26.72776], [94.686607, 26.73259], [94.691483, 26.73576], [94.696877, 26.739691], [94.711403, 26.752823], [94.719696, 26.758039], [94.73188, 26.764009], [94.736511, 26.76741], [94.737732, 26.76885], [94.739723, 26.76107], [94.740051, 26.753601], [94.754227, 26.743891], [94.758263, 26.738838], [94.759773, 26.73357], [94.755768, 26.733749], [94.749077, 26.73831], [94.746361, 26.735281], [94.750961, 26.727242], [94.751877, 26.721331], [94.752312, 26.706911], [94.747566, 26.703051], [94.737457, 26.703878], [94.726959, 26.701981], [94.726158, 26.69932], [94.719963, 26.689411], [94.718658, 26.68495], [94.709549, 26.67938], [94.700127, 26.67264], [94.695831, 26.668671], [94.672943, 26.65687], [94.670166, 26.653261], [94.674461, 26.65206], [94.679253, 26.65196], [94.689377, 26.646973], [94.71154, 26.64175], [94.720726, 26.631651], [94.724571, 26.625771], [94.723503, 26.62018], [94.724823, 26.615431], [94.734398, 26.60969], [94.736977, 26.600641], [94.735489, 26.593891], [94.73114, 26.58814], [94.730797, 26.57935], [94.728653, 26.57287], [94.713997, 26.55492], [94.702751, 26.54373], [94.691429, 26.529261], [94.694336, 26.511761], [94.696983, 26.50495], [94.696457, 26.49828], [94.692688, 26.48476], [94.693817, 26.481211], [94.702316, 26.473688], [94.708763, 26.458481], [94.707863, 26.453861], [94.711418, 26.445192]]]}, "properties": {"name": "Mokokchung", "state": "Nagaland"}}, {"type": "Feature", "geometry": {"type": "Polygon", "coordinates": [[[95.128227, 26.32926], [95.119987, 26.327429], [95.094032, 26.328466], [95.062889, 26.317045], [95.04213, 26.308743], [95.029671, 26.293171], [95.020325, 26.289017], [95.007866, 26.289017], [94.992294, 26.300436], [94.97361, 26.302511], [94.960114, 26.302511], [94.944542, 26.312895], [94.937271, 26.324314], [94.938309, 26.337812], [94.946617, 26.347155], [94.94973, 26.357534], [94.94973, 26.365841], [94.942467, 26.374146], [94.930008, 26.375181], [94.92897, 26.378298], [94.92897, 26.379999], [94.92897, 26.390757], [94.935196, 26.404251], [94.934158, 26.410479], [94.923775, 26.422937], [94.913399, 26.434357], [94.912086, 26.44005], [94.911957, 26.44005], [94.903412, 26.44552], [94.902466, 26.451323], [94.905457, 26.463833], [94.90239, 26.472239], [94.898956, 26.4764], [94.894119, 26.48485], [94.897842, 26.489943], [94.894691, 26.498251], [94.894981, 26.503031], [94.899361, 26.510151], [94.897598, 26.513691], [94.895447, 26.518721], [94.895332, 26.522808], [94.895668, 26.52816], [94.897591, 26.53174], [94.894386, 26.538839], [94.892677, 26.55146], [94.889313, 26.555853], [94.888176, 26.559971], [94.891953, 26.565592], [94.886879, 26.568861], [94.889069, 26.57107], [94.886337, 26.575472], [94.884308, 26.580971], [94.885071, 26.586323], [94.896179, 26.598011], [94.889168, 26.597292], [94.89138, 26.60006], [94.894737, 26.60874], [94.890823, 26.610941], [94.890381, 26.61651], [94.884293, 26.617701], [94.880051, 26.615231], [94.875771, 26.615179], [94.866188, 26.617651], [94.858673, 26.61606], [94.847076, 26.619881], [94.839287, 26.62495], [94.832779, 26.627119], [94.812691, 26.630081], [94.806519, 26.63431], [94.801651, 26.635811], [94.79528, 26.635321], [94.791267, 26.640211], [94.78997, 26.647779], [94.790581, 26.65596], [94.786819, 26.660513], [94.782967, 26.66136], [94.786392, 26.66992], [94.786476, 26.67263], [94.784859, 26.676123], [94.785736, 26.681011], [94.788719, 26.683929], [94.791603, 26.68886], [94.790733, 26.692511], [94.784782, 26.69928], [94.784988, 26.70365], [94.789566, 26.70359], [94.797943, 26.699051], [94.805359, 26.696671], [94.807831, 26.697161], [94.808937, 26.70092], [94.815948, 26.702209], [94.828239, 26.716343], [94.835892, 26.72287], [94.835167, 26.725161], [94.827599, 26.733459], [94.82666, 26.736959], [94.820633, 26.746021], [94.817017, 26.748331], [94.813133, 26.748051], [94.810623, 26.749969], [94.803017, 26.766493], [94.805748, 26.768471], [94.80703, 26.772291], [94.805023, 26.774208], [94.797958, 26.772751], [94.796951, 26.77693], [94.801842, 26.779869], [94.808403, 26.78105], [94.818153, 26.784733], [94.816628, 26.788561], [94.813148, 26.791853], [94.814049, 26.796581], [94.808937, 26.80002], [94.804283, 26.800249], [94.798737, 26.799372], [94.790787, 26.801453], [94.79496, 26.803732], [94.802208, 26.806061], [94.805359, 26.812191], [94.801613, 26.81381], [94.796646, 26.81852], [94.806717, 26.82123], [94.809181, 26.82328], [94.813057, 26.82476], [94.815071, 26.830021], [94.815407, 26.836809], [94.816696, 26.841471], [94.821091, 26.84487], [94.821732, 26.84931], [94.821083, 26.85446], [94.826286, 26.85931], [94.83226, 26.862711], [94.836456, 26.86846], [94.838783, 26.874001], [94.84584, 26.876791], [94.851532, 26.88134], [94.853348, 26.88534], [94.859009, 26.89328], [94.865318, 26.90691], [94.868622, 26.909891], [94.869637, 26.915009], [94.881546, 26.92671], [94.886223, 26.932461], [94.89447, 26.93733], [94.901291, 26.94034], [94.908821, 26.94227], [94.913857, 26.94257], [94.917992, 26.945143], [94.923767, 26.950331], [94.928162, 26.952101], [94.933601, 26.93854], [94.938553, 26.937971], [94.941223, 26.939272], [94.94709, 26.940201], [94.957283, 26.94355], [94.964172, 26.940641], [94.966766, 26.93618], [94.967941, 26.93149], [94.970673, 26.928362], [94.974258, 26.927603], [94.97966, 26.924622], [94.985672, 26.918249], [94.989449, 26.91783], [94.99205, 26.918388], [94.991188, 26.92292], [94.993057, 26.926161], [94.999466, 26.92429], [95.005791, 26.92487], [95.016571, 26.924353], [95.021347, 26.9254], [95.028557, 26.93251], [95.038048, 26.93848], [95.054649, 26.94088], [95.065338, 26.948191], [95.086861, 26.952742], [95.110046, 26.966909], [95.11322, 26.972321], [95.113503, 26.977581], [95.116943, 26.983681], [95.126381, 26.98691], [95.136986, 26.99358], [95.142761, 26.998301], [95.149483, 26.99984], [95.154503, 27.006041], [95.195518, 27.04295], [95.195793, 27.032501], [95.197853, 27.01984], [95.197617, 27.01569], [95.200081, 27.006229], [95.199821, 26.999359], [95.196266, 26.99781], [95.195198, 26.98999], [95.200439, 26.985559], [95.207756, 26.984701], [95.209961, 26.98263], [95.205223, 26.98217], [95.206558, 26.978821], [95.208771, 26.97508], [95.215042, 26.970371], [95.213669, 26.968121], [95.208839, 26.965351], [95.206757, 26.962591], [95.208511, 26.96073], [95.213417, 26.95879], [95.209236, 26.956671], [95.212196, 26.94335], [95.214447, 26.936951], [95.217056, 26.9342], [95.225563, 26.934429], [95.229309, 26.930632], [95.23185, 26.926142], [95.233963, 26.920601], [95.233963, 26.918753], [95.231956, 26.917891], [95.232086, 26.914831], [95.2341, 26.909651], [95.233772, 26.905903], [95.231323, 26.89835], [95.233856, 26.890841], [95.229927, 26.88567], [95.217827, 26.886869], [95.212852, 26.885603], [95.211357, 26.881733], [95.206429, 26.877871], [95.184502, 26.86483], [95.185768, 26.859631], [95.193047, 26.85117], [95.19561, 26.849621], [95.197327, 26.849392], [95.197708, 26.85154], [95.204239, 26.84894], [95.208603, 26.850719], [95.206413, 26.846281], [95.200508, 26.842878], [95.199043, 26.83993], [95.200562, 26.83289], [95.202583, 26.828751], [95.203552, 26.82132], [95.206841, 26.811691], [95.215118, 26.79838], [95.221573, 26.793541], [95.22747, 26.792341], [95.235016, 26.789289], [95.240257, 26.789171], [95.241722, 26.78693], [95.244919, 26.787331], [95.242538, 26.784512], [95.234673, 26.78035], [95.231636, 26.777693], [95.233307, 26.77372], [95.233177, 26.771931], [95.229202, 26.768471], [95.224083, 26.761723], [95.2201, 26.759821], [95.219261, 26.75555], [95.221367, 26.75152], [95.220978, 26.747431], [95.21685, 26.741301], [95.216141, 26.735319], [95.228203, 26.723848], [95.229652, 26.716883], [95.236107, 26.71221], [95.233696, 26.6971], [95.23597, 26.691521], [95.235977, 26.688231], [95.237633, 26.686291], [95.234497, 26.683071], [95.231667, 26.67761], [95.228058, 26.673071], [95.227432, 26.672022], [95.224731, 26.667521], [95.219482, 26.66065], [95.214859, 26.65568], [95.209839, 26.651508], [95.207809, 26.650196], [95.206169, 26.64913], [95.196999, 26.64736], [95.191277, 26.647718], [95.182022, 26.643261], [95.174316, 26.63418], [95.171417, 26.63007], [95.164787, 26.626602], [95.161377, 26.624823], [95.158333, 26.62323], [95.154709, 26.61949], [95.153732, 26.609579], [95.152489, 26.601839], [95.152206, 26.59761], [95.15303, 26.593618], [95.156227, 26.586811], [95.154488, 26.580803], [95.150818, 26.576818], [95.14875, 26.57457], [95.144501, 26.567881], [95.144424, 26.56365], [95.144417, 26.563011], [95.142746, 26.562288], [95.13855, 26.560472], [95.133842, 26.562351], [95.126816, 26.562351], [95.124687, 26.55661], [95.121323, 26.552952], [95.114792, 26.548], [95.116425, 26.544798], [95.119057, 26.539648], [95.120773, 26.534479], [95.120781, 26.529791], [95.113152, 26.518711], [95.112511, 26.518381], [95.10685, 26.515478], [95.103493, 26.51289], [95.104622, 26.5091], [95.102417, 26.50318], [95.095993, 26.49848], [95.090996, 26.494591], [95.087906, 26.49066], [95.08403, 26.485943], [95.082008, 26.483589], [95.080421, 26.481741], [95.079201, 26.480608], [95.076027, 26.477661], [95.075783, 26.47587], [95.075439, 26.473339], [95.072327, 26.46983], [95.07196, 26.469419], [95.068787, 26.466673], [95.067207, 26.46155], [95.066307, 26.456779], [95.066406, 26.450371], [95.071716, 26.450399], [95.075081, 26.452433], [95.076302, 26.452579], [95.081619, 26.45323], [95.087021, 26.451988], [95.090561, 26.44725], [95.096817, 26.4394], [95.099983, 26.436029], [95.101517, 26.432671], [95.106186, 26.429991], [95.108673, 26.423731], [95.107689, 26.4188], [95.10582, 26.41503], [95.105446, 26.41106], [95.104958, 26.406469], [95.104767, 26.401251], [95.121666, 26.398041], [95.125038, 26.39547], [95.130852, 26.39061], [95.135742, 26.387833], [95.135941, 26.38323], [95.134583, 26.375683], [95.131912, 26.366701], [95.12973, 26.36204], [95.128296, 26.354662], [95.131653, 26.3465], [95.133476, 26.3426], [95.127533, 26.335911], [95.128036, 26.330681], [95.128227, 26.32926]]]}, "properties": {"name": "Mon", "state": "Nagaland"}}, {"type": "Feature", "geometry": {"type": "Polygon", "coordinates": [[[93.331741, 25.54681], [93.333382, 25.549021], [93.341263, 25.554859], [93.345467, 25.561121], [93.348312, 25.563219], [93.354393, 25.565201], [93.360703, 25.560438], [93.364182, 25.56065], [93.365982, 25.563261], [93.365158, 25.569761], [93.369438, 25.570259], [93.373421, 25.569172], [93.375992, 25.571041], [93.376839, 25.57374], [93.376488, 25.577311], [93.382698, 25.57618], [93.384743, 25.577921], [93.385033, 25.5812], [93.38311, 25.5828], [93.382401, 25.584751], [93.390633, 25.5891], [93.390053, 25.594721], [93.4002, 25.596281], [93.406837, 25.596479], [93.409248, 25.60041], [93.409637, 25.604101], [93.407227, 25.606491], [93.407639, 25.609421], [93.40905, 25.611691], [93.412277, 25.61368], [93.416779, 25.614889], [93.414871, 25.61664], [93.418297, 25.621059], [93.42247, 25.622261], [93.427536, 25.631458], [93.431023, 25.629202], [93.434181, 25.629869], [93.439087, 25.632339], [93.439186, 25.634399], [93.441521, 25.634781], [93.444397, 25.638042], [93.446793, 25.638811], [93.449936, 25.634932], [93.451981, 25.63748], [93.459358, 25.633129], [93.46196, 25.63339], [93.46122, 25.636551], [93.458603, 25.63842], [93.457138, 25.640591], [93.460701, 25.641548], [93.465569, 25.644192], [93.468529, 25.643761], [93.474777, 25.644291], [93.475937, 25.647989], [93.483353, 25.645769], [93.483597, 25.65176], [93.487213, 25.650471], [93.490723, 25.653439], [93.490196, 25.65597], [93.493942, 25.65526], [93.499916, 25.656521], [93.502083, 25.66202], [93.508293, 25.666811], [93.510193, 25.671021], [93.520287, 25.68367], [93.519386, 25.68597], [93.516838, 25.68807], [93.522728, 25.693201], [93.52594, 25.699673], [93.528557, 25.693769], [93.530571, 25.692699], [93.531494, 25.694006], [93.537872, 25.684731], [93.554054, 25.679876], [93.566185, 25.679876], [93.579132, 25.679876], [93.59127, 25.677448], [93.601784, 25.670166], [93.613113, 25.664501], [93.624443, 25.65884], [93.634148, 25.65884], [93.644669, 25.662886], [93.649521, 25.67502], [93.659233, 25.688774], [93.671364, 25.696056], [93.682693, 25.696056], [93.706963, 25.70253], [93.723145, 25.705767], [93.732048, 25.71143], [93.735283, 25.707384], [93.736092, 25.695248], [93.732857, 25.688774], [93.733665, 25.677448], [93.741753, 25.666931], [93.749039, 25.659649], [93.760361, 25.653986], [93.768456, 25.651558], [93.778969, 25.651558], [93.790298, 25.652367], [93.809715, 25.655602], [93.831558, 25.655602], [93.84774, 25.64994], [93.862305, 25.644276], [93.867973, 25.645086], [93.869591, 25.653986], [93.883438, 25.665314], [93.892517, 25.659117], [93.89595, 25.659252], [93.908134, 25.654619], [93.913452, 25.654142], [93.919441, 25.650949], [93.926163, 25.649904], [93.934479, 25.645618], [93.936882, 25.645653], [93.936966, 25.643986], [93.936836, 25.642813], [93.934532, 25.640884], [93.933365, 25.639805], [93.933372, 25.637432], [93.935028, 25.63586], [93.936768, 25.634993], [93.93866, 25.633163], [93.938606, 25.630322], [93.936798, 25.628113], [93.93457, 25.62689], [93.934288, 25.624308], [93.933434, 25.621302], [93.930016, 25.618763], [93.924454, 25.618078], [93.921135, 25.61648], [93.917542, 25.614668], [93.91658, 25.613094], [93.916374, 25.611216], [93.915939, 25.607224], [93.9161, 25.60626], [93.916595, 25.601236], [93.917686, 25.599241], [93.919029, 25.597223], [93.92662, 25.592508], [93.932762, 25.591246], [93.936409, 25.591154], [93.942657, 25.588457], [93.942429, 25.583973], [93.944168, 25.578362], [93.948029, 25.573034], [93.948158, 25.569466], [93.945168, 25.562639], [93.94352, 25.563433], [93.930122, 25.56539], [93.919327, 25.56403], [93.917091, 25.566721], [93.910896, 25.56753], [93.904846, 25.567429], [93.900238, 25.568729], [93.89196, 25.56842], [93.878372, 25.561981], [93.862236, 25.557529], [93.852318, 25.558649], [93.844208, 25.561691], [93.836487, 25.563061], [93.833473, 25.561373], [93.83326, 25.556421], [93.825043, 25.556], [93.823349, 25.548162], [93.819717, 25.54439], [93.815941, 25.545448], [93.807846, 25.544519], [93.779488, 25.53805], [93.77182, 25.54081], [93.770638, 25.540279], [93.770973, 25.53602], [93.768951, 25.53071], [93.768181, 25.525291], [93.769318, 25.51771], [93.76429, 25.515482], [93.765793, 25.499901], [93.769348, 25.496773], [93.773392, 25.497841], [93.788467, 25.506491], [93.797249, 25.504381], [93.804047, 25.499029], [93.80761, 25.49556], [93.813889, 25.48473], [93.808998, 25.46559], [93.805229, 25.463421], [93.802429, 25.460409], [93.798363, 25.453932], [93.793747, 25.44866], [93.790207, 25.44338], [93.788109, 25.435881], [93.784477, 25.431938], [93.780533, 25.429501], [93.781067, 25.424711], [93.76442, 25.418131], [93.760338, 25.41412], [93.746666, 25.40571], [93.741989, 25.39992], [93.740067, 25.39518], [93.741318, 25.389441], [93.739792, 25.384418], [93.731003, 25.380371], [93.723106, 25.375582], [93.718979, 25.370359], [93.71804, 25.361601], [93.711586, 25.358089], [93.699982, 25.359423], [93.69278, 25.361589], [93.691452, 25.34742], [93.687126, 25.331211], [93.683922, 25.32963], [93.672073, 25.328711], [93.673958, 25.317282], [93.672943, 25.31151], [93.666092, 25.308281], [93.664749, 25.304241], [93.665611, 25.298429], [93.651619, 25.27902], [93.651367, 25.273661], [93.64991, 25.269119], [93.643547, 25.265882], [93.64312, 25.260012], [93.638092, 25.250399], [93.631866, 25.24292], [93.628906, 25.235748], [93.621147, 25.224913], [93.612579, 25.20619], [93.608017, 25.202051], [93.604286, 25.204321], [93.601036, 25.202393], [93.597099, 25.2043], [93.593033, 25.203913], [93.592857, 25.206671], [93.594841, 25.21113], [93.59198, 25.213909], [93.590286, 25.21995], [93.588058, 25.22217], [93.585846, 25.222311], [93.58165, 25.226009], [93.578201, 25.225691], [93.574852, 25.227551], [93.570763, 25.23245], [93.570099, 25.235609], [93.563133, 25.24659], [93.55471, 25.250528], [93.547173, 25.248491], [93.541206, 25.24538], [93.529358, 25.24836], [93.520607, 25.248781], [93.516426, 25.24477], [93.50843, 25.24371], [93.505142, 25.244131], [93.504173, 25.253382], [93.510788, 25.275608], [93.504379, 25.27577], [93.494896, 25.278721], [93.487541, 25.27593], [93.483383, 25.27664], [93.476753, 25.279039], [93.472588, 25.28544], [93.474632, 25.292419], [93.475136, 25.299681], [93.474022, 25.30928], [93.467979, 25.31381], [93.463127, 25.31986], [93.456703, 25.32526], [93.45797, 25.330051], [93.461937, 25.33659], [93.457909, 25.340919], [93.451889, 25.344191], [93.453743, 25.34812], [93.462318, 25.35887], [93.466263, 25.361731], [93.478218, 25.379883], [93.477287, 25.386009], [93.473938, 25.39311], [93.467186, 25.403061], [93.463257, 25.410961], [93.465408, 25.415871], [93.465149, 25.423403], [93.461868, 25.434698], [93.456871, 25.44195], [93.443596, 25.450609], [93.434959, 25.454773], [93.427513, 25.455261], [93.42202, 25.4548], [93.417107, 25.452791], [93.402916, 25.459183], [93.39592, 25.464121], [93.390419, 25.46917], [93.391907, 25.474201], [93.391037, 25.478043], [93.391312, 25.48143], [93.390503, 25.485628], [93.3871, 25.490311], [93.386368, 25.493351], [93.383041, 25.497568], [93.371819, 25.501131], [93.371147, 25.50515], [93.366898, 25.50787], [93.365021, 25.510139], [93.366821, 25.512873], [93.364723, 25.516169], [93.360046, 25.520323], [93.357567, 25.52767], [93.354179, 25.531191], [93.350166, 25.53367], [93.352341, 25.537571], [93.349228, 25.538328], [93.344582, 25.536079], [93.340393, 25.537291], [93.335747, 25.54541], [93.331741, 25.54681]]]}, "properties": {"name": "Peren", "state": "Nagaland"}}, {"type": "Feature", "geometry": {"type": "Polygon", "coordinates": [[[94.19487, 25.552429], [94.195717, 25.55302], [94.199768, 25.558109], [94.194969, 25.57023], [94.195953, 25.577131], [94.202637, 25.591282], [94.207932, 25.599138], [94.211273, 25.602791], [94.21579, 25.614731], [94.214958, 25.618759], [94.213432, 25.619211], [94.211517, 25.622082], [94.212807, 25.63711], [94.215233, 25.63735], [94.217819, 25.63892], [94.221817, 25.657263], [94.221352, 25.661848], [94.219109, 25.663851], [94.218216, 25.673981], [94.216393, 25.679899], [94.219109, 25.687571], [94.220612, 25.690121], [94.228249, 25.697929], [94.231812, 25.70388], [94.233231, 25.716028], [94.238716, 25.7285], [94.251167, 25.749693], [94.259697, 25.761671], [94.264381, 25.770321], [94.269737, 25.784679], [94.279282, 25.80172], [94.281799, 25.805363], [94.295929, 25.80127], [94.306198, 25.789629], [94.321266, 25.796476], [94.364403, 25.817703], [94.430824, 25.843725], [94.458221, 25.847149], [94.466133, 25.847149], [94.469513, 25.836309], [94.471786, 25.83534], [94.480179, 25.836533], [94.493401, 25.836691], [94.497849, 25.83534], [94.5, 25.833397], [94.505669, 25.828279], [94.514832, 25.824289], [94.518051, 25.821081], [94.520363, 25.822302], [94.522316, 25.826271], [94.525101, 25.827721], [94.531342, 25.826771], [94.547318, 25.814913], [94.546913, 25.80714], [94.542656, 25.800053], [94.53772, 25.789331], [94.543312, 25.785952], [94.546227, 25.786421], [94.559799, 25.78307], [94.568596, 25.782871], [94.592926, 25.785551], [94.593987, 25.78487], [94.598679, 25.78516], [94.603836, 25.783052], [94.604858, 25.781101], [94.611221, 25.782791], [94.614517, 25.785332], [94.619911, 25.781952], [94.625252, 25.77586], [94.632622, 25.773479], [94.641068, 25.77327], [94.645882, 25.776171], [94.649261, 25.78009], [94.655739, 25.78224], [94.664177, 25.781448], [94.689766, 25.769159], [94.702972, 25.76458], [94.713387, 25.763411], [94.716682, 25.764], [94.721451, 25.75675], [94.720741, 25.74836], [94.721169, 25.74334], [94.722511, 25.733452], [94.720932, 25.731531], [94.726143, 25.72736], [94.730438, 25.728691], [94.729691, 25.73209], [94.726952, 25.7334], [94.728348, 25.735081], [94.727219, 25.737961], [94.72403, 25.74024], [94.724243, 25.746351], [94.728676, 25.747669], [94.727219, 25.753839], [94.731796, 25.755171], [94.730888, 25.759489], [94.736496, 25.76042], [94.738358, 25.765032], [94.74279, 25.76849], [94.743156, 25.77356], [94.744507, 25.77667], [94.752708, 25.78014], [94.754173, 25.785089], [94.755951, 25.786251], [94.758606, 25.786661], [94.772797, 25.785822], [94.789742, 25.78293], [94.808022, 25.774401], [94.835052, 25.759083], [94.838608, 25.752531], [94.859192, 25.730871], [94.862671, 25.72333], [94.860397, 25.692211], [94.854141, 25.668989], [94.851837, 25.65678], [94.851372, 25.640381], [94.855339, 25.625542], [94.8564, 25.61743], [94.857216, 25.61611], [94.863487, 25.61623], [94.873016, 25.613201], [94.87632, 25.60549], [94.88324, 25.595091], [94.888817, 25.59317], [94.888977, 25.593111], [94.888924, 25.592875], [94.889168, 25.59218], [94.888718, 25.592003], [94.887703, 25.58762], [94.891891, 25.58206], [94.897079, 25.5774], [94.90416, 25.57118], [94.904991, 25.56711], [94.887833, 25.565418], [94.858551, 25.563402], [94.856781, 25.56344], [94.856476, 25.563326], [94.853012, 25.563301], [94.849937, 25.560875], [94.849442, 25.56069], [94.848, 25.559349], [94.843422, 25.55574], [94.836861, 25.550489], [94.833923, 25.54673], [94.829796, 25.538391], [94.829674, 25.534861], [94.829613, 25.53298], [94.828842, 25.528118], [94.825333, 25.520941], [94.82209, 25.517191], [94.820236, 25.513681], [94.818649, 25.506851], [94.815559, 25.499928], [94.812492, 25.495371], [94.805878, 25.493361], [94.797119, 25.493731], [94.789833, 25.491199], [94.784523, 25.490179], [94.778961, 25.48428], [94.772743, 25.481293], [94.767059, 25.48243], [94.764526, 25.485432], [94.762321, 25.491501], [94.756683, 25.49202], [94.75576, 25.489], [94.755417, 25.487881], [94.751549, 25.48251], [94.746513, 25.47913], [94.739212, 25.47678], [94.730888, 25.474701], [94.721786, 25.47246], [94.71463, 25.471003], [94.702431, 25.468601], [94.700928, 25.468496], [94.695671, 25.46813], [94.688637, 25.4655], [94.682426, 25.45973], [94.669762, 25.45536], [94.665977, 25.4554], [94.658737, 25.45705], [94.656456, 25.458601], [94.648232, 25.46162], [94.632973, 25.465658], [94.625343, 25.46909], [94.607483, 25.482441], [94.597366, 25.486259], [94.594887, 25.48815], [94.590843, 25.48975], [94.587196, 25.492451], [94.585007, 25.49687], [94.574593, 25.50523], [94.568176, 25.50659], [94.557419, 25.51277], [94.558998, 25.52434], [94.561256, 25.530691], [94.558273, 25.53488], [94.563477, 25.539673], [94.559868, 25.54571], [94.562897, 25.549511], [94.561378, 25.560511], [94.564659, 25.56794], [94.56041, 25.567989], [94.561539, 25.578331], [94.55574, 25.585812], [94.55957, 25.59411], [94.565147, 25.6026], [94.56691, 25.604101], [94.568626, 25.607792], [94.572823, 25.611313], [94.57692, 25.620373], [94.578506, 25.626251], [94.583771, 25.634491], [94.590508, 25.64027], [94.594551, 25.642651], [94.5952, 25.64385], [94.586937, 25.646591], [94.576088, 25.644701], [94.577232, 25.648331], [94.57679, 25.65283], [94.581352, 25.657393], [94.582047, 25.66061], [94.58522, 25.661779], [94.583443, 25.66522], [94.585587, 25.67001], [94.587372, 25.671801], [94.585327, 25.67485], [94.588127, 25.677271], [94.589966, 25.68125], [94.596947, 25.686911], [94.595619, 25.69128], [94.587051, 25.691891], [94.582977, 25.693201], [94.578613, 25.695999], [94.573013, 25.697651], [94.567993, 25.692221], [94.565079, 25.68082], [94.552223, 25.667412], [94.551781, 25.66246], [94.544739, 25.657541], [94.539543, 25.651081], [94.531548, 25.650129], [94.530663, 25.64259], [94.528183, 25.644291], [94.524193, 25.643433], [94.514511, 25.630491], [94.510902, 25.62991], [94.508667, 25.6269], [94.507797, 25.61895], [94.505371, 25.616993], [94.501831, 25.620022], [94.5, 25.618856], [94.499939, 25.618818], [94.499298, 25.616503], [94.493416, 25.61433], [94.491112, 25.61865], [94.49118, 25.619799], [94.474037, 25.621641], [94.449272, 25.601089], [94.447823, 25.598042], [94.444283, 25.59601], [94.437737, 25.59586], [94.430023, 25.592722], [94.425659, 25.58147], [94.422379, 25.575991], [94.425102, 25.573], [94.426392, 25.561451], [94.425591, 25.552919], [94.420273, 25.54265], [94.416809, 25.541941], [94.410896, 25.543518], [94.404488, 25.540899], [94.388542, 25.53657], [94.36467, 25.52149], [94.32901, 25.50835], [94.320686, 25.499281], [94.313538, 25.494471], [94.308983, 25.493801], [94.302643, 25.494633], [94.298996, 25.50071], [94.290741, 25.50952], [94.286743, 25.5117], [94.279869, 25.505451], [94.274147, 25.502991], [94.266937, 25.502439], [94.257263, 25.50342], [94.25206, 25.499071], [94.231743, 25.49831], [94.229141, 25.49601], [94.222977, 25.496773], [94.219856, 25.49963], [94.214851, 25.50024], [94.212807, 25.502821], [94.212929, 25.508171], [94.206902, 25.511641], [94.206886, 25.51395], [94.199249, 25.52277], [94.190727, 25.530781], [94.19014, 25.53463], [94.193909, 25.542198], [94.19487, 25.552429]]]}, "properties": {"name": "Phek", "state": "Nagaland"}}, {"type": "Feature", "geometry": {"type": "Polygon", "coordinates": [[[94.66832, 26.019569], [94.672279, 26.02313], [94.679131, 26.03376], [94.686653, 26.041559], [94.695282, 26.047029], [94.699806, 26.051001], [94.706207, 26.057871], [94.701637, 26.073631], [94.696991, 26.078449], [94.694069, 26.094511], [94.690773, 26.103731], [94.691139, 26.10914], [94.689339, 26.123442], [94.690033, 26.134991], [94.69239, 26.143721], [94.702217, 26.155121], [94.704117, 26.16176], [94.705048, 26.177938], [94.700867, 26.177071], [94.698456, 26.187099], [94.693611, 26.198709], [94.682716, 26.205111], [94.675186, 26.213301], [94.669197, 26.21454], [94.662086, 26.20822], [94.656479, 26.209631], [94.648148, 26.219021], [94.642937, 26.22366], [94.635132, 26.213182], [94.630409, 26.208641], [94.622971, 26.204458], [94.614349, 26.20278], [94.609779, 26.203279], [94.606323, 26.20422], [94.597397, 26.21059], [94.588936, 26.219318], [94.587662, 26.224079], [94.588867, 26.22633], [94.589272, 26.23365], [94.588402, 26.241232], [94.579712, 26.24404], [94.57711, 26.24843], [94.565681, 26.261259], [94.56517, 26.266781], [94.566292, 26.269661], [94.566566, 26.275591], [94.565399, 26.28451], [94.567917, 26.289011], [94.572762, 26.294481], [94.584259, 26.295561], [94.589157, 26.3053], [94.59407, 26.30382], [94.597687, 26.30864], [94.600113, 26.313969], [94.611351, 26.32465], [94.623848, 26.33305], [94.629173, 26.33548], [94.631752, 26.339203], [94.634918, 26.339823], [94.642113, 26.339571], [94.650238, 26.345381], [94.653152, 26.346512], [94.654663, 26.353201], [94.656433, 26.3538], [94.655052, 26.358271], [94.655251, 26.36166], [94.657158, 26.36692], [94.665337, 26.374573], [94.665817, 26.37705], [94.662468, 26.381651], [94.666557, 26.384138], [94.670563, 26.38385], [94.673698, 26.38826], [94.678589, 26.38987], [94.688881, 26.402948], [94.690201, 26.40872], [94.692657, 26.41054], [94.693848, 26.412741], [94.698059, 26.415901], [94.700989, 26.41617], [94.706261, 26.41802], [94.705742, 26.424971], [94.706429, 26.430611], [94.711472, 26.445061], [94.711418, 26.445192], [94.717422, 26.449121], [94.721794, 26.449146], [94.731331, 26.451742], [94.733551, 26.454157], [94.737648, 26.455956], [94.741493, 26.455591], [94.749001, 26.457504], [94.754761, 26.456961], [94.760429, 26.455549], [94.764267, 26.455185], [94.76799, 26.449587], [94.769783, 26.444172], [94.771782, 26.440485], [94.774483, 26.434544], [94.778908, 26.434999], [94.788567, 26.426214], [94.791924, 26.425896], [94.802391, 26.41572], [94.808327, 26.412533], [94.812981, 26.41078], [94.81636, 26.406523], [94.820435, 26.40395], [94.823662, 26.398396], [94.828285, 26.392273], [94.836952, 26.387512], [94.846802, 26.380453], [94.861229, 26.375143], [94.874168, 26.377844], [94.881851, 26.377111], [94.892357, 26.375669], [94.900589, 26.371384], [94.905396, 26.370926], [94.9105, 26.37306], [94.911819, 26.372221], [94.916931, 26.371731], [94.916611, 26.375237], [94.921631, 26.377722], [94.925499, 26.379316], [94.92897, 26.379999], [94.92897, 26.378298], [94.930008, 26.375181], [94.942467, 26.374146], [94.94973, 26.365841], [94.94973, 26.357534], [94.946617, 26.347155], [94.938309, 26.337812], [94.937271, 26.324314], [94.944542, 26.312895], [94.960114, 26.302511], [94.97361, 26.302511], [94.992294, 26.300436], [95.007866, 26.289017], [95.020325, 26.289017], [95.029671, 26.293171], [95.04213, 26.308743], [95.062889, 26.317045], [95.094032, 26.328466], [95.119987, 26.327429], [95.128227, 26.32926], [95.128746, 26.32535], [95.129372, 26.321642], [95.129898, 26.317223], [95.131233, 26.307371], [95.131538, 26.302582], [95.130829, 26.296551], [95.131149, 26.2925], [95.129791, 26.288721], [95.12709, 26.284981], [95.121269, 26.279371], [95.120697, 26.274872], [95.122688, 26.268709], [95.124908, 26.26425], [95.128738, 26.260233], [95.129669, 26.25617], [95.128319, 26.252581], [95.125778, 26.245838], [95.122902, 26.24255], [95.121231, 26.238701], [95.123138, 26.232981], [95.128372, 26.22949], [95.133209, 26.225641], [95.140587, 26.21813], [95.14254, 26.214241], [95.138229, 26.209242], [95.134201, 26.20767], [95.128296, 26.20315], [95.124672, 26.196621], [95.127731, 26.193958], [95.125816, 26.18272], [95.122986, 26.176338], [95.120216, 26.172251], [95.118057, 26.16894], [95.116837, 26.16301], [95.120499, 26.155109], [95.123787, 26.149111], [95.127876, 26.136971], [95.125359, 26.131323], [95.123177, 26.127663], [95.120888, 26.122], [95.120567, 26.109741], [95.123253, 26.10421], [95.126717, 26.101], [95.1315, 26.100311], [95.138046, 26.102558], [95.144226, 26.10095], [95.14798, 26.097919], [95.151627, 26.094891], [95.157463, 26.096163], [95.165916, 26.09901], [95.17099, 26.096783], [95.176987, 26.092279], [95.180153, 26.089809], [95.185356, 26.084682], [95.185699, 26.080351], [95.183571, 26.074511], [95.18161, 26.072588], [95.180313, 26.07131], [95.177528, 26.06756], [95.173027, 26.06176], [95.168053, 26.05777], [95.165573, 26.053379], [95.165192, 26.044559], [95.165001, 26.038872], [95.164886, 26.037251], [95.164719, 26.035002], [95.162636, 26.03142], [95.161407, 26.030291], [95.148911, 26.01881], [95.142647, 26.010868], [95.140663, 26.006472], [95.136627, 26.004181], [95.131546, 26.000101], [95.127983, 25.995279], [95.117538, 25.987749], [95.110107, 25.975679], [95.109718, 25.974876], [95.106468, 25.968151], [95.100166, 25.964947], [95.093353, 25.961481], [95.088478, 25.957573], [95.078949, 25.950838], [95.073441, 25.94903], [95.065498, 25.94768], [95.057411, 25.946978], [95.053062, 25.944502], [95.049957, 25.93922], [95.044899, 25.93479], [95.036697, 25.93507], [95.035843, 25.931471], [95.036179, 25.928612], [95.036362, 25.92704], [95.033112, 25.924381], [95.02803, 25.919849], [95.021866, 25.91], [95.021461, 25.909019], [95.020096, 25.905701], [95.019333, 25.90102], [95.019783, 25.898001], [95.020302, 25.89451], [95.022171, 25.887541], [95.019028, 25.88479], [95.017479, 25.882942], [95.015572, 25.880672], [95.015572, 25.880537], [95.013031, 25.880514], [95.004265, 25.879475], [94.998413, 25.877884], [94.992546, 25.873598], [94.986816, 25.873072], [94.98175, 25.873024], [94.976685, 25.878096], [94.973602, 25.884863], [94.973381, 25.890547], [94.968414, 25.89642], [94.960915, 25.896063], [94.953812, 25.896479], [94.949501, 25.900398], [94.942604, 25.905107], [94.935997, 25.917337], [94.936684, 25.923201], [94.939514, 25.926973], [94.93943, 25.931295], [94.935974, 25.934864], [94.933182, 25.93648], [94.928596, 25.943121], [94.925026, 25.943195], [94.921173, 25.94087], [94.913567, 25.937017], [94.905014, 25.93784], [94.900002, 25.93832], [94.889198, 25.937738], [94.880806, 25.939892], [94.879005, 25.939795], [94.873833, 25.938942], [94.868744, 25.936195], [94.864006, 25.933952], [94.857208, 25.931908], [94.852547, 25.927771], [94.848343, 25.924936], [94.844666, 25.926636], [94.846115, 25.931351], [94.848259, 25.934381], [94.852074, 25.936441], [94.854156, 25.938938], [94.854828, 25.94211], [94.856812, 25.943808], [94.858475, 25.950388], [94.864334, 25.957106], [94.865784, 25.961819], [94.867943, 25.967543], [94.870956, 25.972916], [94.872765, 25.978134], [94.877739, 25.984938], [94.878052, 25.987602], [94.88147, 25.99132], [94.882095, 25.996651], [94.884995, 25.998529], [94.88913, 25.998133], [94.893227, 25.997471], [94.894302, 25.998985], [94.890732, 26.004179], [94.880394, 26.012615], [94.87825, 26.013748], [94.871155, 26.013304], [94.864403, 26.015823], [94.864388, 26.019194], [94.856323, 26.028202], [94.85128, 26.034676], [94.847229, 26.035437], [94.844032, 26.029377], [94.83931, 26.027956], [94.835205, 26.028349], [94.82399, 26.024551], [94.820335, 26.024504], [94.818344, 26.022963], [94.816063, 26.021294], [94.813286, 26.015358], [94.807213, 26.011894], [94.801743, 26.011066], [94.795174, 26.008457], [94.788544, 26.005316], [94.785095, 26.006453], [94.781075, 26.01034], [94.771828, 26.015934], [94.765747, 26.019613], [94.757576, 26.021198], [94.749519, 26.021156], [94.740311, 26.016369], [94.731598, 26.020969], [94.724251, 26.021935], [94.714668, 26.01907], [94.705215, 26.012148], [94.701553, 26.011415], [94.692673, 26.011986], [94.687111, 26.010355], [94.6772, 26.012371], [94.66832, 26.019569]]]}, "properties": {"name": "Tuensang", "state": "Nagaland"}}, {"type": "Feature", "geometry": {"type": "Polygon", "coordinates": [[[94.167671, 26.35331], [94.164467, 26.360121], [94.173576, 26.367579], [94.175606, 26.371759], [94.175491, 26.374451], [94.174049, 26.377823], [94.179092, 26.388721], [94.176941, 26.399561], [94.176842, 26.41341], [94.174011, 26.420891], [94.176521, 26.42807], [94.175758, 26.431801], [94.186546, 26.46051], [94.201118, 26.4699], [94.209366, 26.483723], [94.211487, 26.489849], [94.223618, 26.50057], [94.22892, 26.503262], [94.239891, 26.511431], [94.244827, 26.51692], [94.252052, 26.527733], [94.253319, 26.53253], [94.262573, 26.543949], [94.276741, 26.55884], [94.282288, 26.56354], [94.289787, 26.56411], [94.28891, 26.5599], [94.285309, 26.558241], [94.284836, 26.555363], [94.285622, 26.54657], [94.284943, 26.540291], [94.285622, 26.534092], [94.289063, 26.525171], [94.288788, 26.518318], [94.287071, 26.514961], [94.287239, 26.50852], [94.290237, 26.49597], [94.292427, 26.49003], [94.293922, 26.480742], [94.303307, 26.46726], [94.310982, 26.466061], [94.313477, 26.465], [94.316513, 26.462931], [94.316811, 26.459831], [94.310806, 26.45179], [94.30117, 26.441233], [94.29248, 26.42309], [94.29361, 26.415861], [94.296211, 26.411711], [94.299828, 26.408661], [94.30407, 26.402809], [94.306061, 26.397141], [94.304443, 26.386299], [94.305748, 26.3846], [94.309906, 26.388231], [94.316399, 26.397362], [94.326317, 26.405001], [94.327797, 26.407103], [94.330399, 26.40593], [94.331337, 26.40111], [94.334663, 26.393969], [94.34317, 26.386061], [94.344849, 26.3843], [94.348511, 26.382521], [94.354858, 26.3759], [94.356216, 26.369987], [94.359329, 26.362619], [94.355568, 26.34951], [94.350243, 26.33993], [94.350212, 26.337631], [94.352921, 26.33584], [94.357033, 26.337339], [94.35907, 26.34128], [94.364723, 26.342461], [94.36676, 26.342428], [94.367836, 26.3382], [94.355507, 26.319891], [94.355659, 26.313969], [94.358177, 26.304331], [94.358627, 26.29463], [94.360878, 26.280809], [94.360939, 26.27702], [94.35997, 26.27331], [94.351112, 26.257761], [94.348122, 26.254551], [94.343643, 26.251431], [94.340286, 26.250059], [94.338097, 26.246851], [94.340843, 26.243801], [94.343178, 26.243999], [94.348877, 26.246351], [94.355919, 26.247601], [94.360443, 26.24641], [94.363441, 26.242371], [94.373573, 26.236952], [94.378708, 26.23317], [94.384743, 26.232861], [94.387901, 26.231421], [94.389191, 26.225521], [94.382156, 26.211201], [94.374046, 26.200319], [94.370377, 26.197418], [94.363068, 26.193829], [94.356308, 26.19228], [94.349648, 26.186531], [94.345863, 26.184811], [94.337799, 26.18404], [94.338432, 26.179741], [94.34156, 26.175819], [94.351776, 26.176041], [94.351227, 26.171089], [94.349617, 26.16836], [94.353996, 26.159573], [94.362709, 26.151491], [94.366707, 26.14292], [94.378807, 26.136261], [94.386887, 26.1276], [94.390053, 26.119881], [94.389267, 26.11705], [94.385956, 26.113083], [94.383217, 26.104698], [94.386429, 26.095091], [94.388641, 26.091221], [94.39119, 26.089361], [94.39119, 26.086481], [94.389381, 26.08341], [94.388512, 26.079033], [94.385788, 26.077181], [94.381302, 26.07091], [94.379387, 26.06426], [94.377602, 26.06061], [94.374832, 26.058559], [94.3722, 26.04862], [94.367928, 26.04003], [94.362396, 26.03207], [94.363831, 26.03146], [94.361496, 26.025202], [94.361137, 26.019682], [94.35968, 26.014832], [94.355278, 26.01218], [94.347191, 26.008369], [94.344833, 26.00601], [94.341568, 26.002602], [94.340103, 26.00178], [94.336601, 26.002451], [94.333153, 26.005978], [94.329666, 26.009411], [94.323402, 26.021318], [94.317337, 26.023062], [94.314796, 26.01824], [94.310486, 26.01823], [94.306557, 26.01355], [94.300873, 26.01255], [94.295219, 26.013042], [94.287567, 26.013901], [94.277527, 26.016331], [94.274017, 26.015009], [94.265823, 26.011921], [94.258911, 26.012268], [94.242981, 26.00873], [94.239273, 26.009821], [94.23246, 26.014931], [94.225746, 26.0215], [94.222366, 26.026901], [94.21946, 26.029381], [94.216133, 26.024151], [94.212883, 26.02092], [94.213852, 26.016573], [94.209442, 26.009201], [94.203499, 26.005491], [94.199173, 25.99836], [94.194313, 25.99189], [94.190536, 25.992731], [94.186981, 25.99225], [94.175728, 25.984819], [94.173126, 25.981119], [94.169197, 25.978621], [94.16523, 25.978661], [94.158127, 25.981661], [94.136612, 25.994251], [94.125893, 25.993441], [94.116379, 25.990561], [94.107246, 25.990101], [94.101807, 25.987808], [94.098076, 25.98501], [94.088737, 25.969431], [94.084732, 25.967541], [94.079208, 25.96666], [94.069252, 25.95789], [94.065399, 25.958721], [94.060593, 25.953913], [94.052628, 25.94924], [94.046967, 25.944469], [94.036957, 25.94264], [94.01664, 25.94038], [94.008667, 25.936621], [94.005257, 25.93292], [94.000122, 25.934549], [93.996712, 25.93292], [93.995117, 25.93399], [93.991638, 25.934311], [93.991821, 25.93259], [93.998817, 25.930521], [93.995819, 25.92548], [93.988457, 25.925381], [93.982681, 25.92627], [93.971092, 25.944853], [93.970848, 25.95326], [93.969208, 25.96084], [93.956009, 25.97419], [93.958046, 25.981571], [93.960587, 25.997009], [93.958977, 26.002459], [93.955986, 26.00457], [93.954887, 26.00733], [93.958382, 26.01189], [93.962662, 26.02216], [93.963127, 26.033352], [93.965889, 26.0424], [93.972633, 26.044962], [93.974503, 26.05216], [93.980812, 26.058632], [93.991119, 26.072639], [93.989388, 26.07412], [93.986023, 26.083569], [93.986427, 26.088301], [93.990967, 26.089491], [93.992493, 26.092781], [93.992172, 26.09783], [93.994133, 26.106089], [93.999573, 26.108471], [94.002167, 26.11138], [94.002136, 26.114861], [93.999863, 26.11591], [93.994957, 26.115702], [93.991241, 26.11812], [93.992821, 26.12027], [93.996483, 26.12237], [93.996613, 26.128139], [93.998329, 26.129358], [93.998306, 26.13098], [93.993263, 26.132818], [93.990753, 26.133871], [93.993202, 26.13739], [93.996277, 26.137411], [93.999657, 26.136499], [94.003098, 26.139021], [94.005226, 26.141861], [94.006363, 26.14724], [94.002907, 26.151339], [93.999657, 26.158241], [94.004349, 26.16407], [94.003899, 26.16938], [94.004807, 26.173271], [94.008766, 26.180531], [94.013, 26.186281], [94.021957, 26.19146], [94.026619, 26.197149], [94.031097, 26.19939], [94.035736, 26.20319], [94.036819, 26.209721], [94.03656, 26.21771], [94.040466, 26.223511], [94.03817, 26.229511], [94.041786, 26.233891], [94.04422, 26.239969], [94.049133, 26.250212], [94.052856, 26.255791], [94.064636, 26.26177], [94.070473, 26.260031], [94.076019, 26.269239], [94.07782, 26.275351], [94.07682, 26.2852], [94.080063, 26.288811], [94.084442, 26.288601], [94.087227, 26.290421], [94.090286, 26.297131], [94.098076, 26.30294], [94.102676, 26.308691], [94.104477, 26.322041], [94.108047, 26.326401], [94.11129, 26.32605], [94.118408, 26.32272], [94.128723, 26.32325], [94.119362, 26.33049], [94.11937, 26.3337], [94.12397, 26.335911], [94.135658, 26.338219], [94.138771, 26.341553], [94.142647, 26.342131], [94.143837, 26.3402], [94.142242, 26.33604], [94.146713, 26.335421], [94.149323, 26.339081], [94.154533, 26.339981], [94.16452, 26.33934], [94.17215, 26.34441], [94.175507, 26.344219], [94.179283, 26.35084], [94.179993, 26.35412], [94.175339, 26.355131], [94.16938, 26.354061], [94.167671, 26.35331]]]}, "properties": {"name": "Wokha", "state": "Nagaland"}}, {"type": "Feature", "geometry": {"type": "Polygon", "coordinates": [[[94.281799, 25.805363], [94.267853, 25.817703], [94.253471, 25.83003], [94.241829, 25.845779], [94.222656, 25.864269], [94.216492, 25.878649], [94.218544, 25.890289], [94.234299, 25.90741], [94.247993, 25.918365], [94.270592, 25.922474], [94.285652, 25.934801], [94.289078, 25.944387], [94.287025, 25.953974], [94.282234, 25.965614], [94.27607, 25.98068], [94.274017, 25.997114], [94.274017, 26.015009], [94.277527, 26.016331], [94.287567, 26.013901], [94.295219, 26.013042], [94.300873, 26.01255], [94.306557, 26.01355], [94.310486, 26.01823], [94.314796, 26.01824], [94.317337, 26.023062], [94.323402, 26.021318], [94.329666, 26.009411], [94.333153, 26.005978], [94.336601, 26.002451], [94.340103, 26.00178], [94.341568, 26.002602], [94.344833, 26.00601], [94.347191, 26.008369], [94.355278, 26.01218], [94.35968, 26.014832], [94.361137, 26.019682], [94.361496, 26.025202], [94.363831, 26.03146], [94.362396, 26.03207], [94.367928, 26.04003], [94.3722, 26.04862], [94.374832, 26.058559], [94.377602, 26.06061], [94.379387, 26.06426], [94.381302, 26.07091], [94.385788, 26.077181], [94.388512, 26.079033], [94.389381, 26.08341], [94.39119, 26.086481], [94.39119, 26.089361], [94.388641, 26.091221], [94.386429, 26.095091], [94.383217, 26.104698], [94.385956, 26.113083], [94.389267, 26.11705], [94.390053, 26.119881], [94.386887, 26.1276], [94.378807, 26.136261], [94.366707, 26.14292], [94.362709, 26.151491], [94.353996, 26.159573], [94.349617, 26.16836], [94.351227, 26.171089], [94.351776, 26.176041], [94.34156, 26.175819], [94.338432, 26.179741], [94.337799, 26.18404], [94.345863, 26.184811], [94.349648, 26.186531], [94.356308, 26.19228], [94.363068, 26.193829], [94.370377, 26.197418], [94.381256, 26.199572], [94.388626, 26.20245], [94.395882, 26.206591], [94.410683, 26.21682], [94.415436, 26.216381], [94.43737, 26.208973], [94.443596, 26.20952], [94.447868, 26.21291], [94.447411, 26.219521], [94.450668, 26.227051], [94.454483, 26.231649], [94.458458, 26.24201], [94.455757, 26.248751], [94.463531, 26.265779], [94.471039, 26.27808], [94.475082, 26.280901], [94.475868, 26.28879], [94.477783, 26.292608], [94.488426, 26.2952], [94.489899, 26.29067], [94.490242, 26.284868], [94.493172, 26.278822], [94.499916, 26.27426], [94.5, 26.274078], [94.502296, 26.269121], [94.504807, 26.25765], [94.509407, 26.250759], [94.511009, 26.245901], [94.513832, 26.243299], [94.514839, 26.239969], [94.512886, 26.23822], [94.504173, 26.23469], [94.50325, 26.232611], [94.503792, 26.229], [94.500801, 26.224941], [94.501686, 26.219938], [94.506126, 26.21777], [94.51355, 26.217751], [94.524391, 26.2162], [94.531227, 26.217609], [94.535423, 26.222561], [94.542908, 26.21278], [94.550766, 26.207941], [94.562447, 26.209101], [94.569817, 26.213001], [94.576668, 26.215219], [94.580238, 26.219193], [94.587662, 26.224079], [94.588936, 26.219318], [94.597397, 26.21059], [94.606323, 26.20422], [94.609779, 26.203279], [94.614349, 26.20278], [94.622971, 26.204458], [94.630409, 26.208641], [94.635132, 26.213182], [94.642937, 26.22366], [94.648148, 26.219021], [94.656479, 26.209631], [94.662086, 26.20822], [94.669197, 26.21454], [94.675186, 26.213301], [94.682716, 26.205111], [94.693611, 26.198709], [94.698456, 26.187099], [94.700867, 26.177071], [94.705048, 26.177938], [94.704117, 26.16176], [94.702217, 26.155121], [94.69239, 26.143721], [94.690033, 26.134991], [94.689339, 26.123442], [94.691139, 26.10914], [94.690773, 26.103731], [94.694069, 26.094511], [94.696991, 26.078449], [94.701637, 26.073631], [94.706207, 26.057871], [94.699806, 26.051001], [94.695282, 26.047029], [94.686653, 26.041559], [94.679131, 26.03376], [94.672279, 26.02313], [94.66832, 26.019569], [94.6632, 26.013231], [94.660141, 26.011051], [94.65876, 26.00672], [94.655586, 26.003639], [94.62545, 25.957741], [94.613037, 25.944639], [94.610329, 25.937658], [94.602509, 25.93005], [94.596802, 25.921751], [94.582703, 25.908741], [94.577042, 25.901411], [94.576637, 25.89802], [94.580017, 25.89279], [94.590981, 25.888561], [94.596352, 25.883961], [94.605202, 25.870663], [94.609138, 25.860432], [94.613838, 25.853189], [94.614792, 25.84478], [94.613762, 25.841791], [94.606583, 25.834351], [94.61364, 25.823601], [94.615532, 25.82217], [94.624443, 25.824621], [94.633347, 25.820271], [94.649162, 25.821991], [94.65963, 25.818279], [94.667053, 25.813919], [94.684196, 25.806669], [94.699959, 25.794788], [94.70211, 25.79221], [94.711296, 25.775999], [94.716682, 25.764], [94.713387, 25.763411], [94.702972, 25.76458], [94.689766, 25.769159], [94.664177, 25.781448], [94.655739, 25.78224], [94.649261, 25.78009], [94.645882, 25.776171], [94.641068, 25.77327], [94.632622, 25.773479], [94.625252, 25.77586], [94.619911, 25.781952], [94.614517, 25.785332], [94.611221, 25.782791], [94.604858, 25.781101], [94.603836, 25.783052], [94.598679, 25.78516], [94.593987, 25.78487], [94.592926, 25.785551], [94.568596, 25.782871], [94.559799, 25.78307], [94.546227, 25.786421], [94.543312, 25.785952], [94.53772, 25.789331], [94.542656, 25.800053], [94.546913, 25.80714], [94.547318, 25.814913], [94.531342, 25.826771], [94.525101, 25.827721], [94.522316, 25.826271], [94.520363, 25.822302], [94.518051, 25.821081], [94.514832, 25.824289], [94.505669, 25.828279], [94.5, 25.833397], [94.497849, 25.83534], [94.493401, 25.836691], [94.480179, 25.836533], [94.471786, 25.83534], [94.469513, 25.836309], [94.466133, 25.847149], [94.458221, 25.847149], [94.430824, 25.843725], [94.364403, 25.817703], [94.321266, 25.796476], [94.306198, 25.789629], [94.295929, 25.80127], [94.281799, 25.805363]]]}, "properties": {"name": "Zunheboto", "state": "Nagaland"}}, {"type": "Feature", "geometry": {"type": "Polygon", "coordinates": [[[88.520752, 27.178181], [88.499016, 27.185129], [88.492073, 27.193291], [88.486313, 27.20233], [88.48748, 27.218481], [88.489761, 27.230532], [88.485939, 27.23954], [88.475998, 27.24674], [88.470482, 27.247431], [88.459846, 27.250551], [88.454056, 27.25597], [88.442093, 27.261259], [88.438591, 27.266533], [88.436668, 27.27396], [88.437668, 27.281231], [88.443336, 27.296009], [88.442062, 27.30092], [88.446907, 27.30596], [88.449547, 27.31538], [88.456779, 27.317661], [88.462112, 27.321918], [88.469032, 27.323792], [88.477791, 27.328791], [88.481339, 27.333672], [88.483337, 27.342531], [88.476776, 27.352659], [88.475311, 27.360479], [88.476067, 27.36636], [88.481003, 27.378401], [88.486237, 27.37871], [88.496292, 27.38253], [88.508797, 27.389551], [88.514183, 27.394569], [88.518242, 27.397148], [88.523979, 27.39617], [88.528801, 27.39666], [88.538857, 27.39406], [88.549896, 27.392389], [88.577049, 27.39448], [88.585808, 27.39632], [88.588791, 27.39238], [88.594803, 27.39076], [88.610901, 27.387758], [88.621902, 27.3873], [88.632637, 27.38855], [88.635971, 27.3909], [88.644157, 27.39188], [88.654007, 27.39109], [88.658592, 27.39308], [88.670326, 27.400143], [88.674362, 27.40003], [88.681992, 27.398109], [88.690033, 27.39838], [88.695473, 27.40177], [88.707413, 27.412149], [88.713898, 27.416691], [88.726646, 27.4193], [88.748886, 27.4147], [88.762466, 27.413691], [88.768318, 27.41637], [88.777443, 27.422859], [88.782387, 27.42177], [88.792473, 27.41641], [88.806007, 27.41424], [88.807121, 27.4112], [88.80806, 27.408642], [88.809326, 27.40519], [88.810097, 27.404758], [88.810097, 27.404301], [88.811363, 27.403181], [88.81176, 27.403021], [88.81176, 27.402561], [88.817451, 27.400711], [88.819206, 27.399323], [88.81926, 27.399256], [88.819321, 27.399183], [88.820839, 27.397369], [88.821701, 27.39572], [88.82238, 27.394081], [88.825363, 27.391439], [88.825363, 27.390991], [88.825363, 27.39056], [88.8312, 27.38875], [88.832718, 27.386511], [88.833168, 27.386511], [88.833496, 27.386511], [88.833488, 27.386051], [88.834236, 27.385839], [88.834442, 27.384607], [88.834732, 27.3829], [88.835518, 27.382441], [88.83831, 27.37883], [88.839828, 27.378159], [88.841347, 27.377701], [88.842346, 27.377941], [88.844116, 27.37908], [88.844513, 27.37973], [88.847183, 27.380859], [88.848297, 27.382681], [88.848358, 27.382769], [88.848953, 27.3836], [88.852707, 27.38633], [88.856537, 27.38678], [88.858833, 27.38587], [88.861633, 27.383619], [88.862137, 27.382509], [88.863136, 27.38068], [88.864662, 27.37977], [88.867218, 27.36825], [88.868752, 27.367361], [88.869423, 27.367182], [88.870468, 27.366886], [88.87915, 27.364441], [88.87925, 27.364374], [88.880989, 27.36319], [88.883209, 27.35766], [88.885063, 27.346809], [88.885612, 27.345509], [88.888611, 27.338442], [88.889107, 27.338221], [88.889862, 27.336401], [88.893936, 27.333941], [88.893951, 27.333469], [88.895996, 27.333052], [88.897148, 27.333395], [88.900543, 27.33441], [88.906937, 27.330673], [88.907867, 27.33013], [88.909164, 27.330416], [88.911949, 27.33103], [88.914162, 27.3302], [88.915359, 27.329634], [88.919456, 27.3277], [88.919632, 27.326904], [88.91938, 27.324621], [88.919563, 27.323404], [88.918739, 27.32255], [88.919655, 27.322422], [88.919731, 27.321001], [88.918114, 27.318424], [88.916908, 27.316338], [88.915375, 27.314291], [88.914024, 27.312408], [88.913536, 27.310858], [88.912689, 27.309019], [88.912155, 27.308119], [88.910164, 27.306314], [88.909447, 27.305168], [88.909393, 27.304918], [88.909142, 27.303822], [88.909157, 27.302193], [88.909164, 27.301733], [88.909172, 27.300484], [88.909164, 27.300333], [88.909134, 27.299099], [88.910408, 27.297411], [88.910774, 27.296928], [88.911156, 27.2957], [88.912186, 27.293495], [88.913391, 27.291864], [88.914413, 27.29007], [88.913879, 27.288918], [88.91124, 27.286438], [88.910431, 27.28422], [88.908348, 27.281498], [88.907913, 27.279118], [88.907852, 27.276678], [88.905838, 27.275167], [88.904289, 27.273844], [88.900589, 27.273964], [88.899719, 27.272663], [88.895798, 27.270174], [88.893333, 27.269089], [88.890312, 27.268082], [88.887474, 27.26757], [88.886093, 27.267641], [88.883987, 27.267134], [88.878967, 27.261236], [88.877762, 27.261467], [88.87693, 27.261717], [88.876213, 27.261932], [88.875214, 27.262222], [88.874138, 27.262514], [88.872833, 27.262819], [88.871231, 27.263308], [88.869858, 27.263798], [88.867287, 27.264639], [88.866478, 27.264776], [88.863113, 27.264677], [88.860069, 27.264654], [88.857346, 27.264561], [88.853493, 27.26403], [88.849167, 27.263853], [88.844681, 27.263458], [88.842117, 27.263224], [88.836311, 27.262814], [88.834106, 27.262657], [88.833008, 27.262697], [88.832451, 27.262617], [88.831322, 27.262453], [88.828056, 27.257448], [88.822945, 27.255331], [88.819115, 27.253937], [88.815353, 27.252617], [88.810486, 27.250999], [88.803207, 27.247974], [88.802925, 27.246407], [88.803452, 27.244707], [88.804016, 27.243233], [88.804497, 27.241264], [88.80439, 27.240053], [88.804001, 27.238565], [88.803101, 27.235826], [88.80265, 27.232946], [88.802666, 27.23155], [88.802681, 27.230152], [88.802689, 27.22933], [88.802658, 27.228306], [88.802666, 27.227449], [88.80262, 27.226213], [88.802704, 27.223837], [88.802872, 27.222982], [88.803253, 27.221512], [88.802856, 27.220379], [88.802414, 27.218534], [88.801559, 27.217577], [88.801308, 27.216623], [88.800789, 27.215195], [88.800133, 27.213823], [88.79982, 27.212217], [88.799522, 27.208532], [88.798836, 27.20664], [88.797676, 27.205729], [88.79689, 27.204533], [88.795578, 27.202953], [88.794952, 27.201426], [88.791542, 27.196833], [88.789803, 27.196386], [88.789009, 27.195581], [88.788757, 27.195328], [88.788803, 27.194662], [88.788773, 27.193928], [88.788902, 27.192703], [88.789154, 27.191357], [88.789192, 27.191132], [88.789169, 27.190735], [88.789108, 27.18956], [88.789093, 27.189259], [88.788902, 27.188663], [88.78878, 27.187712], [88.788391, 27.18652], [88.788078, 27.184675], [88.78685, 27.181993], [88.784706, 27.182016], [88.783791, 27.182026], [88.78286, 27.182316], [88.781792, 27.182663], [88.780792, 27.183071], [88.779793, 27.183418], [88.778725, 27.183706], [88.777061, 27.183575], [88.774887, 27.182665], [88.773224, 27.182354], [88.771767, 27.182163], [88.769653, 27.181196], [88.768517, 27.180317], [88.766754, 27.179033], [88.766228, 27.178583], [88.765564, 27.178015], [88.764313, 27.177231], [88.763016, 27.174406], [88.762299, 27.172817], [88.761551, 27.171963], [88.760727, 27.171022], [88.760071, 27.170483], [88.759026, 27.168751], [88.75853, 27.16798], [88.757523, 27.16642], [88.756935, 27.165464], [88.757011, 27.164219], [88.757561, 27.162798], [88.757973, 27.161198], [88.756935, 27.158812], [88.757477, 27.157986], [88.758446, 27.156921], [88.759354, 27.156219], [88.759583, 27.154924], [88.759636, 27.154617], [88.760193, 27.15284], [88.7584, 27.151398], [88.756783, 27.148237], [88.751633, 27.148182], [88.751526, 27.148153], [88.751381, 27.148117], [88.749207, 27.147654], [88.747116, 27.145575], [88.746941, 27.145365], [88.737183, 27.139521], [88.732536, 27.13735], [88.724541, 27.138521], [88.717796, 27.14397], [88.714966, 27.15024], [88.711807, 27.16515], [88.701973, 27.17411], [88.691498, 27.178699], [88.68441, 27.180229], [88.680367, 27.17951], [88.6735, 27.176611], [88.668068, 27.171989], [88.659599, 27.16221], [88.656456, 27.162401], [88.642487, 27.167158], [88.638756, 27.167721], [88.633278, 27.17453], [88.619019, 27.187853], [88.606789, 27.189661], [88.603523, 27.191153], [88.598106, 27.191372], [88.597519, 27.192711], [88.594002, 27.191181], [88.591476, 27.19446], [88.587021, 27.190533], [88.585091, 27.192833], [88.566292, 27.18786], [88.55899, 27.188751], [88.54084, 27.18371], [88.528999, 27.177761], [88.520752, 27.178181]]]}, "properties": {"name": "East Sikkim", "state": "Sikkim"}}, {"type": "Feature", "geometry": {"type": "Polygon", "coordinates": [[[88.806007, 27.41424], [88.792473, 27.41641], [88.782387, 27.42177], [88.777443, 27.422859], [88.768318, 27.41637], [88.762466, 27.413691], [88.748886, 27.4147], [88.726646, 27.4193], [88.713898, 27.416691], [88.707413, 27.412149], [88.695473, 27.40177], [88.690033, 27.39838], [88.681992, 27.398109], [88.674362, 27.40003], [88.670326, 27.400143], [88.658592, 27.39308], [88.654007, 27.39109], [88.644157, 27.39188], [88.635971, 27.3909], [88.632637, 27.38855], [88.621902, 27.3873], [88.610901, 27.387758], [88.594803, 27.39076], [88.588791, 27.39238], [88.585808, 27.39632], [88.577049, 27.39448], [88.549896, 27.392389], [88.538857, 27.39406], [88.528801, 27.39666], [88.523979, 27.39617], [88.518242, 27.397148], [88.514183, 27.394569], [88.508797, 27.389551], [88.496292, 27.38253], [88.486237, 27.37871], [88.481003, 27.378401], [88.473503, 27.38109], [88.465439, 27.38559], [88.458923, 27.38751], [88.448669, 27.38859], [88.438446, 27.393572], [88.431549, 27.399933], [88.427513, 27.40451], [88.4216, 27.41324], [88.414452, 27.418661], [88.411591, 27.42358], [88.409393, 27.429899], [88.409081, 27.43936], [88.410889, 27.446621], [88.40361, 27.45846], [88.401932, 27.46344], [88.402153, 27.470322], [88.400406, 27.47575], [88.393478, 27.479071], [88.370361, 27.49762], [88.359428, 27.51042], [88.355927, 27.517321], [88.350449, 27.521393], [88.337326, 27.52644], [88.329872, 27.527731], [88.323532, 27.52817], [88.313927, 27.527201], [88.285683, 27.518948], [88.276306, 27.513008], [88.257973, 27.525909], [88.242622, 27.531601], [88.236099, 27.534981], [88.232323, 27.54056], [88.226601, 27.557261], [88.212433, 27.573799], [88.204216, 27.581503], [88.15815, 27.600283], [88.121391, 27.61158], [88.116882, 27.614038], [88.11792, 27.620815], [88.122131, 27.627029], [88.119919, 27.629515], [88.123291, 27.639214], [88.122627, 27.645267], [88.13382, 27.655115], [88.139816, 27.657215], [88.140266, 27.657711], [88.147255, 27.665403], [88.148224, 27.671553], [88.149414, 27.678816], [88.15033, 27.681223], [88.15136, 27.683796], [88.157425, 27.69042], [88.150993, 27.701681], [88.150909, 27.70166], [88.150711, 27.702007], [88.151978, 27.707905], [88.158119, 27.717215], [88.157333, 27.729155], [88.161049, 27.740618], [88.172356, 27.741341], [88.181213, 27.746815], [88.179314, 27.758116], [88.183441, 27.761503], [88.186035, 27.766066], [88.185242, 27.76722], [88.184219, 27.768816], [88.184235, 27.769213], [88.184418, 27.774515], [88.187897, 27.777], [88.19075, 27.781237], [88.197945, 27.786329], [88.199921, 27.790529], [88.196495, 27.796003], [88.19252, 27.797915], [88.189514, 27.801216], [88.187897, 27.810307], [88.181526, 27.815536], [88.179985, 27.816029], [88.176117, 27.817316], [88.17572, 27.820215], [88.190132, 27.825096], [88.19722, 27.835516], [88.199387, 27.836096], [88.203926, 27.837315], [88.20401, 27.842405], [88.200691, 27.84551], [88.200165, 27.847969], [88.198914, 27.853516], [88.195526, 27.854532], [88.191017, 27.853716], [88.187897, 27.856537], [88.183426, 27.856457], [88.180939, 27.856413], [88.177055, 27.86097], [88.175217, 27.863123], [88.174622, 27.863367], [88.169754, 27.86536], [88.168564, 27.866552], [88.166893, 27.868217], [88.156578, 27.870457], [88.156349, 27.870722], [88.151314, 27.876514], [88.145615, 27.878115], [88.141914, 27.877415], [88.137543, 27.881493], [88.129982, 27.881516], [88.130203, 27.88192], [88.129929, 27.885939], [88.12738, 27.891291], [88.126282, 27.89509], [88.125763, 27.895321], [88.125229, 27.896439], [88.122948, 27.897591], [88.122459, 27.89883], [88.121651, 27.90027], [88.119591, 27.902071], [88.118797, 27.90251], [88.117508, 27.9056], [88.116753, 27.906021], [88.1166, 27.907181], [88.113892, 27.912191], [88.113663, 27.915838], [88.113579, 27.91761], [88.116806, 27.925781], [88.12587, 27.934429], [88.128868, 27.938299], [88.128952, 27.93985], [88.128807, 27.94553], [88.123703, 27.947981], [88.123657, 27.950241], [88.123909, 27.95092], [88.129982, 27.95594], [88.133087, 27.961611], [88.134743, 27.96298], [88.139061, 27.96348], [88.139816, 27.963261], [88.140007, 27.963182], [88.146767, 27.960514], [88.147202, 27.960342], [88.153687, 27.957781], [88.167229, 27.948273], [88.173622, 27.94471], [88.175667, 27.944271], [88.182762, 27.943562], [88.18866, 27.94368], [88.192932, 27.945452], [88.194763, 27.946211], [88.195549, 27.946918], [88.195763, 27.947111], [88.197136, 27.9505], [88.199226, 27.95797], [88.199707, 27.96048], [88.200287, 27.961485], [88.202591, 27.965481], [88.203491, 27.96615], [88.203476, 27.966619], [88.209808, 27.967781], [88.211304, 27.967159], [88.214119, 27.96599], [88.215271, 27.96557], [88.215843, 27.965361], [88.216637, 27.964968], [88.218018, 27.96446], [88.221573, 27.96402], [88.222336, 27.96426], [88.223129, 27.964478], [88.226151, 27.96722], [88.229698, 27.96792], [88.230186, 27.967773], [88.230469, 27.96769], [88.23098, 27.96722], [88.232773, 27.965879], [88.232971, 27.964922], [88.235176, 27.95414], [88.237473, 27.952591], [88.237717, 27.951469], [88.237732, 27.95055], [88.238251, 27.95035], [88.238258, 27.94989], [88.243889, 27.94854], [88.247932, 27.950102], [88.248177, 27.950195], [88.248245, 27.950283], [88.248436, 27.95083], [88.258827, 27.95632], [88.260857, 27.95657], [88.261627, 27.956341], [88.265198, 27.956591], [88.270523, 27.958311], [88.271027, 27.95808], [88.271233, 27.958172], [88.271538, 27.958311], [88.272049, 27.958441], [88.274826, 27.96051], [88.275612, 27.961235], [88.276711, 27.964361], [88.276817, 27.965481], [88.279488, 27.967321], [88.28006, 27.967611], [88.28038, 27.967781], [88.286072, 27.968462], [88.290077, 27.968941], [88.293861, 27.968069], [88.304787, 27.969961], [88.308891, 27.972681], [88.310051, 27.973989], [88.313919, 27.978361], [88.316193, 27.979721], [88.322906, 27.981319], [88.323921, 27.9811], [88.327499, 27.98192], [88.329147, 27.9825], [88.331833, 27.984751], [88.332428, 27.985901], [88.335022, 27.98702], [88.337761, 27.987989], [88.345192, 27.989481], [88.350212, 27.98963], [88.350983, 27.989853], [88.35421, 27.98942], [88.363762, 27.98814], [88.374748, 27.983671], [88.38166, 27.97987], [88.38166, 27.979408], [88.388802, 27.97784], [88.389801, 27.978081], [88.39402, 27.979731], [88.396057, 27.9811], [88.400719, 27.983341], [88.402, 27.983591], [88.404289, 27.98674], [88.406563, 27.9879], [88.408798, 27.992441], [88.409943, 27.993568], [88.411728, 27.995621], [88.412331, 27.996981], [88.4235, 28.00563], [88.423477, 28.006069], [88.424759, 28.006531], [88.426537, 28.00812], [88.427071, 28.008329], [88.432587, 28.010401], [88.450943, 28.015011], [88.455856, 28.017199], [88.461601, 28.01981], [88.464622, 28.023199], [88.469177, 28.03286], [88.471657, 28.03681], [88.477982, 28.04258], [88.481857, 28.04501], [88.483116, 28.045588], [88.48967, 28.048079], [88.501137, 28.048931], [88.501671, 28.048698], [88.501663, 28.04825], [88.501678, 28.047791], [88.50293, 28.047131], [88.506996, 28.04648], [88.516716, 28.04402], [88.520836, 28.041088], [88.521103, 28.04018], [88.52108, 28.03974], [88.522369, 28.039051], [88.522362, 28.038589], [88.527763, 28.036821], [88.531548, 28.036381], [88.53334, 28.036619], [88.538017, 28.038481], [88.538246, 28.03857], [88.538948, 28.038891], [88.540977, 28.04048], [88.54274, 28.044121], [88.542877, 28.049683], [88.542931, 28.050461], [88.543678, 28.052521], [88.545052, 28.053871], [88.548813, 28.058945], [88.550423, 28.061121], [88.551773, 28.06381], [88.552277, 28.065401], [88.552467, 28.07762], [88.554451, 28.084831], [88.558281, 28.087561], [88.566917, 28.088982], [88.567749, 28.088461], [88.570763, 28.08651], [88.574837, 28.085609], [88.576576, 28.086281], [88.58551, 28.090172], [88.587563, 28.091301], [88.589081, 28.091539], [88.59037, 28.091318], [88.595169, 28.095631], [88.596046, 28.09693], [88.602791, 28.09837], [88.605408, 28.099661], [88.613449, 28.10256], [88.616463, 28.10368], [88.613579, 28.10869], [88.61216, 28.109932], [88.611557, 28.11578], [88.610832, 28.11874], [88.610466, 28.119631], [88.606888, 28.12281], [88.606728, 28.126181], [88.607468, 28.12755], [88.611816, 28.12961], [88.621239, 28.130968], [88.625237, 28.128262], [88.626877, 28.12715], [88.626877, 28.12669], [88.626892, 28.126261], [88.628952, 28.124689], [88.6297, 28.12447], [88.629707, 28.12402], [88.630493, 28.123798], [88.631737, 28.121098], [88.632263, 28.120861], [88.632767, 28.12063], [88.635063, 28.113062], [88.636391, 28.108683], [88.637688, 28.10437], [88.639359, 28.103111], [88.641243, 28.101721], [88.645256, 28.099121], [88.654106, 28.08984], [88.661102, 28.079639], [88.666771, 28.07408], [88.672806, 28.07284], [88.673317, 28.073071], [88.673637, 28.073273], [88.67511, 28.074202], [88.677116, 28.077379], [88.685799, 28.078979], [88.695221, 28.076981], [88.697853, 28.07737], [88.703888, 28.078131], [88.71434, 28.075691], [88.719437, 28.07637], [88.729141, 28.075281], [88.740349, 28.075991], [88.748055, 28.074066], [88.751083, 28.073313], [88.753616, 28.071939], [88.753639, 28.071501], [88.756149, 28.069712], [88.768036, 28.061241], [88.768272, 28.060631], [88.768806, 28.060631], [88.769127, 28.0604], [88.770752, 28.05912], [88.770744, 28.058945], [88.770737, 28.058661], [88.770767, 28.058201], [88.773323, 28.056862], [88.782288, 28.05077], [88.782547, 28.04962], [88.782806, 28.048491], [88.783562, 28.048033], [88.784317, 28.047602], [88.785622, 28.044241], [88.786636, 28.04355], [88.786636, 28.0431], [88.794716, 28.037043], [88.794731, 28.036598], [88.794983, 28.03639], [88.796097, 28.0359], [88.797493, 28.03278], [88.797661, 28.032471], [88.799431, 28.03112], [88.799446, 28.030691], [88.802269, 28.028774], [88.805328, 28.026701], [88.805328, 28.026251], [88.805603, 28.026091], [88.807869, 28.02527], [88.816704, 28.020981], [88.81926, 28.019741], [88.820709, 28.018978], [88.825348, 28.017059], [88.829056, 28.01516], [88.832901, 28.011539], [88.834633, 28.000408], [88.835648, 27.999491], [88.835716, 27.999121], [88.83625, 27.998899], [88.83625, 27.998213], [88.836777, 27.996851], [88.839058, 27.99506], [88.840881, 27.991001], [88.840294, 27.976803], [88.839813, 27.965231], [88.839958, 27.964109], [88.84301, 27.961611], [88.84407, 27.956423], [88.839729, 27.952791], [88.836449, 27.947359], [88.836418, 27.94492], [88.83625, 27.932001], [88.839546, 27.93042], [88.841782, 27.929831], [88.853531, 27.926731], [88.854439, 27.926489], [88.858948, 27.92527], [88.861237, 27.923462], [88.864807, 27.913061], [88.866829, 27.9091], [88.870232, 27.90243], [88.87072, 27.902439], [88.870743, 27.901979], [88.871468, 27.901819], [88.877251, 27.897491], [88.879677, 27.895679], [88.879662, 27.89526], [88.880188, 27.895241], [88.880463, 27.89366], [88.880501, 27.893209], [88.881012, 27.893209], [88.881386, 27.89253], [88.881363, 27.88905], [88.880936, 27.886383], [88.879967, 27.88031], [88.880768, 27.87014], [88.880898, 27.869841], [88.881767, 27.86787], [88.884567, 27.865391], [88.885742, 27.861338], [88.885643, 27.859058], [88.885399, 27.858917], [88.882973, 27.857491], [88.882866, 27.857031], [88.882095, 27.855442], [88.882088, 27.855309], [88.880997, 27.838961], [88.880386, 27.837601], [88.878967, 27.837141], [88.877823, 27.836241], [88.87709, 27.833971], [88.876663, 27.83338], [88.876236, 27.83263], [88.875282, 27.83107], [88.873032, 27.827391], [88.868301, 27.824541], [88.867523, 27.8246], [88.86554, 27.823681], [88.862343, 27.821751], [88.855736, 27.818123], [88.855377, 27.817888], [88.854263, 27.816523], [88.854126, 27.814951], [88.854637, 27.814741], [88.854767, 27.813601], [88.85527, 27.81245], [88.857323, 27.81134], [88.857452, 27.808163], [88.856827, 27.79888], [88.852333, 27.77832], [88.852608, 27.768351], [88.854317, 27.76037], [88.854576, 27.759331], [88.855927, 27.756941], [88.856949, 27.75602], [88.857529, 27.754591], [88.858528, 27.753691], [88.859528, 27.75301], [88.861366, 27.748941], [88.862381, 27.739], [88.861076, 27.73583], [88.854286, 27.730171], [88.853729, 27.729145], [88.851517, 27.724051], [88.850517, 27.718201], [88.850006, 27.717531], [88.841278, 27.712063], [88.838882, 27.711163], [88.838623, 27.71047], [88.838638, 27.70822], [88.839401, 27.705721], [88.83989, 27.705511], [88.840408, 27.705278], [88.841179, 27.70281], [88.845528, 27.700312], [88.84552, 27.694431], [88.84417, 27.688923], [88.844498, 27.685942], [88.845009, 27.68162], [88.845261, 27.6807], [88.845459, 27.68008], [88.846733, 27.675583], [88.846611, 27.669041], [88.846611, 27.6689], [88.845627, 27.667238], [88.843109, 27.662998], [88.83844, 27.65871], [88.836792, 27.65757], [88.834122, 27.653322], [88.832237, 27.65033], [88.826019, 27.64547], [88.822327, 27.642839], [88.820732, 27.64229], [88.819817, 27.641941], [88.815529, 27.64267], [88.813751, 27.64332], [88.813202, 27.64352], [88.810677, 27.64282], [88.809906, 27.641918], [88.807137, 27.636259], [88.806396, 27.632191], [88.808243, 27.619129], [88.808502, 27.61433], [88.807976, 27.61364], [88.805489, 27.603251], [88.801956, 27.59984], [88.800957, 27.599611], [88.800987, 27.59918], [88.800461, 27.599173], [88.800461, 27.598711], [88.797897, 27.59646], [88.797409, 27.59646], [88.797417, 27.596003], [88.794571, 27.594], [88.794067, 27.594], [88.792809, 27.59199], [88.791779, 27.590611], [88.788536, 27.58807], [88.78727, 27.585571], [88.785576, 27.576281], [88.784813, 27.57538], [88.783684, 27.57448], [88.78228, 27.57336], [88.768478, 27.567999], [88.768227, 27.5679], [88.768227, 27.567438], [88.767326, 27.566772], [88.767067, 27.56496], [88.767868, 27.559971], [88.768402, 27.55975], [88.768913, 27.559523], [88.773117, 27.54451], [88.775101, 27.5376], [88.775543, 27.537283], [88.77636, 27.53672], [88.779137, 27.53401], [88.779907, 27.532652], [88.779877, 27.532221], [88.784248, 27.529518], [88.786018, 27.52906], [88.787033, 27.529301], [88.788063, 27.52907], [88.788567, 27.528601], [88.788948, 27.526131], [88.788826, 27.525011], [88.787689, 27.52453], [88.786987, 27.52084], [88.786667, 27.519173], [88.786171, 27.5151], [88.786133, 27.51363], [88.786026, 27.51149], [88.785172, 27.50646], [88.783226, 27.496481], [88.783333, 27.49453], [88.784286, 27.493731], [88.785011, 27.492979], [88.785553, 27.492418], [88.785431, 27.487673], [88.78524, 27.487253], [88.784744, 27.486164], [88.783905, 27.484327], [88.783157, 27.4827], [88.782593, 27.479584], [88.782318, 27.478065], [88.781441, 27.47319], [88.781441, 27.472532], [88.781456, 27.467758], [88.782166, 27.463257], [88.783386, 27.455551], [88.784286, 27.453991], [88.787338, 27.452421], [88.787369, 27.4513], [88.787598, 27.450171], [88.792435, 27.448027], [88.794731, 27.44701], [88.794594, 27.44495], [88.794022, 27.436609], [88.794907, 27.43277], [88.795006, 27.43265], [88.796532, 27.43078], [88.800323, 27.428701], [88.803169, 27.427139], [88.80407, 27.425331], [88.804077, 27.425091], [88.806007, 27.41424]]]}, "properties": {"name": "North Sikkim", "state": "Sikkim"}}, {"type": "Feature", "geometry": {"type": "Polygon", "coordinates": [[[88.520752, 27.178181], [88.520477, 27.17503], [88.529808, 27.165791], [88.526726, 27.160273], [88.532028, 27.154329], [88.52993, 27.15015], [88.526741, 27.149773], [88.521713, 27.150343], [88.518707, 27.1478], [88.515961, 27.14374], [88.51223, 27.141031], [88.507507, 27.13599], [88.502953, 27.13405], [88.498901, 27.13122], [88.496407, 27.128153], [88.495613, 27.12536], [88.491852, 27.12487], [88.486687, 27.12678], [88.481277, 27.12285], [88.473778, 27.120701], [88.469078, 27.117302], [88.466721, 27.113941], [88.464798, 27.104792], [88.460182, 27.09585], [88.454498, 27.089649], [88.446281, 27.0854], [88.439621, 27.084169], [88.431946, 27.08161], [88.429146, 27.08362], [88.411003, 27.0907], [88.397659, 27.094431], [88.38752, 27.09841], [88.370651, 27.099413], [88.363876, 27.098421], [88.352303, 27.10107], [88.347939, 27.103321], [88.345161, 27.106901], [88.340797, 27.11067], [88.331741, 27.108168], [88.323837, 27.1049], [88.320076, 27.107321], [88.320488, 27.11664], [88.318817, 27.119341], [88.311272, 27.125351], [88.304497, 27.128601], [88.299889, 27.127998], [88.294907, 27.124771], [88.278137, 27.130831], [88.275238, 27.142582], [88.276657, 27.14456], [88.277321, 27.148861], [88.279739, 27.15078], [88.28215, 27.15111], [88.285568, 27.15423], [88.289291, 27.163309], [88.291573, 27.164339], [88.295166, 27.1691], [88.295967, 27.1737], [88.299561, 27.176481], [88.304642, 27.178141], [88.307259, 27.18173], [88.314766, 27.18564], [88.323761, 27.187618], [88.32579, 27.18889], [88.324028, 27.191931], [88.329529, 27.19458], [88.326866, 27.198801], [88.326927, 27.201311], [88.324173, 27.204531], [88.31813, 27.220558], [88.315018, 27.223282], [88.305489, 27.22485], [88.302757, 27.226151], [88.298302, 27.237032], [88.300598, 27.24618], [88.300697, 27.256611], [88.299019, 27.261011], [88.29158, 27.266378], [88.284378, 27.273243], [88.278961, 27.275671], [88.276016, 27.27832], [88.273369, 27.28167], [88.274101, 27.28644], [88.275276, 27.2883], [88.285599, 27.294991], [88.290901, 27.297178], [88.301468, 27.299591], [88.30442, 27.302792], [88.305977, 27.30575], [88.305618, 27.31579], [88.303673, 27.31883], [88.300163, 27.321421], [88.295082, 27.323441], [88.291748, 27.326853], [88.293007, 27.331038], [88.295303, 27.334221], [88.299881, 27.3377], [88.314583, 27.34605], [88.317673, 27.349409], [88.322868, 27.365], [88.325546, 27.36883], [88.334106, 27.372149], [88.344246, 27.37413], [88.353188, 27.37837], [88.352287, 27.384438], [88.353233, 27.390041], [88.352478, 27.39938], [88.349876, 27.403], [88.345596, 27.412081], [88.34285, 27.414249], [88.337891, 27.4112], [88.333817, 27.40633], [88.328621, 27.41057], [88.326347, 27.41717], [88.320412, 27.417631], [88.311203, 27.41543], [88.300537, 27.41696], [88.295197, 27.41466], [88.290283, 27.4105], [88.278908, 27.40527], [88.273987, 27.40589], [88.269592, 27.411991], [88.269402, 27.419691], [88.261276, 27.46191], [88.260757, 27.48991], [88.263023, 27.498228], [88.266136, 27.503691], [88.271057, 27.509321], [88.276306, 27.513008], [88.285683, 27.518948], [88.313927, 27.527201], [88.323532, 27.52817], [88.329872, 27.527731], [88.337326, 27.52644], [88.350449, 27.521393], [88.355927, 27.517321], [88.359428, 27.51042], [88.370361, 27.49762], [88.393478, 27.479071], [88.400406, 27.47575], [88.402153, 27.470322], [88.401932, 27.46344], [88.40361, 27.45846], [88.410889, 27.446621], [88.409081, 27.43936], [88.409393, 27.429899], [88.411591, 27.42358], [88.414452, 27.418661], [88.4216, 27.41324], [88.427513, 27.40451], [88.431549, 27.399933], [88.438446, 27.393572], [88.448669, 27.38859], [88.458923, 27.38751], [88.465439, 27.38559], [88.473503, 27.38109], [88.481003, 27.378401], [88.476067, 27.36636], [88.475311, 27.360479], [88.476776, 27.352659], [88.483337, 27.342531], [88.481339, 27.333672], [88.477791, 27.328791], [88.469032, 27.323792], [88.462112, 27.321918], [88.456779, 27.317661], [88.449547, 27.31538], [88.446907, 27.30596], [88.442062, 27.30092], [88.443336, 27.296009], [88.437668, 27.281231], [88.436668, 27.27396], [88.438591, 27.266533], [88.442093, 27.261259], [88.454056, 27.25597], [88.459846, 27.250551], [88.470482, 27.247431], [88.475998, 27.24674], [88.485939, 27.23954], [88.489761, 27.230532], [88.48748, 27.218481], [88.486313, 27.20233], [88.492073, 27.193291], [88.499016, 27.185129], [88.520752, 27.178181]]]}, "properties": {"name": "South Sikkim", "state": "Sikkim"}}, {"type": "Feature", "geometry": {"type": "Polygon", "coordinates": [[[88.034294, 27.285995], [88.040764, 27.291435], [88.046509, 27.292442], [88.04364, 27.301126], [88.044113, 27.304016], [88.047714, 27.309856], [88.051117, 27.312315], [88.052032, 27.318447], [88.055222, 27.324301], [88.062737, 27.328257], [88.066116, 27.334116], [88.069214, 27.335581], [88.068855, 27.336641], [88.067314, 27.341015], [88.065636, 27.342695], [88.064415, 27.343916], [88.062439, 27.349276], [88.060265, 27.355341], [88.052818, 27.358315], [88.044418, 27.370716], [88.047615, 27.379715], [88.046722, 27.384296], [88.047318, 27.389616], [88.048462, 27.395481], [88.051117, 27.400616], [88.049416, 27.405216], [88.052193, 27.406914], [88.053215, 27.412615], [88.059464, 27.418045], [88.06076, 27.418222], [88.06913, 27.424614], [88.069717, 27.425014], [88.082619, 27.426414], [88.082886, 27.429533], [88.08213, 27.430578], [88.082115, 27.430716], [88.081993, 27.430769], [88.081268, 27.431768], [88.075417, 27.433615], [88.075256, 27.433779], [88.070869, 27.438162], [88.07048, 27.438532], [88.074104, 27.443853], [88.07502, 27.445219], [88.069817, 27.449316], [88.06897, 27.45215], [88.068123, 27.452736], [88.06971, 27.457619], [88.063004, 27.460848], [88.062744, 27.461292], [88.059319, 27.467215], [88.058731, 27.467615], [88.053802, 27.471537], [88.052513, 27.471889], [88.046616, 27.478415], [88.047806, 27.481342], [88.0466, 27.484709], [88.047203, 27.492659], [88.046333, 27.495766], [88.049217, 27.501215], [88.053429, 27.504097], [88.057419, 27.504314], [88.06012, 27.509214], [88.064117, 27.511816], [88.06002, 27.516716], [88.064018, 27.525116], [88.069839, 27.526093], [88.067818, 27.529316], [88.066132, 27.529909], [88.062416, 27.531216], [88.062057, 27.532719], [88.061661, 27.534634], [88.06163, 27.534792], [88.063507, 27.539755], [88.067719, 27.544516], [88.071205, 27.546101], [88.071823, 27.555546], [88.078644, 27.558416], [88.083618, 27.564615], [88.082016, 27.568098], [88.07782, 27.571815], [88.087135, 27.589001], [88.095413, 27.597315], [88.108215, 27.602316], [88.116318, 27.61035], [88.116882, 27.614038], [88.121391, 27.61158], [88.15815, 27.600283], [88.204216, 27.581503], [88.212433, 27.573799], [88.226601, 27.557261], [88.232323, 27.54056], [88.236099, 27.534981], [88.242622, 27.531601], [88.257973, 27.525909], [88.276306, 27.513008], [88.271057, 27.509321], [88.266136, 27.503691], [88.263023, 27.498228], [88.260757, 27.48991], [88.261276, 27.46191], [88.269402, 27.419691], [88.269592, 27.411991], [88.273987, 27.40589], [88.278908, 27.40527], [88.290283, 27.4105], [88.295197, 27.41466], [88.300537, 27.41696], [88.311203, 27.41543], [88.320412, 27.417631], [88.326347, 27.41717], [88.328621, 27.41057], [88.333817, 27.40633], [88.337891, 27.4112], [88.34285, 27.414249], [88.345596, 27.412081], [88.349876, 27.403], [88.352478, 27.39938], [88.353233, 27.390041], [88.352287, 27.384438], [88.353188, 27.37837], [88.344246, 27.37413], [88.334106, 27.372149], [88.325546, 27.36883], [88.322868, 27.365], [88.317673, 27.349409], [88.314583, 27.34605], [88.299881, 27.3377], [88.295303, 27.334221], [88.293007, 27.331038], [88.291748, 27.326853], [88.295082, 27.323441], [88.300163, 27.321421], [88.303673, 27.31883], [88.305618, 27.31579], [88.305977, 27.30575], [88.30442, 27.302792], [88.301468, 27.299591], [88.290901, 27.297178], [88.285599, 27.294991], [88.275276, 27.2883], [88.274101, 27.28644], [88.273369, 27.28167], [88.276016, 27.27832], [88.278961, 27.275671], [88.284378, 27.273243], [88.29158, 27.266378], [88.299019, 27.261011], [88.300697, 27.256611], [88.300598, 27.24618], [88.298302, 27.237032], [88.302757, 27.226151], [88.305489, 27.22485], [88.315018, 27.223282], [88.31813, 27.220558], [88.324173, 27.204531], [88.326927, 27.201311], [88.326866, 27.198801], [88.329529, 27.19458], [88.324028, 27.191931], [88.32579, 27.18889], [88.323761, 27.187618], [88.314766, 27.18564], [88.307259, 27.18173], [88.304642, 27.178141], [88.299561, 27.176481], [88.295967, 27.1737], [88.295166, 27.1691], [88.291573, 27.164339], [88.289291, 27.163309], [88.285568, 27.15423], [88.28215, 27.15111], [88.279739, 27.15078], [88.277321, 27.148861], [88.276657, 27.14456], [88.275238, 27.142582], [88.278137, 27.130831], [88.277351, 27.131191], [88.270889, 27.130131], [88.263458, 27.127371], [88.251549, 27.12536], [88.240067, 27.120371], [88.232506, 27.119768], [88.226906, 27.121389], [88.221512, 27.125271], [88.213837, 27.135122], [88.209869, 27.133402], [88.195618, 27.13623], [88.188507, 27.13442], [88.183678, 27.135201], [88.178993, 27.13471], [88.172607, 27.13032], [88.15844, 27.114351], [88.155441, 27.112101], [88.152313, 27.11171], [88.143776, 27.117071], [88.136627, 27.116879], [88.126907, 27.123081], [88.123291, 27.123791], [88.09594, 27.135509], [88.092667, 27.136278], [88.088638, 27.13875], [88.085846, 27.14151], [88.083832, 27.14502], [88.082993, 27.148939], [88.083908, 27.16107], [88.08326, 27.165043], [88.078697, 27.167921], [88.073097, 27.174417], [88.072327, 27.17934], [88.069267, 27.18495], [88.067451, 27.190269], [88.068832, 27.194351], [88.075409, 27.198801], [88.074951, 27.20084], [88.068237, 27.204731], [88.064339, 27.20783], [88.061737, 27.2113], [88.058197, 27.21389], [88.046761, 27.21611], [88.032928, 27.221031], [88.023987, 27.220661], [88.016968, 27.218872], [88.021492, 27.22473], [88.021629, 27.228886], [88.021858, 27.235546], [88.024315, 27.237415], [88.027458, 27.236908], [88.02684, 27.241756], [88.030319, 27.249115], [88.033417, 27.249716], [88.033386, 27.251579], [88.033218, 27.263016], [88.034416, 27.265615], [88.032913, 27.271715], [88.035614, 27.281416], [88.034294, 27.285995]]]}, "properties": {"name": "West Sikkim", "state": "Sikkim"}}, {"type": "Feature", "geometry": {"type": "Polygon", "coordinates": [[[91.967896, 24.073914], [91.97052, 24.07251], [91.979126, 24.073303], [91.985107, 24.077881], [91.991699, 24.08252], [92.001709, 24.087891], [92.00708, 24.093323], [92.018921, 24.094482], [92.043518, 24.100098], [92.059692, 24.103699], [92.060486, 24.08429], [92.059326, 24.069885], [92.060303, 24.058716], [92.065308, 24.05011], [92.068481, 24.043701], [92.064514, 24.030884], [92.056885, 24.027527], [92.048279, 24.025085], [92.047302, 24.013672], [92.052673, 24.005127], [92.052673, 23.996704], [92.056091, 23.990906], [92.065308, 23.993286], [92.074524, 23.992126], [92.080688, 23.985901], [92.091919, 23.983276], [92.091675, 23.974304], [92.097473, 23.969116], [92.099915, 23.963928], [92.0979, 23.955322], [92.095276, 23.949524], [92.092712, 23.946289], [92.092285, 23.944702], [92.093689, 23.937683], [92.096313, 23.93689], [92.102905, 23.937073], [92.106506, 23.93573], [92.108887, 23.933472], [92.118896, 23.931519], [92.128906, 23.934326], [92.130493, 23.933716], [92.133484, 23.930481], [92.133728, 23.928284], [92.136475, 23.922729], [92.138306, 23.917297], [92.140503, 23.900879], [92.143677, 23.894714], [92.147278, 23.891113], [92.148315, 23.885498], [92.155884, 23.862488], [92.158691, 23.850891], [92.158325, 23.838928], [92.156677, 23.836731], [92.157715, 23.829712], [92.157471, 23.819092], [92.159119, 23.813904], [92.158875, 23.798706], [92.160278, 23.794678], [92.160706, 23.787109], [92.160278, 23.781677], [92.161499, 23.774719], [92.163086, 23.771301], [92.161072, 23.768494], [92.161316, 23.767273], [92.160278, 23.766113], [92.159912, 23.761292], [92.161926, 23.756531], [92.16333, 23.75592], [92.169922, 23.755676], [92.173706, 23.753723], [92.175903, 23.750916], [92.176086, 23.749084], [92.174683, 23.744324], [92.173889, 23.74292], [92.171875, 23.74247], [92.171799, 23.742453], [92.167732, 23.741476], [92.167595, 23.741423], [92.163086, 23.739685], [92.15873, 23.737507], [92.155251, 23.735769], [92.150459, 23.732491], [92.150017, 23.731768], [92.149879, 23.731541], [92.149078, 23.729113], [92.148705, 23.728151], [92.146164, 23.721663], [92.146088, 23.721542], [92.142212, 23.715309], [92.142128, 23.715237], [92.140282, 23.713726], [92.140175, 23.713648], [92.137337, 23.711378], [92.135147, 23.70977], [92.133034, 23.70734], [92.132675, 23.706924], [92.132591, 23.706848], [92.130516, 23.7048], [92.129883, 23.703918], [92.125542, 23.698265], [92.125443, 23.698156], [92.121323, 23.693529], [92.118095, 23.690582], [92.117126, 23.689697], [92.114532, 23.687059], [92.113594, 23.685884], [92.11274, 23.684811], [92.110809, 23.682396], [92.110268, 23.681719], [92.110199, 23.681589], [92.109459, 23.680321], [92.10936, 23.680149], [92.108521, 23.678711], [92.105896, 23.676514], [92.104675, 23.676086], [92.103912, 23.67609], [92.103081, 23.675953], [92.102997, 23.67594], [92.101074, 23.676697], [92.10009, 23.677078], [92.099121, 23.677675], [92.099037, 23.677727], [92.096313, 23.679504], [92.096237, 23.679495], [92.094734, 23.679283], [92.09462, 23.679268], [92.091942, 23.677797], [92.090858, 23.677229], [92.090698, 23.677124], [92.08812, 23.672882], [92.086433, 23.668295], [92.086418, 23.668156], [92.086258, 23.667122], [92.086227, 23.667015], [92.08548, 23.664499], [92.085457, 23.664368], [92.085335, 23.663513], [92.085335, 23.66342], [92.085327, 23.660522], [92.087074, 23.657515], [92.087029, 23.653931], [92.084862, 23.650906], [92.084785, 23.650839], [92.083694, 23.649885], [92.083557, 23.649752], [92.082703, 23.648926], [92.081467, 23.648087], [92.08139, 23.648024], [92.07917, 23.646866], [92.077301, 23.645826], [92.077187, 23.645752], [92.076088, 23.645126], [92.075989, 23.645073], [92.073303, 23.644867], [92.073227, 23.644848], [92.072685, 23.644743], [92.072571, 23.644741], [92.070679, 23.644714], [92.066948, 23.64583], [92.061569, 23.64743], [92.060631, 23.647799], [92.059875, 23.648071], [92.059753, 23.648115], [92.054131, 23.65007], [92.054047, 23.650101], [92.048889, 23.65271], [92.046082, 23.654293], [92.045967, 23.654362], [92.043289, 23.655909], [92.043175, 23.655977], [92.038696, 23.660278], [92.035522, 23.661682], [92.031502, 23.660852], [92.031418, 23.660835], [92.028328, 23.658678], [92.028214, 23.658596], [92.026894, 23.657497], [92.023682, 23.657715], [92.023148, 23.658007], [92.023048, 23.658062], [92.022095, 23.659485], [92.022278, 23.663086], [92.018639, 23.664957], [92.016327, 23.667187], [92.016258, 23.667255], [92.014526, 23.669128], [92.009521, 23.676086], [92.006882, 23.681587], [92.006844, 23.681662], [92.002075, 23.688721], [92.000557, 23.694614], [92.000526, 23.694719], [91.997719, 23.701044], [91.997688, 23.701113], [91.997627, 23.701323], [91.99659, 23.70476], [91.99231, 23.713318], [91.989502, 23.719727], [91.984924, 23.726501], [91.983635, 23.729652], [91.983612, 23.729723], [91.98053, 23.731323], [91.977295, 23.731506], [91.976074, 23.735718], [91.975708, 23.747314], [91.974304, 23.759888], [91.971313, 23.768677], [91.966919, 23.77533], [91.965515, 23.777283], [91.964111, 23.786072], [91.958313, 23.80011], [91.958313, 23.818909], [91.953918, 23.827881], [91.956909, 23.835327], [91.961121, 23.842896], [91.956909, 23.863098], [91.952515, 23.866882], [91.956909, 23.875671], [91.951111, 23.878296], [91.944092, 23.895874], [91.935486, 23.899719], [91.933899, 23.903503], [91.938293, 23.908508], [91.932678, 23.914673], [91.928284, 23.924683], [91.92572, 23.934509], [91.925903, 23.939514], [91.921875, 23.946716], [91.917297, 23.9599], [91.917725, 23.963501], [91.912903, 23.97052], [91.9151, 23.976318], [91.912476, 23.979675], [91.911682, 23.986877], [91.916504, 23.999695], [91.91449, 24.00531], [91.905701, 24.036072], [91.909119, 24.049683], [91.908691, 24.061279], [91.903076, 24.094299], [91.912292, 24.111328], [91.923523, 24.102722], [91.931702, 24.096924], [91.938477, 24.094727], [91.943909, 24.093079], [91.950684, 24.090088], [91.956909, 24.085876], [91.965088, 24.077087], [91.967896, 24.073914]]]}, "properties": {"name": "Dhalai", "state": "Tripura"}}, {"type": "Feature", "geometry": {"type": "Polygon", "coordinates": [[[91.641479, 23.762878], [91.644287, 23.760315], [91.648636, 23.76033], [91.652916, 23.759069], [91.668617, 23.75902], [91.675781, 23.757763], [91.680115, 23.75531], [91.684326, 23.755239], [91.688736, 23.754072], [91.692917, 23.7577], [91.69873, 23.756531], [91.698746, 23.756441], [91.701721, 23.737915], [91.701721, 23.719482], [91.695923, 23.704285], [91.68988, 23.692505], [91.695923, 23.68573], [91.707703, 23.684875], [91.707703, 23.67572], [91.712708, 23.669678], [91.714294, 23.65033], [91.710876, 23.629272], [91.708496, 23.613281], [91.713501, 23.589722], [91.714294, 23.577087], [91.73291, 23.57373], [91.738708, 23.55188], [91.728699, 23.546082], [91.719482, 23.547729], [91.710083, 23.539307], [91.720276, 23.524902], [91.736084, 23.532471], [91.745483, 23.535889], [91.74707, 23.520691], [91.74707, 23.511475], [91.756287, 23.501282], [91.758118, 23.491272], [91.78009, 23.476074], [91.787476, 23.44751], [91.787476, 23.4375], [91.79248, 23.427307], [91.806091, 23.4375], [91.807678, 23.419678], [91.817871, 23.430725], [91.830505, 23.428284], [91.836304, 23.440674], [91.829712, 23.455078], [91.818726, 23.468506], [91.828674, 23.481079], [91.838928, 23.481079], [91.84729, 23.469482], [91.869507, 23.468079], [91.866089, 23.46228], [91.864929, 23.45813], [91.867126, 23.453491], [91.876526, 23.448914], [91.885681, 23.446472], [91.899719, 23.438293], [91.901062, 23.437113], [91.900467, 23.435938], [91.897827, 23.434956], [91.896637, 23.435635], [91.895081, 23.435896], [91.894981, 23.435913], [91.89402, 23.43576], [91.8927, 23.435303], [91.8918, 23.433323], [91.891632, 23.432951], [91.890572, 23.4307], [91.889977, 23.429932], [91.887383, 23.427181], [91.887047, 23.426821], [91.882324, 23.423279], [91.882103, 23.42326], [91.880272, 23.4231], [91.878929, 23.421303], [91.877373, 23.41927], [91.877274, 23.419199], [91.875542, 23.417948], [91.872498, 23.414673], [91.866882, 23.411682], [91.865273, 23.41007], [91.863297, 23.408667], [91.863159, 23.408594], [91.860291, 23.407104], [91.856125, 23.405294], [91.855019, 23.40477], [91.85054, 23.402857], [91.850426, 23.402807], [91.847473, 23.400328], [91.847374, 23.400219], [91.843872, 23.396484], [91.842102, 23.39385], [91.843254, 23.392365], [91.843315, 23.392267], [91.84417, 23.390871], [91.842751, 23.388889], [91.840271, 23.386475], [91.838127, 23.384493], [91.838211, 23.3827], [91.838295, 23.382652], [91.83947, 23.382071], [91.839584, 23.382015], [91.841309, 23.38092], [91.844116, 23.380493], [91.843994, 23.380352], [91.841957, 23.377895], [91.841896, 23.377831], [91.840538, 23.37615], [91.838661, 23.373821], [91.837479, 23.372353], [91.837402, 23.372263], [91.834419, 23.368942], [91.834358, 23.36887], [91.832092, 23.366089], [91.831139, 23.365551], [91.83065, 23.36517], [91.827087, 23.362305], [91.827011, 23.362186], [91.823769, 23.357275], [91.821472, 23.351074], [91.818481, 23.34803], [91.818359, 23.347883], [91.816711, 23.345886], [91.814491, 23.344419], [91.813499, 23.343662], [91.813431, 23.343615], [91.810539, 23.341551], [91.808823, 23.339407], [91.808258, 23.338707], [91.805161, 23.33264], [91.802635, 23.328945], [91.802536, 23.32877], [91.798889, 23.322327], [91.796082, 23.317505], [91.795334, 23.316355], [91.795288, 23.316284], [91.79174, 23.310726], [91.792084, 23.312355], [91.790283, 23.309082], [91.789909, 23.308107], [91.789879, 23.30802], [91.789375, 23.306498], [91.789322, 23.306372], [91.78846, 23.304346], [91.788391, 23.304192], [91.788086, 23.303528], [91.786766, 23.300631], [91.786316, 23.299683], [91.785339, 23.29863], [91.78521, 23.298559], [91.783096, 23.294121], [91.783058, 23.294016], [91.782288, 23.29187], [91.781769, 23.290751], [91.781128, 23.288513], [91.780304, 23.287863], [91.780251, 23.287767], [91.779884, 23.287123], [91.779839, 23.287041], [91.77948, 23.286682], [91.778305, 23.285292], [91.778214, 23.285112], [91.776917, 23.282471], [91.776146, 23.280071], [91.775757, 23.27948], [91.774849, 23.278061], [91.774902, 23.276123], [91.774818, 23.272888], [91.772888, 23.270081], [91.773438, 23.268288], [91.772919, 23.266811], [91.77253, 23.265717], [91.770935, 23.263744], [91.771263, 23.262581], [91.771729, 23.261292], [91.772392, 23.258411], [91.772881, 23.256334], [91.773247, 23.253889], [91.772766, 23.25136], [91.773209, 23.249321], [91.775085, 23.245911], [91.777283, 23.24292], [91.778503, 23.240906], [91.783081, 23.237671], [91.787292, 23.233521], [91.788803, 23.232141], [91.792068, 23.229168], [91.792038, 23.229094], [91.79187, 23.22887], [91.791588, 23.22871], [91.790939, 23.226671], [91.790588, 23.224571], [91.790001, 23.223232], [91.789932, 23.223076], [91.789909, 23.222967], [91.789574, 23.221615], [91.78756, 23.220327], [91.788322, 23.219299], [91.788681, 23.218821], [91.788025, 23.218567], [91.787407, 23.217649], [91.787392, 23.217279], [91.787811, 23.215851], [91.788429, 23.214479], [91.787354, 23.212158], [91.786949, 23.211292], [91.786919, 23.211218], [91.785561, 23.20784], [91.785698, 23.207821], [91.786499, 23.207703], [91.787811, 23.208094], [91.78791, 23.208122], [91.789421, 23.209], [91.789528, 23.209061], [91.790855, 23.210058], [91.791382, 23.210423], [91.792114, 23.209717], [91.792725, 23.209106], [91.792908, 23.208496], [91.792992, 23.2078], [91.793518, 23.205688], [91.793892, 23.201477], [91.793945, 23.201412], [91.795013, 23.200178], [91.795128, 23.200108], [91.796074, 23.199509], [91.796127, 23.19944], [91.796837, 23.198536], [91.797211, 23.197948], [91.797279, 23.197838], [91.799408, 23.196678], [91.800095, 23.192686], [91.800064, 23.192575], [91.799927, 23.192078], [91.799332, 23.190304], [91.799294, 23.190222], [91.798973, 23.18922], [91.798729, 23.187069], [91.800293, 23.185486], [91.80072, 23.183472], [91.801697, 23.181885], [91.80159, 23.181763], [91.800461, 23.180494], [91.800362, 23.180395], [91.799683, 23.179571], [91.799759, 23.178532], [91.800537, 23.177305], [91.801056, 23.176481], [91.80249, 23.173706], [91.804024, 23.171833], [91.805855, 23.170334], [91.807037, 23.168989], [91.80735, 23.16667], [91.80735, 23.16456], [91.806885, 23.163513], [91.806702, 23.162476], [91.805763, 23.16004], [91.805748, 23.158667], [91.80658, 23.157869], [91.807121, 23.15757], [91.807922, 23.156921], [91.809082, 23.15687], [91.811523, 23.154907], [91.81189, 23.15448], [91.813408, 23.150888], [91.813377, 23.149981], [91.814041, 23.147505], [91.814087, 23.147278], [91.814346, 23.14193], [91.814522, 23.13872], [91.812737, 23.132858], [91.812706, 23.132769], [91.812073, 23.130676], [91.813667, 23.1297], [91.813797, 23.129608], [91.81501, 23.129381], [91.815559, 23.129381], [91.81675, 23.128971], [91.816711, 23.128296], [91.817871, 23.127686], [91.817322, 23.126099], [91.816338, 23.124834], [91.816284, 23.123718], [91.81617, 23.123619], [91.815048, 23.12273], [91.814201, 23.122032], [91.813499, 23.121536], [91.813843, 23.118706], [91.815926, 23.119076], [91.815979, 23.119146], [91.817413, 23.120619], [91.817513, 23.120724], [91.817566, 23.120806], [91.818298, 23.121704], [91.818504, 23.121996], [91.818726, 23.122314], [91.819885, 23.123108], [91.819962, 23.123062], [91.820862, 23.122534], [91.820869, 23.1224], [91.820877, 23.122219], [91.820923, 23.120911], [91.820679, 23.118286], [91.819481, 23.115931], [91.818871, 23.114681], [91.818489, 23.113888], [91.818459, 23.113752], [91.81797, 23.112261], [91.818481, 23.111877], [91.819862, 23.111792], [91.821167, 23.11174], [91.822693, 23.111694], [91.822929, 23.110668], [91.823158, 23.110153], [91.823196, 23.1089], [91.823303, 23.108887], [91.824524, 23.107483], [91.8246, 23.107368], [91.825073, 23.106689], [91.82457, 23.105688], [91.824043, 23.104517], [91.824005, 23.104435], [91.823151, 23.103838], [91.823082, 23.10379], [91.822693, 23.103516], [91.822365, 23.102886], [91.822876, 23.102112], [91.82312, 23.101501], [91.823303, 23.100891], [91.82428, 23.100281], [91.82515, 23.099939], [91.826927, 23.100151], [91.829529, 23.100708], [91.831673, 23.100113], [91.832703, 23.098877], [91.834435, 23.096645], [91.834496, 23.096584], [91.83551, 23.09552], [91.83551, 23.093872], [91.834518, 23.091881], [91.833923, 23.091309], [91.832275, 23.089478], [91.817688, 23.094299], [91.7995, 23.109924], [91.785095, 23.128113], [91.775879, 23.124878], [91.76947, 23.134705], [91.75708, 23.149109], [91.772095, 23.147095], [91.788879, 23.145081], [91.796082, 23.156921], [91.793518, 23.167297], [91.779907, 23.182312], [91.777283, 23.196472], [91.758301, 23.217285], [91.759705, 23.231079], [91.753113, 23.254517], [91.742126, 23.274109], [91.726929, 23.290031], [91.725525, 23.298706], [91.727463, 23.302517], [91.732536, 23.312513], [91.731102, 23.318619], [91.725525, 23.319885], [91.722733, 23.318686], [91.715515, 23.32489], [91.702698, 23.339905], [91.696938, 23.349892], [91.69973, 23.354773], [91.699699, 23.354918], [91.698326, 23.360994], [91.695442, 23.361012], [91.694778, 23.360117], [91.692642, 23.357336], [91.691254, 23.359663], [91.694038, 23.365973], [91.691147, 23.368473], [91.685486, 23.366089], [91.685478, 23.366011], [91.676933, 23.364792], [91.675476, 23.363525], [91.664131, 23.36109], [91.652885, 23.35251], [91.649933, 23.362398], [91.649872, 23.362452], [91.644287, 23.367493], [91.641312, 23.384798], [91.641273, 23.384872], [91.639893, 23.387329], [91.631287, 23.386108], [91.631256, 23.398491], [91.628418, 23.405861], [91.63269, 23.409729], [91.629776, 23.418402], [91.626961, 23.42341], [91.626869, 23.423492], [91.624084, 23.425903], [91.624084, 23.430908], [91.626892, 23.434692], [91.626892, 23.444519], [91.625488, 23.454895], [91.625488, 23.455688], [91.622498, 23.463318], [91.61969, 23.466919], [91.618286, 23.470703], [91.622498, 23.473083], [91.623901, 23.479492], [91.615295, 23.488098], [91.60968, 23.495483], [91.603882, 23.496887], [91.598083, 23.503113], [91.599487, 23.508118], [91.59668, 23.514282], [91.59668, 23.517883], [91.593872, 23.525513], [91.589478, 23.531677], [91.590881, 23.535522], [91.589478, 23.541687], [91.585083, 23.551697], [91.595093, 23.550293], [91.606506, 23.546692], [91.603699, 23.557678], [91.599304, 23.569092], [91.602295, 23.577698], [91.602112, 23.586487], [91.5979, 23.592712], [91.602112, 23.601318], [91.5979, 23.605103], [91.599304, 23.610107], [91.596313, 23.615112], [91.596313, 23.621277], [91.599121, 23.632507], [91.596313, 23.644897], [91.591919, 23.653503], [91.591919, 23.661072], [91.587524, 23.667297], [91.583313, 23.677307], [91.581909, 23.685913], [91.576111, 23.695923], [91.580322, 23.698303], [91.580322, 23.704529], [91.574524, 23.708313], [91.570313, 23.720703], [91.564514, 23.730713], [91.571716, 23.739502], [91.574524, 23.746887], [91.571472, 23.750671], [91.570107, 23.756802], [91.574371, 23.755543], [91.578636, 23.756769], [91.585808, 23.753038], [91.595795, 23.75547], [91.59726, 23.759199], [91.602905, 23.759277], [91.615761, 23.761692], [91.615906, 23.761719], [91.630051, 23.761665], [91.63015, 23.761665], [91.632874, 23.762878], [91.637329, 23.761719], [91.641479, 23.762878]]]}, "properties": {"name": "Gomati", "state": "Tripura"}}, {"type": "Feature", "geometry": {"type": "Polygon", "coordinates": [[[91.682571, 24.177141], [91.684227, 24.171461], [91.684937, 24.169371], [91.68837, 24.165279], [91.690437, 24.162741], [91.692398, 24.159328], [91.694771, 24.159073], [91.699303, 24.160789], [91.700882, 24.161621], [91.702766, 24.162611], [91.704262, 24.16102], [91.705681, 24.159521], [91.705856, 24.156933], [91.710068, 24.151953], [91.713257, 24.150801], [91.72065, 24.14954], [91.725319, 24.14764], [91.727127, 24.144991], [91.731758, 24.14241], [91.736847, 24.142851], [91.738441, 24.143421], [91.740326, 24.141218], [91.742882, 24.140671], [91.747543, 24.14119], [91.752556, 24.142941], [91.755318, 24.142891], [91.755806, 24.14279], [91.756172, 24.142708], [91.761063, 24.139219], [91.755714, 24.114311], [91.755692, 24.114202], [91.75779, 24.095621], [91.757439, 24.090591], [91.757324, 24.089294], [91.751587, 24.073721], [91.756432, 24.069168], [91.757401, 24.065891], [91.756065, 24.063343], [91.755524, 24.062302], [91.75708, 24.056091], [91.758118, 24.04567], [91.756554, 24.038324], [91.756577, 24.038229], [91.757729, 24.03286], [91.760536, 24.027481], [91.760376, 24.022806], [91.760345, 24.02191], [91.760315, 24.021795], [91.759094, 24.016907], [91.759636, 24.011051], [91.758141, 24.000301], [91.758125, 24.000223], [91.754951, 23.986832], [91.757111, 23.979502], [91.757126, 23.979347], [91.757874, 23.973083], [91.757324, 23.968079], [91.75531, 23.963074], [91.7547, 23.957092], [91.757324, 23.954529], [91.761475, 23.953308], [91.762482, 23.948296], [91.762505, 23.948196], [91.762329, 23.943298], [91.763489, 23.937073], [91.766113, 23.933289], [91.760315, 23.928284], [91.761719, 23.919678], [91.775574, 23.912941], [91.777283, 23.912109], [91.780228, 23.897268], [91.780251, 23.897161], [91.778931, 23.889709], [91.786003, 23.88348], [91.78466, 23.879908], [91.784637, 23.879736], [91.783257, 23.871105], [91.783386, 23.852381], [91.782104, 23.84491], [91.783493, 23.838701], [91.783516, 23.835083], [91.783485, 23.83497], [91.78215, 23.830067], [91.78215, 23.82999], [91.782196, 23.820154], [91.782196, 23.82004], [91.777908, 23.821302], [91.775063, 23.820063], [91.770882, 23.821316], [91.770775, 23.821348], [91.766479, 23.823914], [91.766472, 23.823811], [91.767883, 23.820129], [91.775063, 23.811308], [91.776543, 23.807699], [91.776573, 23.807619], [91.782288, 23.807598], [91.782288, 23.805115], [91.775345, 23.800268], [91.777687, 23.792757], [91.778084, 23.791458], [91.773926, 23.781494], [91.773926, 23.771563], [91.773949, 23.77149], [91.779793, 23.750401], [91.786957, 23.74292], [91.774086, 23.72146], [91.772896, 23.719477], [91.775642, 23.710648], [91.772888, 23.706909], [91.774818, 23.704639], [91.777168, 23.701908], [91.778236, 23.694859], [91.77874, 23.691536], [91.774475, 23.685303], [91.763115, 23.683342], [91.762978, 23.683321], [91.760323, 23.682875], [91.758865, 23.680506], [91.758789, 23.68037], [91.754517, 23.677917], [91.75174, 23.674295], [91.751633, 23.674198], [91.747452, 23.670521], [91.747383, 23.67046], [91.745941, 23.677931], [91.740227, 23.682922], [91.737434, 23.689062], [91.737381, 23.689182], [91.733093, 23.692871], [91.732567, 23.693047], [91.728882, 23.694275], [91.727478, 23.696716], [91.730217, 23.702835], [91.730255, 23.702913], [91.738739, 23.710293], [91.74157, 23.717739], [91.741539, 23.723949], [91.73867, 23.725267], [91.737305, 23.728951], [91.737251, 23.733931], [91.731506, 23.73892], [91.730103, 23.738892], [91.728882, 23.739674], [91.720078, 23.745173], [91.720093, 23.7453], [91.717285, 23.753906], [91.717216, 23.753935], [91.714462, 23.755089], [91.712906, 23.762613], [91.712891, 23.762695], [91.708679, 23.763916], [91.708603, 23.763857], [91.708458, 23.763739], [91.705688, 23.761475], [91.702881, 23.756531], [91.69873, 23.756531], [91.692917, 23.7577], [91.688736, 23.754072], [91.684326, 23.755239], [91.680115, 23.75531], [91.675781, 23.757763], [91.668617, 23.75902], [91.652916, 23.759069], [91.648636, 23.76033], [91.644287, 23.760315], [91.641479, 23.762878], [91.637329, 23.761719], [91.632874, 23.762878], [91.63015, 23.761665], [91.630051, 23.761665], [91.615906, 23.761719], [91.615761, 23.761692], [91.602905, 23.759277], [91.59726, 23.759199], [91.595795, 23.75547], [91.585808, 23.753038], [91.578636, 23.756769], [91.574371, 23.755543], [91.570107, 23.756802], [91.570084, 23.756893], [91.568298, 23.7771], [91.568115, 23.79187], [91.562317, 23.806885], [91.559448, 23.809355], [91.56221, 23.815451], [91.56218, 23.81918], [91.56073, 23.821716], [91.562065, 23.826654], [91.562088, 23.826727], [91.561813, 23.82741], [91.559326, 23.834106], [91.563477, 23.851501], [91.561897, 23.852711], [91.563293, 23.865112], [91.556091, 23.873901], [91.553139, 23.878901], [91.554001, 23.883625], [91.555908, 23.893677], [91.552917, 23.904907], [91.55011, 23.904858], [91.550034, 23.904858], [91.544388, 23.901197], [91.537292, 23.906128], [91.537201, 23.906101], [91.535355, 23.90559], [91.532898, 23.904907], [91.528687, 23.904907], [91.525902, 23.912441], [91.530006, 23.914867], [91.53009, 23.914917], [91.53009, 23.91748], [91.527283, 23.918701], [91.528687, 23.922302], [91.527283, 23.926086], [91.524292, 23.929871], [91.524307, 23.930195], [91.524475, 23.934875], [91.517517, 23.94751], [91.516281, 23.953672], [91.516266, 23.953754], [91.513725, 23.961403], [91.513695, 23.9615], [91.509956, 23.967899], [91.507462, 23.970474], [91.508118, 23.979675], [91.505493, 23.9823], [91.503113, 23.988708], [91.497696, 23.99386], [91.490906, 24.000675], [91.495483, 24.00708], [91.493713, 24.023315], [91.496887, 24.034302], [91.496887, 24.037737], [91.496887, 24.039917], [91.496033, 24.046249], [91.492752, 24.051579], [91.492653, 24.051678], [91.478111, 24.06658], [91.478096, 24.066711], [91.478043, 24.06719], [91.477478, 24.073303], [91.478699, 24.086914], [91.479897, 24.097103], [91.481522, 24.096161], [91.484909, 24.096441], [91.487373, 24.09687], [91.490486, 24.097801], [91.492416, 24.09651], [91.492699, 24.094379], [91.493439, 24.09034], [91.496429, 24.08868], [91.498878, 24.088308], [91.507553, 24.087009], [91.512917, 24.08688], [91.517227, 24.086611], [91.519089, 24.086309], [91.521828, 24.084551], [91.524986, 24.083973], [91.536118, 24.081211], [91.536972, 24.080711], [91.537819, 24.080231], [91.540497, 24.07876], [91.542961, 24.07637], [91.545197, 24.07612], [91.547966, 24.07802], [91.548119, 24.078011], [91.55072, 24.077868], [91.553101, 24.076572], [91.555099, 24.076443], [91.557137, 24.078491], [91.559776, 24.078911], [91.563522, 24.078541], [91.567642, 24.078341], [91.571266, 24.078371], [91.571983, 24.07865], [91.573692, 24.079321], [91.576401, 24.07979], [91.57872, 24.079773], [91.581039, 24.078531], [91.58461, 24.076111], [91.587479, 24.07695], [91.588417, 24.07723], [91.593277, 24.07929], [91.596199, 24.08021], [91.596077, 24.082911], [91.596748, 24.085072], [91.599129, 24.08647], [91.599266, 24.088131], [91.595459, 24.090681], [91.594269, 24.09469], [91.596863, 24.096371], [91.600212, 24.098431], [91.602959, 24.09827], [91.60585, 24.097471], [91.609009, 24.09602], [91.609543, 24.095793], [91.611923, 24.09461], [91.614059, 24.095551], [91.615501, 24.096203], [91.618111, 24.097078], [91.622566, 24.09737], [91.625702, 24.098801], [91.627869, 24.099583], [91.630226, 24.100531], [91.634079, 24.10257], [91.638237, 24.10568], [91.640312, 24.10836], [91.641487, 24.111881], [91.642273, 24.11632], [91.641602, 24.12318], [91.639603, 24.129618], [91.639267, 24.13302], [91.637199, 24.136831], [91.635948, 24.139339], [91.640327, 24.14699], [91.643158, 24.15107], [91.645363, 24.15369], [91.646317, 24.155319], [91.646736, 24.15777], [91.646683, 24.15814], [91.64592, 24.162741], [91.645081, 24.165979], [91.644493, 24.16939], [91.646088, 24.175011], [91.647667, 24.177992], [91.649887, 24.17704], [91.653496, 24.17548], [91.656479, 24.176229], [91.657173, 24.178671], [91.657639, 24.180721], [91.65818, 24.18294], [91.658669, 24.184212], [91.658836, 24.184641], [91.660233, 24.187571], [91.659279, 24.191221], [91.658821, 24.1933], [91.652763, 24.19611], [91.653549, 24.19953], [91.653931, 24.202209], [91.652588, 24.20542], [91.651833, 24.207911], [91.65004, 24.21096], [91.648087, 24.214371], [91.654701, 24.22175], [91.65612, 24.224972], [91.659058, 24.22744], [91.662148, 24.228519], [91.664528, 24.229361], [91.667526, 24.2304], [91.668747, 24.2272], [91.668671, 24.221569], [91.66909, 24.218752], [91.667282, 24.215078], [91.668587, 24.212511], [91.668327, 24.20977], [91.670731, 24.207611], [91.673637, 24.20422], [91.674026, 24.2006], [91.676987, 24.19865], [91.677361, 24.194611], [91.679497, 24.19224], [91.680107, 24.18704], [91.68232, 24.18215], [91.682571, 24.177141]]]}, "properties": {"name": "Khowai", "state": "Tripura"}}, {"type": "Feature", "geometry": {"type": "Polygon", "coordinates": [[[92.185265, 24.52284], [92.188957, 24.520191], [92.191261, 24.520981], [92.192688, 24.521484], [92.194275, 24.519714], [92.197083, 24.516724], [92.19989, 24.51532], [92.199837, 24.511292], [92.199837, 24.51119], [92.207275, 24.506714], [92.211731, 24.509283], [92.212479, 24.508982], [92.217148, 24.5072], [92.220276, 24.506287], [92.22113, 24.50293], [92.221481, 24.501511], [92.230896, 24.499695], [92.230942, 24.50223], [92.230995, 24.504091], [92.234268, 24.500441], [92.23468, 24.499329], [92.235107, 24.498291], [92.235474, 24.496887], [92.236153, 24.494844], [92.236328, 24.494324], [92.236603, 24.492823], [92.239502, 24.489929], [92.233841, 24.484711], [92.230293, 24.48004], [92.22892, 24.472101], [92.228958, 24.472002], [92.231171, 24.465441], [92.231094, 24.460814], [92.231087, 24.46051], [92.231148, 24.460415], [92.2323, 24.458496], [92.235069, 24.456432], [92.235939, 24.453781], [92.236069, 24.450272], [92.239319, 24.447327], [92.256325, 24.436411], [92.256531, 24.436279], [92.257477, 24.43252], [92.255959, 24.41898], [92.258636, 24.414646], [92.259277, 24.413513], [92.26268, 24.409811], [92.263306, 24.408081], [92.26265, 24.404917], [92.262672, 24.404829], [92.264282, 24.397705], [92.269897, 24.394897], [92.270508, 24.39093], [92.273087, 24.388451], [92.272705, 24.386292], [92.272659, 24.386223], [92.269943, 24.38229], [92.269882, 24.382198], [92.271873, 24.380033], [92.272469, 24.37928], [92.272255, 24.377689], [92.268303, 24.374792], [92.2677, 24.373291], [92.268127, 24.36731], [92.264153, 24.362261], [92.264099, 24.362148], [92.212891, 24.249329], [92.240479, 24.250671], [92.259583, 24.25049], [92.259705, 24.250488], [92.284782, 24.252068], [92.284912, 24.252052], [92.29187, 24.251282], [92.296608, 24.25173], [92.296684, 24.251741], [92.297096, 24.24954], [92.295319, 24.24807], [92.294128, 24.244324], [92.294922, 24.240723], [92.296875, 24.238098], [92.296326, 24.236084], [92.296326, 24.233887], [92.299469, 24.231621], [92.299316, 24.229492], [92.29921, 24.229342], [92.297699, 24.227318], [92.301056, 24.225534], [92.30188, 24.225098], [92.30114, 24.224482], [92.30088, 24.22204], [92.303421, 24.221653], [92.303535, 24.221636], [92.310837, 24.22254], [92.313751, 24.222883], [92.313599, 24.22113], [92.309669, 24.216122], [92.309746, 24.2148], [92.312653, 24.211098], [92.316101, 24.213318], [92.319092, 24.209106], [92.324707, 24.205872], [92.32489, 24.204712], [92.324806, 24.204704], [92.320313, 24.204309], [92.320313, 24.202698], [92.325066, 24.199083], [92.325104, 24.198999], [92.325577, 24.197536], [92.324707, 24.196289], [92.32476, 24.194761], [92.329491, 24.191141], [92.328911, 24.189112], [92.329712, 24.188293], [92.329582, 24.188189], [92.327087, 24.186096], [92.330406, 24.184832], [92.330872, 24.182129], [92.330025, 24.180138], [92.330025, 24.18005], [92.329933, 24.17465], [92.32856, 24.166113], [92.329468, 24.16452], [92.331909, 24.163696], [92.334473, 24.150879], [92.336914, 24.146912], [92.336884, 24.146778], [92.336273, 24.144323], [92.335327, 24.143677], [92.333679, 24.144287], [92.333534, 24.144268], [92.33297, 24.144194], [92.332275, 24.14403], [92.332275, 24.140503], [92.329285, 24.139893], [92.3283, 24.13862], [92.328163, 24.13517], [92.329216, 24.131626], [92.328781, 24.129721], [92.32888, 24.129646], [92.331116, 24.128113], [92.331017, 24.127991], [92.328323, 24.124683], [92.328674, 24.115906], [92.331741, 24.113146], [92.331871, 24.111874], [92.331886, 24.111761], [92.329376, 24.110367], [92.332291, 24.106888], [92.332291, 24.10681], [92.332275, 24.105286], [92.329506, 24.10293], [92.329681, 24.101324], [92.329674, 24.101093], [92.328346, 24.098598], [92.331429, 24.098745], [92.330681, 24.096973], [92.330276, 24.096153], [92.330147, 24.096024], [92.32795, 24.093702], [92.328781, 24.089121], [92.32814, 24.085155], [92.328117, 24.08502], [92.329048, 24.082256], [92.32814, 24.080681], [92.328056, 24.080627], [92.322823, 24.07748], [92.322845, 24.077267], [92.322876, 24.07696], [92.327087, 24.076477], [92.327271, 24.074524], [92.323692, 24.073263], [92.322922, 24.071875], [92.322937, 24.0718], [92.323303, 24.069702], [92.321289, 24.068481], [92.319275, 24.069519], [92.318283, 24.069124], [92.318237, 24.069044], [92.316887, 24.066898], [92.318802, 24.062021], [92.319092, 24.061279], [92.32177, 24.058661], [92.31871, 24.05735], [92.32, 24.052317], [92.32029, 24.051163], [92.319046, 24.050119], [92.316826, 24.051352], [92.315269, 24.048691], [92.315491, 24.044922], [92.317543, 24.03952], [92.3172, 24.0375], [92.315063, 24.035559], [92.314133, 24.034712], [92.319275, 24.031311], [92.319275, 24.030273], [92.316757, 24.028025], [92.316696, 24.027971], [92.319092, 24.025513], [92.318481, 24.022705], [92.321716, 24.018921], [92.321655, 24.018845], [92.320923, 24.017883], [92.318909, 24.019287], [92.317505, 24.018921], [92.317139, 24.017612], [92.324707, 24.006531], [92.327461, 24.00421], [92.327271, 24.001892], [92.329056, 23.989651], [92.325897, 23.987535], [92.325798, 23.987471], [92.32737, 23.986046], [92.327698, 23.985718], [92.327789, 23.984701], [92.326149, 23.98366], [92.325523, 23.983261], [92.324097, 23.979492], [92.322853, 23.979786], [92.322746, 23.979811], [92.322083, 23.975281], [92.319641, 23.975321], [92.31768, 23.972101], [92.31514, 23.972166], [92.315308, 23.970886], [92.313606, 23.970491], [92.312698, 23.97023], [92.313332, 23.961088], [92.313339, 23.96097], [92.311554, 23.960606], [92.311447, 23.960583], [92.312653, 23.957506], [92.311234, 23.945684], [92.313477, 23.943298], [92.312683, 23.941284], [92.313477, 23.934509], [92.318077, 23.930351], [92.321167, 23.926111], [92.321289, 23.926075], [92.327866, 23.924017], [92.329712, 23.923096], [92.330658, 23.92145], [92.329391, 23.918859], [92.331146, 23.911802], [92.330528, 23.907831], [92.330513, 23.907715], [92.330482, 23.907597], [92.329895, 23.905518], [92.327782, 23.906219], [92.325928, 23.90448], [92.32579, 23.904495], [92.323723, 23.904669], [92.323601, 23.904678], [92.323311, 23.904413], [92.323151, 23.904266], [92.321716, 23.891479], [92.321579, 23.891455], [92.320679, 23.891296], [92.319885, 23.889893], [92.319275, 23.890686], [92.319199, 23.890669], [92.318634, 23.890539], [92.318497, 23.89049], [92.319023, 23.889154], [92.318329, 23.887932], [92.319527, 23.886101], [92.319328, 23.883724], [92.317131, 23.884089], [92.316422, 23.883438], [92.316284, 23.883301], [92.316711, 23.881714], [92.317505, 23.881531], [92.317474, 23.881386], [92.317123, 23.879265], [92.317108, 23.879181], [92.319092, 23.877686], [92.320412, 23.87801], [92.321983, 23.874159], [92.32209, 23.873903], [92.32209, 23.873791], [92.322083, 23.869873], [92.321983, 23.869825], [92.318459, 23.867994], [92.318245, 23.86714], [92.320313, 23.865906], [92.320221, 23.86581], [92.319687, 23.865309], [92.31955, 23.865248], [92.315666, 23.863546], [92.315529, 23.863525], [92.309875, 23.862671], [92.307312, 23.863892], [92.304321, 23.863823], [92.30426, 23.863865], [92.300682, 23.866461], [92.295105, 23.865479], [92.295143, 23.87011], [92.293884, 23.871277], [92.293381, 23.871347], [92.292015, 23.871408], [92.287903, 23.866882], [92.287903, 23.863098], [92.285927, 23.858866], [92.285301, 23.857471], [92.276527, 23.852886], [92.27475, 23.849058], [92.274139, 23.843611], [92.273933, 23.841698], [92.275879, 23.839905], [92.277046, 23.83671], [92.27713, 23.836613], [92.282104, 23.830872], [92.281609, 23.826302], [92.281593, 23.82616], [92.283669, 23.824186], [92.283463, 23.8235], [92.285683, 23.822632], [92.286812, 23.816761], [92.285889, 23.815674], [92.283745, 23.816235], [92.280846, 23.815159], [92.279114, 23.816711], [92.276657, 23.815208], [92.269478, 23.81778], [92.259537, 23.815029], [92.259399, 23.814991], [92.260681, 23.807129], [92.262329, 23.804871], [92.263489, 23.799683], [92.263741, 23.791689], [92.267799, 23.769972], [92.268028, 23.766508], [92.267281, 23.762733], [92.267113, 23.7619], [92.26825, 23.756517], [92.268242, 23.756405], [92.266479, 23.738708], [92.268486, 23.728697], [92.268501, 23.728611], [92.267479, 23.728559], [92.26516, 23.728201], [92.262535, 23.727287], [92.262077, 23.727127], [92.262001, 23.727127], [92.259277, 23.727112], [92.256714, 23.72728], [92.256599, 23.727295], [92.25592, 23.727295], [92.255798, 23.72727], [92.251884, 23.726536], [92.251816, 23.726503], [92.249336, 23.725264], [92.249168, 23.72518], [92.247498, 23.724121], [92.245712, 23.720282], [92.245628, 23.720161], [92.243248, 23.716702], [92.243172, 23.716564], [92.241516, 23.713684], [92.241158, 23.710686], [92.241135, 23.710606], [92.240532, 23.708481], [92.240852, 23.706148], [92.24086, 23.70607], [92.242508, 23.704285], [92.242737, 23.703779], [92.244461, 23.699923], [92.244774, 23.698908], [92.244873, 23.698486], [92.24614, 23.695923], [92.246223, 23.695807], [92.24707, 23.694702], [92.246918, 23.691893], [92.244347, 23.690094], [92.244186, 23.689991], [92.242455, 23.688965], [92.242363, 23.68891], [92.24218, 23.686501], [92.24205, 23.685902], [92.241913, 23.685476], [92.241882, 23.685381], [92.241745, 23.684559], [92.240303, 23.683096], [92.240219, 23.683012], [92.239655, 23.682528], [92.239502, 23.680908], [92.239548, 23.680281], [92.239212, 23.679682], [92.239105, 23.679489], [92.239044, 23.679367], [92.23896, 23.679205], [92.238678, 23.678728], [92.238632, 23.678661], [92.237534, 23.676853], [92.237488, 23.676783], [92.237488, 23.675476], [92.238037, 23.672474], [92.238052, 23.672358], [92.238136, 23.670271], [92.234962, 23.6675], [92.233673, 23.665407], [92.232483, 23.663696], [92.230507, 23.661463], [92.229637, 23.660555], [92.22953, 23.660439], [92.228531, 23.659292], [92.228416, 23.659241], [92.224098, 23.657341], [92.220276, 23.658691], [92.216492, 23.661072], [92.213074, 23.664307], [92.213074, 23.6651], [92.21344, 23.67083], [92.213448, 23.670921], [92.215286, 23.675322], [92.215324, 23.675549], [92.215782, 23.67837], [92.215752, 23.679394], [92.215744, 23.679491], [92.216049, 23.680658], [92.216072, 23.680727], [92.216125, 23.683472], [92.216309, 23.686707], [92.216904, 23.690933], [92.217545, 23.691442], [92.218193, 23.691986], [92.217735, 23.695192], [92.217667, 23.695263], [92.214767, 23.698071], [92.212631, 23.700445], [92.211578, 23.70162], [92.207962, 23.704178], [92.207863, 23.704241], [92.204117, 23.706507], [92.204018, 23.706566], [92.203346, 23.70697], [92.200928, 23.707092], [92.19928, 23.707058], [92.199181, 23.70706], [92.197067, 23.709461], [92.1968, 23.709642], [92.193901, 23.711611], [92.192894, 23.711527], [92.192688, 23.71151], [92.192596, 23.711445], [92.191101, 23.710323], [92.19101, 23.7103], [92.190132, 23.710037], [92.190048, 23.710039], [92.188293, 23.710083], [92.186523, 23.71051], [92.184509, 23.714294], [92.183998, 23.715876], [92.183289, 23.718079], [92.180069, 23.72142], [92.179504, 23.726074], [92.178909, 23.732407], [92.178902, 23.732481], [92.178925, 23.732552], [92.179558, 23.734341], [92.179871, 23.738708], [92.181023, 23.741539], [92.180298, 23.742493], [92.180161, 23.742632], [92.179451, 23.743181], [92.177917, 23.74353], [92.176331, 23.743103], [92.173889, 23.74292], [92.174683, 23.744324], [92.176086, 23.749084], [92.175903, 23.750916], [92.173706, 23.753723], [92.169922, 23.755676], [92.16333, 23.75592], [92.161926, 23.756531], [92.159912, 23.761292], [92.160278, 23.766113], [92.161316, 23.767273], [92.161072, 23.768494], [92.163086, 23.771301], [92.161499, 23.774719], [92.160278, 23.781677], [92.160706, 23.787109], [92.160278, 23.794678], [92.158875, 23.798706], [92.159119, 23.813904], [92.157471, 23.819092], [92.157715, 23.829712], [92.156677, 23.836731], [92.158325, 23.838928], [92.158691, 23.850891], [92.155884, 23.862488], [92.148315, 23.885498], [92.147278, 23.891113], [92.143677, 23.894714], [92.140503, 23.900879], [92.138306, 23.917297], [92.136475, 23.922729], [92.133728, 23.928284], [92.133484, 23.930481], [92.130493, 23.933716], [92.128906, 23.934326], [92.118896, 23.931519], [92.108887, 23.933472], [92.106506, 23.93573], [92.102905, 23.937073], [92.096313, 23.93689], [92.093689, 23.937683], [92.092285, 23.944702], [92.092712, 23.946289], [92.095276, 23.949524], [92.0979, 23.955322], [92.099915, 23.963928], [92.097473, 23.969116], [92.091675, 23.974304], [92.091919, 23.983276], [92.119324, 23.991882], [92.128906, 23.991882], [92.133728, 24.003906], [92.121704, 24.01709], [92.124084, 24.031494], [92.130127, 24.041077], [92.145691, 24.035095], [92.152893, 24.045898], [92.156494, 24.061523], [92.162476, 24.071106], [92.179321, 24.081909], [92.17688, 24.095093], [92.178101, 24.108276], [92.166077, 24.11792], [92.162476, 24.133484], [92.1745, 24.138306], [92.191284, 24.145508], [92.202087, 24.160889], [92.218872, 24.165894], [92.211731, 24.179077], [92.206909, 24.195679], [92.190125, 24.195679], [92.178101, 24.206482], [92.172119, 24.224487], [92.154114, 24.231689], [92.139709, 24.236511], [92.125305, 24.244873], [92.125305, 24.260498], [92.116882, 24.261719], [92.101318, 24.259277], [92.094116, 24.272522], [92.08429, 24.297913], [92.083679, 24.302673], [92.081909, 24.304871], [92.076721, 24.31427], [92.074707, 24.322876], [92.078491, 24.363892], [92.079712, 24.36731], [92.081116, 24.368713], [92.08252, 24.375305], [92.082733, 24.37664], [92.083679, 24.377075], [92.083748, 24.377018], [92.085121, 24.375883], [92.085747, 24.37529], [92.089043, 24.373421], [92.093689, 24.374329], [92.096565, 24.375444], [92.096649, 24.375521], [92.099907, 24.378523], [92.100021, 24.378628], [92.100113, 24.378714], [92.103111, 24.382807], [92.105316, 24.383511], [92.108269, 24.382128], [92.111877, 24.382874], [92.115944, 24.384464], [92.116089, 24.384521], [92.119331, 24.383904], [92.123718, 24.387329], [92.123833, 24.39045], [92.121704, 24.392273], [92.123047, 24.394999], [92.123093, 24.395098], [92.125473, 24.397116], [92.127907, 24.399218], [92.127968, 24.399273], [92.129669, 24.40283], [92.131798, 24.404245], [92.131889, 24.404303], [92.13269, 24.406113], [92.132965, 24.406294], [92.135811, 24.408171], [92.13755, 24.410221], [92.135681, 24.41333], [92.135681, 24.415527], [92.135918, 24.416096], [92.136971, 24.418819], [92.137512, 24.420288], [92.139099, 24.4245], [92.140511, 24.424614], [92.142776, 24.42486], [92.142876, 24.424868], [92.147957, 24.42421], [92.152161, 24.42518], [92.152283, 24.425293], [92.155716, 24.426458], [92.155998, 24.426371], [92.159798, 24.42487], [92.163773, 24.421722], [92.166862, 24.422165], [92.16758, 24.423071], [92.170052, 24.426462], [92.17009, 24.426523], [92.171692, 24.429077], [92.172798, 24.430891], [92.170441, 24.43265], [92.169495, 24.433472], [92.168396, 24.434574], [92.166023, 24.43679], [92.16317, 24.439241], [92.163033, 24.440733], [92.162918, 24.443886], [92.165207, 24.445635], [92.165276, 24.445686], [92.166801, 24.446871], [92.16452, 24.452122], [92.16449, 24.455505], [92.162903, 24.456299], [92.160706, 24.457275], [92.159912, 24.459717], [92.157898, 24.460693], [92.157875, 24.46278], [92.157875, 24.462902], [92.159912, 24.466125], [92.163513, 24.468689], [92.160957, 24.47138], [92.160866, 24.471479], [92.159729, 24.473083], [92.159485, 24.47467], [92.159485, 24.476961], [92.159485, 24.477112], [92.158875, 24.477478], [92.155273, 24.479675], [92.153931, 24.483704], [92.153069, 24.488123], [92.156197, 24.489138], [92.156296, 24.489719], [92.157104, 24.49408], [92.156433, 24.49822], [92.155273, 24.498901], [92.152527, 24.500305], [92.154099, 24.504196], [92.154129, 24.504267], [92.154175, 24.50437], [92.15448, 24.504883], [92.156128, 24.50769], [92.160576, 24.507742], [92.160599, 24.50787], [92.161499, 24.512329], [92.159119, 24.513306], [92.156059, 24.5159], [92.155418, 24.518209], [92.15509, 24.519287], [92.155884, 24.524292], [92.157829, 24.524853], [92.157906, 24.524876], [92.161316, 24.526123], [92.16333, 24.528076], [92.164215, 24.529016], [92.166519, 24.529381], [92.169708, 24.53142], [92.173401, 24.534021], [92.177673, 24.530701], [92.179688, 24.528687], [92.179321, 24.526672], [92.178703, 24.52346], [92.181503, 24.52302], [92.185196, 24.522892], [92.185265, 24.52284]]]}, "properties": {"name": "North Tripura", "state": "Tripura"}}, {"type": "Feature", "geometry": {"type": "Polygon", "coordinates": [[[91.570107, 23.756802], [91.571472, 23.750671], [91.574524, 23.746887], [91.571716, 23.739502], [91.564514, 23.730713], [91.560486, 23.711304], [91.543518, 23.699097], [91.53772, 23.690674], [91.544922, 23.677124], [91.549927, 23.663696], [91.534912, 23.65448], [91.521484, 23.658081], [91.511475, 23.650085], [91.498718, 23.64093], [91.487305, 23.643677], [91.484497, 23.660889], [91.481873, 23.66748], [91.476318, 23.666321], [91.472107, 23.661316], [91.462097, 23.65509], [91.462097, 23.652527], [91.456482, 23.637695], [91.447876, 23.63269], [91.445129, 23.626526], [91.439514, 23.621521], [91.433716, 23.61792], [91.436523, 23.616516], [91.436523, 23.612915], [91.432312, 23.60791], [91.429504, 23.602905], [91.416687, 23.594299], [91.405273, 23.58429], [91.396912, 23.580505], [91.396912, 23.578125], [91.398315, 23.57428], [91.398315, 23.569275], [91.396912, 23.566895], [91.398315, 23.56311], [91.398315, 23.556885], [91.395508, 23.555725], [91.394104, 23.553284], [91.397095, 23.5495], [91.397095, 23.54071], [91.398499, 23.537109], [91.410706, 23.533081], [91.423523, 23.543701], [91.43988, 23.552307], [91.459717, 23.541687], [91.456116, 23.52533], [91.440491, 23.528687], [91.419312, 23.522522], [91.406494, 23.51532], [91.397095, 23.519714], [91.388489, 23.519714], [91.381531, 23.518494], [91.377075, 23.514709], [91.374329, 23.510925], [91.377319, 23.508484], [91.380127, 23.499695], [91.382874, 23.497314], [91.383118, 23.486084], [91.381714, 23.481079], [91.39032, 23.476074], [91.387512, 23.46991], [91.381714, 23.466125], [91.378906, 23.455078], [91.379089, 23.44751], [91.376282, 23.442505], [91.376282, 23.438904], [91.379089, 23.433899], [91.384705, 23.431274], [91.386292, 23.427673], [91.386292, 23.421509], [91.383484, 23.411499], [91.383484, 23.407715], [91.383484, 23.401489], [91.386292, 23.397705], [91.393494, 23.394104], [91.400696, 23.392883], [91.410706, 23.387878], [91.419128, 23.385315], [91.419312, 23.37793], [91.419365, 23.377689], [91.419167, 23.37779], [91.420624, 23.37166], [91.417221, 23.37007], [91.415077, 23.369137], [91.413696, 23.365479], [91.413551, 23.365356], [91.410706, 23.362915], [91.406494, 23.362915], [91.406433, 23.360449], [91.397888, 23.354309], [91.393677, 23.354309], [91.391411, 23.352875], [91.38942, 23.351721], [91.389488, 23.340521], [91.39093, 23.334299], [91.388168, 23.330656], [91.38813, 23.330557], [91.386719, 23.326904], [91.386719, 23.32312], [91.381065, 23.32185], [91.378304, 23.318291], [91.378235, 23.318132], [91.371239, 23.302139], [91.371239, 23.301979], [91.371201, 23.298248], [91.365517, 23.29579], [91.355728, 23.289646], [91.355713, 23.287109], [91.355637, 23.287045], [91.348511, 23.280884], [91.338654, 23.27594], [91.332916, 23.274727], [91.32724, 23.274681], [91.321526, 23.275881], [91.316879, 23.273954], [91.316528, 23.274902], [91.316101, 23.276672], [91.318695, 23.279551], [91.31881, 23.27968], [91.318886, 23.279764], [91.322586, 23.28215], [91.319275, 23.283508], [91.315491, 23.285522], [91.311279, 23.285889], [91.308289, 23.28833], [91.30648, 23.290724], [91.307327, 23.292986], [91.307358, 23.293064], [91.308052, 23.294302], [91.309509, 23.296692], [91.3125, 23.2995], [91.316711, 23.299683], [91.32019, 23.298916], [91.32093, 23.300694], [91.321548, 23.30217], [91.321487, 23.302313], [91.319878, 23.305992], [91.319839, 23.306078], [91.318733, 23.309614], [91.31871, 23.309683], [91.315918, 23.31427], [91.31559, 23.314375], [91.312561, 23.315241], [91.31205, 23.31543], [91.311951, 23.315466], [91.308899, 23.31488], [91.304504, 23.314514], [91.302307, 23.315674], [91.299072, 23.317688], [91.297272, 23.32111], [91.298111, 23.327085], [91.298119, 23.327168], [91.299072, 23.330078], [91.301071, 23.335379], [91.301117, 23.335503], [91.30249, 23.341125], [91.306366, 23.344179], [91.311653, 23.34483], [91.314903, 23.34477], [91.31662, 23.34774], [91.31665, 23.347912], [91.317688, 23.353271], [91.321205, 23.354572], [91.321327, 23.354618], [91.323288, 23.355835], [91.325363, 23.357121], [91.325607, 23.362297], [91.325203, 23.362257], [91.321281, 23.36175], [91.316635, 23.359966], [91.316544, 23.359905], [91.316185, 23.359701], [91.312325, 23.357473], [91.312248, 23.357431], [91.309326, 23.355286], [91.306946, 23.354691], [91.304161, 23.354141], [91.304085, 23.354111], [91.298897, 23.352118], [91.296692, 23.354492], [91.297707, 23.35647], [91.298279, 23.357483], [91.299889, 23.362303], [91.296509, 23.362923], [91.296417, 23.36294], [91.294937, 23.363337], [91.294846, 23.363361], [91.293274, 23.364929], [91.292114, 23.366089], [91.292068, 23.368158], [91.292068, 23.368288], [91.292114, 23.369324], [91.291687, 23.370117], [91.290924, 23.371813], [91.293991, 23.372183], [91.296913, 23.372841], [91.298286, 23.37314], [91.298294, 23.373291], [91.298317, 23.373674], [91.298439, 23.37571], [91.298111, 23.37875], [91.296501, 23.378332], [91.296371, 23.3783], [91.294876, 23.37792], [91.291321, 23.376892], [91.290527, 23.377075], [91.286461, 23.378096], [91.285095, 23.381897], [91.284119, 23.384521], [91.283875, 23.385315], [91.28344, 23.386471], [91.283348, 23.38821], [91.28334, 23.388308], [91.283119, 23.39197], [91.283112, 23.392094], [91.282516, 23.397135], [91.282501, 23.397278], [91.282516, 23.398239], [91.28257, 23.402491], [91.282471, 23.405273], [91.283249, 23.410416], [91.283264, 23.410509], [91.282074, 23.416126], [91.280533, 23.418831], [91.27729, 23.420128], [91.277222, 23.420156], [91.272545, 23.423918], [91.272469, 23.423981], [91.271118, 23.426331], [91.273682, 23.429871], [91.273682, 23.430849], [91.273552, 23.43376], [91.270782, 23.43692], [91.267517, 23.438902], [91.267441, 23.438948], [91.266113, 23.439697], [91.263512, 23.441214], [91.263443, 23.441252], [91.261719, 23.444092], [91.260895, 23.445833], [91.259888, 23.448486], [91.259026, 23.454884], [91.257477, 23.46454], [91.255974, 23.467648], [91.257027, 23.470671], [91.256531, 23.474487], [91.2565, 23.48205], [91.253792, 23.489748], [91.251099, 23.491272], [91.245117, 23.491726], [91.245033, 23.491732], [91.239319, 23.493896], [91.237511, 23.494661], [91.238724, 23.495539], [91.23893, 23.49568], [91.239006, 23.495741], [91.237732, 23.500095], [91.239075, 23.503113], [91.236809, 23.503265], [91.23468, 23.502319], [91.231079, 23.500488], [91.228271, 23.499878], [91.226501, 23.500671], [91.224487, 23.502502], [91.223511, 23.504883], [91.22467, 23.506897], [91.224983, 23.507587], [91.226189, 23.51049], [91.227089, 23.514009], [91.2229, 23.513916], [91.218086, 23.513424], [91.217964, 23.513382], [91.215515, 23.512512], [91.210968, 23.513926], [91.210495, 23.514381], [91.208786, 23.51618], [91.206879, 23.517771], [91.205177, 23.520561], [91.205109, 23.52079], [91.204193, 23.524229], [91.204247, 23.524315], [91.206512, 23.527962], [91.206726, 23.52832], [91.208618, 23.53336], [91.208672, 23.533512], [91.208733, 23.533598], [91.209557, 23.53484], [91.211395, 23.537008], [91.211418, 23.537123], [91.211617, 23.538094], [91.211914, 23.541321], [91.21283, 23.542049], [91.212898, 23.542105], [91.214821, 23.543669], [91.214882, 23.543716], [91.218033, 23.548368], [91.21759, 23.5492], [91.216736, 23.549313], [91.215469, 23.54952], [91.214294, 23.548891], [91.214149, 23.5488], [91.213318, 23.548279], [91.212845, 23.548113], [91.212303, 23.547821], [91.210899, 23.546894], [91.20929, 23.546892], [91.20919, 23.5469], [91.208313, 23.547119], [91.206482, 23.548161], [91.205727, 23.54859], [91.204712, 23.54814], [91.204117, 23.54788], [91.20401, 23.547857], [91.202278, 23.547449], [91.202194, 23.547468], [91.199524, 23.548096], [91.198486, 23.549072], [91.198708, 23.55187], [91.198792, 23.55411], [91.19886, 23.556095], [91.199097, 23.559082], [91.198563, 23.561871], [91.198914, 23.565674], [91.194809, 23.570883], [91.193626, 23.574739], [91.185913, 23.581116], [91.182312, 23.584717], [91.179688, 23.585876], [91.179504, 23.588074], [91.180725, 23.590698], [91.182129, 23.593689], [91.180275, 23.594427], [91.180199, 23.594456], [91.178101, 23.593872], [91.17749, 23.593689], [91.174683, 23.593689], [91.173096, 23.593689], [91.169128, 23.595276], [91.167297, 23.5979], [91.166687, 23.598877], [91.16584, 23.602314], [91.166641, 23.604549], [91.166634, 23.60467], [91.166321, 23.608276], [91.166061, 23.608877], [91.164673, 23.612122], [91.16449, 23.615295], [91.164421, 23.619362], [91.164421, 23.619484], [91.163185, 23.623011], [91.163147, 23.623116], [91.162964, 23.624809], [91.16272, 23.628296], [91.16333, 23.631714], [91.16468, 23.635502], [91.162727, 23.639231], [91.162766, 23.643494], [91.162766, 23.643566], [91.162941, 23.644121], [91.164436, 23.647739], [91.164436, 23.647888], [91.164528, 23.654659], [91.16436, 23.658791], [91.163826, 23.661673], [91.163803, 23.661785], [91.162178, 23.663761], [91.161072, 23.6651], [91.160362, 23.668081], [91.16127, 23.670603], [91.161316, 23.670715], [91.163307, 23.668257], [91.163383, 23.668173], [91.164917, 23.665283], [91.168121, 23.66404], [91.171638, 23.66235], [91.172211, 23.661797], [91.17231, 23.661688], [91.173927, 23.65988], [91.176086, 23.657286], [91.176163, 23.65719], [91.180946, 23.656351], [91.181526, 23.656252], [91.186096, 23.656128], [91.190674, 23.656128], [91.195229, 23.655289], [91.195313, 23.655273], [91.195496, 23.651917], [91.195496, 23.651123], [91.195313, 23.648682], [91.196259, 23.648254], [91.198914, 23.647095], [91.202087, 23.648315], [91.204178, 23.649351], [91.204323, 23.649422], [91.206543, 23.651026], [91.206909, 23.651293], [91.207092, 23.651489], [91.208374, 23.654007], [91.208443, 23.654144], [91.209862, 23.656612], [91.207703, 23.658081], [91.206116, 23.660278], [91.206055, 23.66539], [91.206055, 23.665543], [91.206757, 23.668188], [91.207092, 23.669495], [91.207916, 23.671795], [91.207939, 23.671869], [91.208298, 23.675783], [91.208313, 23.675903], [91.20816, 23.679781], [91.20816, 23.679867], [91.208496, 23.682678], [91.209007, 23.684439], [91.209038, 23.684532], [91.210045, 23.687553], [91.206757, 23.688042], [91.205078, 23.690125], [91.20108, 23.692457], [91.201012, 23.692499], [91.197327, 23.692322], [91.19725, 23.692293], [91.193504, 23.690865], [91.18811, 23.691818], [91.187683, 23.691895], [91.185127, 23.691477], [91.184975, 23.691498], [91.180733, 23.691971], [91.176697, 23.692078], [91.172302, 23.691528], [91.16748, 23.691711], [91.16333, 23.691284], [91.158272, 23.691248], [91.156189, 23.694452], [91.156151, 23.694515], [91.156677, 23.699093], [91.155884, 23.703674], [91.15448, 23.7099], [91.154518, 23.710478], [91.154907, 23.716492], [91.155876, 23.723438], [91.155884, 23.723511], [91.15818, 23.729153], [91.159744, 23.734592], [91.159767, 23.734674], [91.160454, 23.739426], [91.160469, 23.739523], [91.161682, 23.742676], [91.16394, 23.746241], [91.167114, 23.748474], [91.168457, 23.749468], [91.168518, 23.749512], [91.172394, 23.752014], [91.172478, 23.752007], [91.178101, 23.751709], [91.183105, 23.751282], [91.187683, 23.751282], [91.18927, 23.751709], [91.19487, 23.75316], [91.195496, 23.753296], [91.199364, 23.753141], [91.200073, 23.753113], [91.205467, 23.75223], [91.210388, 23.751621], [91.21093, 23.751606], [91.214294, 23.750122], [91.214966, 23.748671], [91.215836, 23.746994], [91.215874, 23.746885], [91.217087, 23.743681], [91.219963, 23.74119], [91.222496, 23.739996], [91.223083, 23.739685], [91.233887, 23.71051], [91.247498, 23.716919], [91.276489, 23.694885], [91.297913, 23.718323], [91.307129, 23.7005], [91.317078, 23.705505], [91.321289, 23.719116], [91.332703, 23.741089], [91.34613, 23.739685], [91.357483, 23.728271], [91.3703, 23.723328], [91.38031, 23.729675], [91.388123, 23.750916], [91.399475, 23.747498], [91.416504, 23.7453], [91.427673, 23.748108], [91.43988, 23.736084], [91.47113, 23.726074], [91.494507, 23.730286], [91.522095, 23.743896], [91.536316, 23.753723], [91.549072, 23.751709], [91.560486, 23.764526], [91.568207, 23.776953], [91.568298, 23.7771], [91.570084, 23.756893], [91.570107, 23.756802]]]}, "properties": {"name": "Sipahijala", "state": "Tripura"}}, {"type": "Feature", "geometry": {"type": "Polygon", "coordinates": [[[91.577057, 23.419783], [91.579933, 23.413551], [91.579956, 23.407328], [91.580078, 23.407291], [91.584244, 23.406139], [91.588501, 23.402283], [91.592873, 23.399925], [91.599876, 23.407282], [91.609871, 23.409748], [91.615479, 23.419678], [91.624084, 23.425903], [91.626869, 23.423492], [91.626961, 23.42341], [91.629776, 23.418402], [91.63269, 23.409729], [91.628418, 23.405861], [91.631256, 23.398491], [91.631287, 23.386108], [91.639893, 23.387329], [91.641273, 23.384872], [91.641312, 23.384798], [91.644287, 23.367493], [91.649872, 23.362452], [91.649933, 23.362398], [91.652885, 23.35251], [91.664131, 23.36109], [91.675476, 23.363525], [91.676933, 23.364792], [91.685478, 23.366011], [91.685486, 23.366089], [91.691147, 23.368473], [91.694038, 23.365973], [91.691254, 23.359663], [91.692642, 23.357336], [91.694778, 23.360117], [91.695442, 23.361012], [91.698326, 23.360994], [91.699699, 23.354918], [91.69973, 23.354773], [91.696938, 23.349892], [91.702698, 23.339905], [91.715515, 23.32489], [91.722733, 23.318686], [91.725525, 23.319885], [91.731102, 23.318619], [91.732536, 23.312513], [91.727463, 23.302517], [91.725525, 23.298706], [91.726929, 23.290031], [91.727112, 23.276489], [91.734131, 23.271484], [91.741272, 23.255127], [91.741348, 23.229084], [91.751236, 23.217855], [91.751282, 23.209106], [91.754173, 23.19792], [91.756142, 23.193651], [91.757042, 23.19169], [91.754265, 23.189272], [91.747078, 23.191719], [91.728699, 23.194275], [91.72863, 23.194227], [91.721519, 23.189331], [91.711563, 23.185631], [91.694206, 23.175169], [91.693115, 23.1745], [91.685997, 23.17701], [91.674637, 23.174551], [91.66861, 23.170794], [91.664673, 23.168312], [91.661873, 23.168335], [91.653343, 23.1684], [91.646065, 23.166035], [91.642067, 23.164736], [91.64196, 23.164736], [91.63208, 23.164721], [91.615112, 23.1623], [91.614967, 23.162287], [91.589439, 23.159817], [91.586533, 23.156183], [91.590851, 23.149908], [91.588097, 23.146282], [91.588005, 23.146221], [91.58094, 23.14123], [91.580948, 23.133772], [91.576805, 23.13134], [91.576721, 23.131287], [91.573883, 23.126329], [91.579597, 23.121372], [91.579666, 23.12125], [91.582466, 23.116364], [91.579666, 23.11264], [91.579643, 23.107727], [91.585327, 23.102722], [91.585327, 23.095276], [91.591103, 23.076557], [91.59108, 23.076488], [91.589745, 23.071711], [91.589661, 23.071632], [91.58551, 23.067871], [91.57975, 23.070389], [91.571289, 23.064087], [91.567116, 23.05929], [91.557129, 23.058105], [91.544296, 23.060501], [91.543159, 23.059834], [91.540131, 23.058058], [91.540047, 23.058014], [91.538696, 23.057171], [91.530113, 23.05348], [91.529999, 23.053432], [91.52858, 23.05364], [91.529518, 23.055521], [91.530937, 23.057261], [91.532791, 23.05805], [91.532921, 23.058105], [91.533386, 23.05827], [91.533836, 23.0585], [91.536293, 23.05974], [91.537453, 23.059471], [91.539291, 23.062059], [91.538536, 23.063219], [91.537888, 23.065289], [91.536362, 23.068623], [91.535828, 23.069191], [91.534531, 23.070553], [91.533791, 23.074541], [91.533722, 23.074902], [91.533516, 23.07523], [91.533043, 23.07645], [91.531258, 23.07933], [91.53109, 23.081211], [91.532623, 23.08375], [91.534111, 23.084261], [91.535278, 23.087048], [91.533829, 23.089251], [91.533752, 23.089531], [91.533806, 23.089661], [91.533707, 23.089701], [91.533188, 23.091537], [91.530838, 23.091398], [91.528549, 23.09182], [91.52636, 23.092253], [91.525162, 23.093409], [91.524841, 23.095139], [91.525841, 23.096701], [91.52607, 23.097071], [91.526489, 23.10041], [91.524582, 23.10074], [91.52243, 23.10112], [91.521332, 23.102371], [91.51902, 23.102543], [91.517563, 23.103163], [91.516129, 23.10483], [91.515938, 23.105051], [91.515503, 23.10556], [91.516029, 23.107792], [91.517128, 23.11043], [91.517281, 23.1106], [91.519127, 23.112659], [91.522209, 23.112381], [91.523521, 23.11425], [91.522148, 23.11685], [91.521088, 23.11808], [91.520767, 23.119728], [91.514862, 23.124922], [91.513733, 23.12537], [91.511749, 23.12545], [91.510117, 23.12624], [91.509712, 23.12648], [91.508911, 23.127211], [91.509537, 23.129711], [91.511803, 23.13201], [91.514252, 23.133209], [91.516823, 23.135441], [91.521721, 23.139103], [91.520416, 23.13921], [91.515686, 23.13656], [91.5121, 23.13731], [91.509041, 23.13796], [91.506332, 23.14122], [91.503967, 23.14159], [91.502632, 23.14327], [91.502769, 23.14513], [91.504997, 23.146801], [91.50563, 23.14753], [91.506157, 23.148121], [91.508453, 23.14933], [91.510292, 23.150591], [91.506721, 23.149891], [91.50531, 23.149988], [91.501839, 23.150269], [91.501457, 23.150822], [91.499603, 23.150511], [91.498299, 23.15081], [91.497498, 23.15309], [91.497429, 23.153311], [91.497597, 23.15591], [91.498283, 23.158941], [91.500977, 23.16102], [91.503098, 23.16481], [91.503792, 23.165791], [91.501343, 23.16931], [91.499947, 23.169283], [91.498299, 23.169741], [91.498329, 23.169983], [91.49839, 23.170471], [91.498039, 23.17218], [91.49826, 23.173311], [91.498581, 23.17395], [91.499138, 23.17503], [91.500488, 23.176331], [91.50264, 23.17761], [91.505409, 23.17881], [91.507393, 23.179012], [91.508553, 23.17951], [91.510933, 23.182039], [91.509712, 23.18277], [91.508179, 23.18306], [91.506897, 23.1835], [91.50631, 23.1842], [91.50634, 23.18569], [91.506363, 23.186623], [91.500748, 23.186911], [91.495621, 23.187311], [91.49192, 23.187653], [91.490547, 23.187], [91.488708, 23.187241], [91.487122, 23.187601], [91.483856, 23.188051], [91.481499, 23.185871], [91.478912, 23.18631], [91.474777, 23.188398], [91.474243, 23.188837], [91.476898, 23.193935], [91.477043, 23.194269], [91.477417, 23.194799], [91.478676, 23.19549], [91.479416, 23.195452], [91.480469, 23.195421], [91.482201, 23.195518], [91.484177, 23.19556], [91.485977, 23.19578], [91.488892, 23.198961], [91.489182, 23.200008], [91.489517, 23.202209], [91.487923, 23.205101], [91.488152, 23.20639], [91.487793, 23.20821], [91.486839, 23.209101], [91.485977, 23.21224], [91.485802, 23.2124], [91.485031, 23.213131], [91.483963, 23.21413], [91.483009, 23.214951], [91.482437, 23.216221], [91.478577, 23.215981], [91.473717, 23.214312], [91.467148, 23.212452], [91.465599, 23.212393], [91.464287, 23.21221], [91.463806, 23.212858], [91.462158, 23.21306], [91.461777, 23.21406], [91.459892, 23.214691], [91.45932, 23.215019], [91.458618, 23.215422], [91.457893, 23.217081], [91.458572, 23.21876], [91.45932, 23.219301], [91.459976, 23.219782], [91.461868, 23.220671], [91.463387, 23.221691], [91.464577, 23.22193], [91.465767, 23.222561], [91.467522, 23.222952], [91.471001, 23.22344], [91.474503, 23.22431], [91.4748, 23.22562], [91.474411, 23.22677], [91.47348, 23.2281], [91.470612, 23.232491], [91.470459, 23.232681], [91.468018, 23.23498], [91.466736, 23.23848], [91.46434, 23.24021], [91.462059, 23.24188], [91.460602, 23.24239], [91.45826, 23.24259], [91.456703, 23.242008], [91.45575, 23.241659], [91.45372, 23.24197], [91.451683, 23.24346], [91.451942, 23.245371], [91.452019, 23.246601], [91.452133, 23.248421], [91.454163, 23.248741], [91.454689, 23.248831], [91.456993, 23.250841], [91.458977, 23.25263], [91.459267, 23.253269], [91.459717, 23.254711], [91.457787, 23.255899], [91.455971, 23.25613], [91.452049, 23.256651], [91.443443, 23.258101], [91.436607, 23.258421], [91.43261, 23.258385], [91.429176, 23.258354], [91.428612, 23.258348], [91.426338, 23.258329], [91.425049, 23.25701], [91.423683, 23.25502], [91.421776, 23.25724], [91.422012, 23.259729], [91.422028, 23.26306], [91.422272, 23.264879], [91.422379, 23.265768], [91.423164, 23.270781], [91.423218, 23.271111], [91.424477, 23.27322], [91.423691, 23.275841], [91.419006, 23.280222], [91.418633, 23.276741], [91.417709, 23.26857], [91.418106, 23.254299], [91.414993, 23.25499], [91.414619, 23.254341], [91.412216, 23.254379], [91.410118, 23.25598], [91.409271, 23.25799], [91.409088, 23.25947], [91.407791, 23.26088], [91.407707, 23.253981], [91.407707, 23.253563], [91.408493, 23.252769], [91.409088, 23.252172], [91.411049, 23.25021], [91.413162, 23.24881], [91.415672, 23.244883], [91.414856, 23.244589], [91.407257, 23.24283], [91.403038, 23.237711], [91.40612, 23.231821], [91.406471, 23.231159], [91.404007, 23.22616], [91.395821, 23.22344], [91.396973, 23.21862], [91.397011, 23.213478], [91.392921, 23.208639], [91.393036, 23.20483], [91.393837, 23.20414], [91.393883, 23.20335], [91.393318, 23.201731], [91.393173, 23.20088], [91.393387, 23.193411], [91.390488, 23.18819], [91.38884, 23.179461], [91.390297, 23.1761], [91.390358, 23.17511], [91.392937, 23.16765], [91.390846, 23.157619], [91.390892, 23.15729], [91.391472, 23.15258], [91.393196, 23.150579], [91.394356, 23.149981], [91.395836, 23.14752], [91.397751, 23.141558], [91.398132, 23.140869], [91.401192, 23.135191], [91.403107, 23.129143], [91.403259, 23.125221], [91.403496, 23.119041], [91.403809, 23.117981], [91.405037, 23.1159], [91.405411, 23.11529], [91.40667, 23.114019], [91.407486, 23.11318], [91.408897, 23.110071], [91.409996, 23.10681], [91.409027, 23.10446], [91.409302, 23.103863], [91.408058, 23.095119], [91.408012, 23.09473], [91.408211, 23.09469], [91.409439, 23.0945], [91.412407, 23.094778], [91.412979, 23.093571], [91.412163, 23.091669], [91.412849, 23.09116], [91.412506, 23.086571], [91.412262, 23.08337], [91.41291, 23.082769], [91.414871, 23.08094], [91.417389, 23.080301], [91.418472, 23.080023], [91.419609, 23.080261], [91.421646, 23.08069], [91.422516, 23.079241], [91.421257, 23.07736], [91.421936, 23.07634], [91.420647, 23.07424], [91.420021, 23.073221], [91.417999, 23.069139], [91.418053, 23.067711], [91.418083, 23.06661], [91.418152, 23.064051], [91.419022, 23.06325], [91.419891, 23.061411], [91.421997, 23.05925], [91.417656, 23.055611], [91.411163, 23.053699], [91.402283, 23.0518], [91.395943, 23.055408], [91.388176, 23.058319], [91.377678, 23.064051], [91.376083, 23.068729], [91.373627, 23.071211], [91.371498, 23.074129], [91.37001, 23.07617], [91.3666, 23.081869], [91.366226, 23.082439], [91.366119, 23.082642], [91.363457, 23.0867], [91.359726, 23.090582], [91.356712, 23.09462], [91.356285, 23.095186], [91.353622, 23.100161], [91.353172, 23.101351], [91.353127, 23.10607], [91.35318, 23.110983], [91.352661, 23.11385], [91.350433, 23.116138], [91.347458, 23.116741], [91.347198, 23.120008], [91.348137, 23.123631], [91.347481, 23.12748], [91.345146, 23.128691], [91.343239, 23.131321], [91.341797, 23.136209], [91.341537, 23.14119], [91.340103, 23.1446], [91.339783, 23.14769], [91.33934, 23.151011], [91.33728, 23.1544], [91.334572, 23.15567], [91.330338, 23.157673], [91.330391, 23.160839], [91.330429, 23.163658], [91.331123, 23.16884], [91.330849, 23.17165], [91.330147, 23.18331], [91.329773, 23.19001], [91.329987, 23.19451], [91.329529, 23.197151], [91.329842, 23.210911], [91.330887, 23.21579], [91.330521, 23.219278], [91.329559, 23.223709], [91.328796, 23.228748], [91.32872, 23.23498], [91.325546, 23.240671], [91.325737, 23.245911], [91.330292, 23.24704], [91.331467, 23.250431], [91.332306, 23.25275], [91.32843, 23.25308], [91.327377, 23.25318], [91.32534, 23.25375], [91.323753, 23.256201], [91.3237, 23.256561], [91.323387, 23.25872], [91.321442, 23.26334], [91.318581, 23.269018], [91.316757, 23.273901], [91.316879, 23.273954], [91.321526, 23.275881], [91.32724, 23.274681], [91.332916, 23.274727], [91.338654, 23.27594], [91.348511, 23.280884], [91.355637, 23.287045], [91.355713, 23.287109], [91.355728, 23.289646], [91.365517, 23.29579], [91.371201, 23.298248], [91.371239, 23.301979], [91.371239, 23.302139], [91.378235, 23.318132], [91.378304, 23.318291], [91.381065, 23.32185], [91.386719, 23.32312], [91.386719, 23.326904], [91.38813, 23.330557], [91.388168, 23.330656], [91.39093, 23.334299], [91.389488, 23.340521], [91.38942, 23.351721], [91.391411, 23.352875], [91.393677, 23.354309], [91.397888, 23.354309], [91.406433, 23.360449], [91.406494, 23.362915], [91.410706, 23.362915], [91.413551, 23.365356], [91.413696, 23.365479], [91.415077, 23.369137], [91.417221, 23.37007], [91.420624, 23.37166], [91.419167, 23.37779], [91.419365, 23.377689], [91.436279, 23.36908], [91.442108, 23.367887], [91.446289, 23.371521], [91.449341, 23.373325], [91.459106, 23.379089], [91.464691, 23.392633], [91.47039, 23.3927], [91.47052, 23.3927], [91.47168, 23.400085], [91.468887, 23.405081], [91.468872, 23.407471], [91.472778, 23.406689], [91.474586, 23.406328], [91.47467, 23.406328], [91.481689, 23.406311], [91.487366, 23.408819], [91.487488, 23.408819], [91.497498, 23.408875], [91.51033, 23.410078], [91.515854, 23.413651], [91.51593, 23.413696], [91.515938, 23.417465], [91.518677, 23.418701], [91.524361, 23.416128], [91.524475, 23.416128], [91.530083, 23.416151], [91.547165, 23.421041], [91.547287, 23.421108], [91.554245, 23.424824], [91.554359, 23.424885], [91.558418, 23.42844], [91.55986, 23.429703], [91.559929, 23.42976], [91.561035, 23.428316], [91.562927, 23.426086], [91.565765, 23.425369], [91.568497, 23.42477], [91.571762, 23.422869], [91.577057, 23.419783]]]}, "properties": {"name": "South Tripura", "state": "Tripura"}}, {"type": "Feature", "geometry": {"type": "Polygon", "coordinates": [[[92.003906, 24.388916], [92.006714, 24.386902], [92.006714, 24.38677], [92.006683, 24.383118], [92.006683, 24.383032], [92.010132, 24.381981], [92.012917, 24.383652], [92.016983, 24.384529], [92.017868, 24.38472], [92.021667, 24.38302], [92.025017, 24.38002], [92.02832, 24.379517], [92.031998, 24.380466], [92.032082, 24.380432], [92.03434, 24.379471], [92.034485, 24.379496], [92.035088, 24.379593], [92.036659, 24.379829], [92.037323, 24.37993], [92.040947, 24.378529], [92.041061, 24.378452], [92.041122, 24.378412], [92.044579, 24.375959], [92.048561, 24.376863], [92.048698, 24.376848], [92.056274, 24.376099], [92.060555, 24.37587], [92.06427, 24.375671], [92.071899, 24.375305], [92.075203, 24.375895], [92.075317, 24.375916], [92.076172, 24.376076], [92.076294, 24.37607], [92.080399, 24.375896], [92.080513, 24.375891], [92.082733, 24.37664], [92.08252, 24.375305], [92.081116, 24.368713], [92.079712, 24.36731], [92.078491, 24.363892], [92.074707, 24.322876], [92.076721, 24.31427], [92.081909, 24.304871], [92.083679, 24.302673], [92.08429, 24.297913], [92.094116, 24.272522], [92.101318, 24.259277], [92.116882, 24.261719], [92.125305, 24.260498], [92.125305, 24.244873], [92.139709, 24.236511], [92.154114, 24.231689], [92.172119, 24.224487], [92.178101, 24.206482], [92.190125, 24.195679], [92.206909, 24.195679], [92.211731, 24.179077], [92.218872, 24.165894], [92.202087, 24.160889], [92.191284, 24.145508], [92.1745, 24.138306], [92.162476, 24.133484], [92.166077, 24.11792], [92.178101, 24.108276], [92.17688, 24.095093], [92.179321, 24.081909], [92.162476, 24.071106], [92.156494, 24.061523], [92.152893, 24.045898], [92.145691, 24.035095], [92.130127, 24.041077], [92.124084, 24.031494], [92.121704, 24.01709], [92.133728, 24.003906], [92.128906, 23.991882], [92.119324, 23.991882], [92.091919, 23.983276], [92.080688, 23.985901], [92.074524, 23.992126], [92.065308, 23.993286], [92.056091, 23.990906], [92.052673, 23.996704], [92.052673, 24.005127], [92.047302, 24.013672], [92.048279, 24.025085], [92.056885, 24.027527], [92.064514, 24.030884], [92.068481, 24.043701], [92.065308, 24.05011], [92.060303, 24.058716], [92.059326, 24.069885], [92.060486, 24.08429], [92.059692, 24.103699], [92.043518, 24.100098], [92.018921, 24.094482], [92.00708, 24.093323], [92.001709, 24.087891], [91.991699, 24.08252], [91.985107, 24.077881], [91.979126, 24.073303], [91.97052, 24.07251], [91.967896, 24.073914], [91.965088, 24.077087], [91.956909, 24.085876], [91.950684, 24.090088], [91.943909, 24.093079], [91.938477, 24.094727], [91.931702, 24.096924], [91.923523, 24.102722], [91.912292, 24.111328], [91.914307, 24.115112], [91.913513, 24.119324], [91.9021, 24.136719], [91.902283, 24.13789], [91.902527, 24.137854], [91.902588, 24.137896], [91.906013, 24.140226], [91.906136, 24.140306], [91.909912, 24.142273], [91.911232, 24.145391], [91.911278, 24.145508], [91.911316, 24.147522], [91.911163, 24.147837], [91.909958, 24.150301], [91.911674, 24.153225], [91.91172, 24.153297], [91.912636, 24.154995], [91.912689, 24.155088], [91.912498, 24.158121], [91.914276, 24.16012], [91.914673, 24.163696], [91.914917, 24.16748], [91.913086, 24.169678], [91.911926, 24.171692], [91.922096, 24.203783], [91.922134, 24.203913], [91.922752, 24.205971], [91.927917, 24.222717], [91.932312, 24.239502], [91.934937, 24.247353], [91.937141, 24.253698], [91.941803, 24.267595], [91.941833, 24.267685], [91.941101, 24.270691], [91.934502, 24.29117], [91.934456, 24.291306], [91.929207, 24.3078], [91.924934, 24.320831], [91.924904, 24.320915], [91.920433, 24.335751], [91.926086, 24.33728], [91.926697, 24.337708], [91.930595, 24.340185], [91.930725, 24.340269], [91.936096, 24.342102], [91.940308, 24.343506], [91.941566, 24.345388], [91.941673, 24.345547], [91.941818, 24.345758], [91.942101, 24.346161], [91.943726, 24.348511], [91.948334, 24.350489], [91.952591, 24.353651], [91.952682, 24.35372], [91.957092, 24.356323], [91.957703, 24.356079], [91.964584, 24.351341], [91.966125, 24.350281], [91.971077, 24.348751], [91.971664, 24.348072], [91.971733, 24.347996], [91.974045, 24.345366], [91.974083, 24.345263], [91.975281, 24.341492], [91.970886, 24.339111], [91.970833, 24.339001], [91.973091, 24.334435], [91.974464, 24.331533], [91.979103, 24.331793], [91.98291, 24.331116], [91.986076, 24.32605], [91.991211, 24.32338], [91.995468, 24.321299], [91.997673, 24.32353], [91.996277, 24.327881], [91.996124, 24.329411], [91.996109, 24.329531], [91.995918, 24.332045], [91.999512, 24.334473], [91.998291, 24.339294], [91.99292, 24.343506], [91.989075, 24.346497], [91.988998, 24.346611], [91.986328, 24.350708], [91.983704, 24.354675], [91.980064, 24.358118], [91.981529, 24.36021], [91.98494, 24.360771], [91.98484, 24.360886], [91.981796, 24.364389], [91.97937, 24.367069], [91.978088, 24.370728], [91.97773, 24.370773], [91.973694, 24.371277], [91.971924, 24.374512], [91.969627, 24.378771], [91.966583, 24.379229], [91.964668, 24.381943], [91.965744, 24.383121], [91.966896, 24.38438], [91.970192, 24.386324], [91.970398, 24.386436], [91.970505, 24.386497], [91.974121, 24.388672], [91.977112, 24.386292], [91.978271, 24.385315], [91.978279, 24.385202], [91.978439, 24.380541], [91.981689, 24.379272], [91.98407, 24.376591], [91.986359, 24.376137], [91.985336, 24.381708], [91.985901, 24.384277], [91.985916, 24.384354], [91.986099, 24.385462], [91.987038, 24.386343], [91.989929, 24.388916], [91.993896, 24.387512], [91.997704, 24.390358], [91.998718, 24.391113], [91.999962, 24.391977], [92.000046, 24.392035], [92.000122, 24.39209], [92.000916, 24.390686], [92.003906, 24.388916]]]}, "properties": {"name": "Unokoti", "state": "Tripura"}}, {"type": "Feature", "geometry": {"type": "Polygon", "coordinates": [[[91.422188, 24.1092], [91.425316, 24.107943], [91.428452, 24.108002], [91.430496, 24.107586], [91.43084, 24.10424], [91.431877, 24.10211], [91.431946, 24.102087], [91.434761, 24.101114], [91.436417, 24.101862], [91.436531, 24.101921], [91.438736, 24.103149], [91.440536, 24.103092], [91.440674, 24.103088], [91.442078, 24.100891], [91.444122, 24.097969], [91.445496, 24.098328], [91.447823, 24.10006], [91.450188, 24.100847], [91.452896, 24.099779], [91.4552, 24.09803], [91.455322, 24.09803], [91.457947, 24.098049], [91.461258, 24.098101], [91.463806, 24.09761], [91.463943, 24.0977], [91.4646, 24.098141], [91.465393, 24.098612], [91.465508, 24.098703], [91.467285, 24.099487], [91.473373, 24.100084], [91.473511, 24.100086], [91.475197, 24.100098], [91.47551, 24.100111], [91.478073, 24.098309], [91.478142, 24.098261], [91.479225, 24.09753], [91.479309, 24.097475], [91.479767, 24.097179], [91.479897, 24.097103], [91.478699, 24.086914], [91.477478, 24.073303], [91.478043, 24.06719], [91.478096, 24.066711], [91.478111, 24.06658], [91.492653, 24.051678], [91.492752, 24.051579], [91.496033, 24.046249], [91.496887, 24.039917], [91.496887, 24.037737], [91.496887, 24.034302], [91.493713, 24.023315], [91.495483, 24.00708], [91.490906, 24.000675], [91.497696, 23.99386], [91.503113, 23.988708], [91.505493, 23.9823], [91.508118, 23.979675], [91.507462, 23.970474], [91.509956, 23.967899], [91.513695, 23.9615], [91.513725, 23.961403], [91.516266, 23.953754], [91.516281, 23.953672], [91.517517, 23.94751], [91.524475, 23.934875], [91.524307, 23.930195], [91.524292, 23.929871], [91.527283, 23.926086], [91.528687, 23.922302], [91.527283, 23.918701], [91.53009, 23.91748], [91.53009, 23.914917], [91.530006, 23.914867], [91.525902, 23.912441], [91.528687, 23.904907], [91.532898, 23.904907], [91.535355, 23.90559], [91.537201, 23.906101], [91.537292, 23.906128], [91.544388, 23.901197], [91.550034, 23.904858], [91.55011, 23.904858], [91.552917, 23.904907], [91.555908, 23.893677], [91.554001, 23.883625], [91.553139, 23.878901], [91.556091, 23.873901], [91.563293, 23.865112], [91.561897, 23.852711], [91.563477, 23.851501], [91.559326, 23.834106], [91.561813, 23.82741], [91.562088, 23.826727], [91.562065, 23.826654], [91.56073, 23.821716], [91.56218, 23.81918], [91.56221, 23.815451], [91.559448, 23.809355], [91.562317, 23.806885], [91.568115, 23.79187], [91.568298, 23.7771], [91.568207, 23.776953], [91.560486, 23.764526], [91.549072, 23.751709], [91.536316, 23.753723], [91.522095, 23.743896], [91.494507, 23.730286], [91.47113, 23.726074], [91.43988, 23.736084], [91.427673, 23.748108], [91.416504, 23.7453], [91.399475, 23.747498], [91.388123, 23.750916], [91.38031, 23.729675], [91.3703, 23.723328], [91.357483, 23.728271], [91.34613, 23.739685], [91.332703, 23.741089], [91.321289, 23.719116], [91.317078, 23.705505], [91.307129, 23.7005], [91.297913, 23.718323], [91.276489, 23.694885], [91.247498, 23.716919], [91.233887, 23.71051], [91.223083, 23.739685], [91.22467, 23.740112], [91.225937, 23.743429], [91.226303, 23.744822], [91.226845, 23.745243], [91.227646, 23.74959], [91.227669, 23.749727], [91.229424, 23.752567], [91.229439, 23.752691], [91.229843, 23.755941], [91.230347, 23.75964], [91.232483, 23.763672], [91.234131, 23.769358], [91.234291, 23.773531], [91.234299, 23.773682], [91.234383, 23.777348], [91.234238, 23.782331], [91.233986, 23.785761], [91.231979, 23.789301], [91.231079, 23.791687], [91.232101, 23.797003], [91.232124, 23.797113], [91.235107, 23.802124], [91.235657, 23.803579], [91.237381, 23.808401], [91.237671, 23.811523], [91.238396, 23.812548], [91.240479, 23.815491], [91.243713, 23.819702], [91.245117, 23.822083], [91.246521, 23.825317], [91.248764, 23.828369], [91.248871, 23.828508], [91.251785, 23.833071], [91.251846, 23.83317], [91.252716, 23.834229], [91.254341, 23.836201], [91.257614, 23.839645], [91.256897, 23.844521], [91.255074, 23.849466], [91.255028, 23.849581], [91.252075, 23.852295], [91.247314, 23.858521], [91.2453, 23.862305], [91.245239, 23.862434], [91.24353, 23.866089], [91.24231, 23.8703], [91.240479, 23.873718], [91.239517, 23.876659], [91.237686, 23.87991], [91.236084, 23.88092], [91.23558, 23.881256], [91.232506, 23.883301], [91.232468, 23.8857], [91.232468, 23.885927], [91.232483, 23.886051], [91.23233, 23.888403], [91.232086, 23.893553], [91.232079, 23.893679], [91.232231, 23.89572], [91.2323, 23.899475], [91.234131, 23.901489], [91.235626, 23.902061], [91.235718, 23.902098], [91.235786, 23.902126], [91.238281, 23.903076], [91.241196, 23.90406], [91.241287, 23.904091], [91.244347, 23.906], [91.248901, 23.908875], [91.249016, 23.91016], [91.249031, 23.910286], [91.249443, 23.913303], [91.248123, 23.916521], [91.246902, 23.918894], [91.246864, 23.91897], [91.24604, 23.921612], [91.244301, 23.923889], [91.239677, 23.926073], [91.239594, 23.926113], [91.238892, 23.926331], [91.238808, 23.926363], [91.235718, 23.92749], [91.235313, 23.92868], [91.236511, 23.929688], [91.239204, 23.929523], [91.239502, 23.929504], [91.246849, 23.928379], [91.251839, 23.928988], [91.254433, 23.92754], [91.25708, 23.927307], [91.262329, 23.926514], [91.267273, 23.927124], [91.272057, 23.926981], [91.272476, 23.926973], [91.272614, 23.926916], [91.272705, 23.926899], [91.276268, 23.926241], [91.276329, 23.92631], [91.277985, 23.928183], [91.277588, 23.929741], [91.275864, 23.936008], [91.275841, 23.936081], [91.274063, 23.94035], [91.272278, 23.942078], [91.270149, 23.943262], [91.270081, 23.943302], [91.266891, 23.944675], [91.266129, 23.94865], [91.266113, 23.948729], [91.267776, 23.953032], [91.267967, 23.953255], [91.268311, 23.953918], [91.268837, 23.955578], [91.268875, 23.955706], [91.269424, 23.957111], [91.269966, 23.958378], [91.27002, 23.958523], [91.270569, 23.959822], [91.271851, 23.963608], [91.271881, 23.963697], [91.273315, 23.966675], [91.275932, 23.970055], [91.278687, 23.973877], [91.279877, 23.976809], [91.279922, 23.976921], [91.281578, 23.980179], [91.281647, 23.980307], [91.283676, 23.983103], [91.285576, 23.983093], [91.285706, 23.983093], [91.285049, 23.980539], [91.285042, 23.980438], [91.285027, 23.9802], [91.284843, 23.978523], [91.284828, 23.97838], [91.284485, 23.975708], [91.286263, 23.971031], [91.28949, 23.968079], [91.293091, 23.969482], [91.294228, 23.970221], [91.294304, 23.970282], [91.295944, 23.971571], [91.296097, 23.971619], [91.299683, 23.972717], [91.300674, 23.974998], [91.300667, 23.975094], [91.300453, 23.978691], [91.300758, 23.983274], [91.300766, 23.983347], [91.301018, 23.983742], [91.301926, 23.98502], [91.302917, 23.986328], [91.304077, 23.989502], [91.30481, 23.993809], [91.304825, 23.993917], [91.305573, 23.995501], [91.305733, 23.99633], [91.305908, 23.99707], [91.306274, 23.997925], [91.306465, 23.998552], [91.306519, 23.998718], [91.318909, 23.993713], [91.323395, 23.995449], [91.323471, 23.99543], [91.327087, 23.99469], [91.329483, 23.993856], [91.329895, 23.993713], [91.332123, 23.992731], [91.334747, 23.99184], [91.336235, 23.990025], [91.336304, 23.989929], [91.339058, 23.986162], [91.339127, 23.986137], [91.344353, 23.98439], [91.348137, 23.985111], [91.351303, 23.984598], [91.354919, 23.984529], [91.357727, 23.985291], [91.360077, 23.986298], [91.360252, 23.98637], [91.360596, 23.986473], [91.361732, 23.985867], [91.361908, 23.985765], [91.362419, 23.985481], [91.362762, 23.985291], [91.363808, 23.984699], [91.364128, 23.984516], [91.365807, 23.983568], [91.369751, 23.980791], [91.370483, 23.980286], [91.373108, 23.978516], [91.375488, 23.977478], [91.378235, 23.976957], [91.379028, 23.978691], [91.37793, 23.98468], [91.377075, 23.987671], [91.376892, 23.990112], [91.377266, 23.994917], [91.374329, 23.997314], [91.373901, 24.000973], [91.373886, 24.001099], [91.374329, 24.007891], [91.377075, 24.012085], [91.377129, 24.012165], [91.377815, 24.013153], [91.381104, 24.017883], [91.388298, 24.024797], [91.388367, 24.024866], [91.390877, 24.029026], [91.390907, 24.029121], [91.392433, 24.033861], [91.394249, 24.04064], [91.394272, 24.040716], [91.395546, 24.0457], [91.396484, 24.051331], [91.396156, 24.052322], [91.394836, 24.055941], [91.388306, 24.064514], [91.384705, 24.070496], [91.381104, 24.075317], [91.378479, 24.077881], [91.377075, 24.081299], [91.376312, 24.089083], [91.376381, 24.090206], [91.376602, 24.093891], [91.375671, 24.099304], [91.375305, 24.104492], [91.375488, 24.107483], [91.378021, 24.109501], [91.38356, 24.108959], [91.384499, 24.108887], [91.386292, 24.108887], [91.387695, 24.109314], [91.389412, 24.109886], [91.389526, 24.109884], [91.391617, 24.109859], [91.391708, 24.109856], [91.394897, 24.109314], [91.397888, 24.109131], [91.399826, 24.110834], [91.399902, 24.110836], [91.403496, 24.110889], [91.410316, 24.111111], [91.41803, 24.109812], [91.421928, 24.109238], [91.422188, 24.1092]]]}, "properties": {"name": "West Tripura", "state": "Tripura"}}]}